"SNo.","Procedure Name","Speciality Classification","Tier","Facility","Ward","Cghs Code No.","Rate (₹)"
"1","Consultation OPD","Consultation","TIER II","NABH","SEMI PRIVATE WARD","CN001","350.00"
"2","Consultation for Inpatients","Consultation","TIER II","NABH","SEMI PRIVATE WARD","CN002","350.00"
"3","Consultation OPD- Super speciality/Psychiatry","Consultation","TIER II","NABH","SEMI PRIVATE WARD","CN003","700.00"
"4","Urine Routine- pH, Specific Gravity, Sugar, Protein and Microscopy","Laboratory Investigation","TIER II","NABH","SEMI PRIVATE WARD","LB001","90.00"
"5","Urine Microalbumin","Laboratory Investigation","TIER II","NABH","SEMI PRIVATE WARD","LB002","219.00"
"6","Stool Routine and Microscopy","Laboratory Investigation","TIER II","NABH","SEMI PRIVATE WARD","LB003","72.00"
"7","Stool for Occult Blood","Laboratory Investigation","TIER II","NABH","SEMI PRIVATE WARD","LB004","90.00"
"8","Post Coital Smear Examination","Laboratory Investigation","TIER II","NABH","SEMI PRIVATE WARD","LB005","360.00"
"9","Semen Analysis (Automated/Manual)","Laboratory Investigation","TIER II","NABH","SEMI PRIVATE WARD","LB006","225.00"
"10","Haemoglobin (Hb)","Laboratory Investigation","TIER II","NABH","SEMI PRIVATE WARD","LB007","45.00"
"11","Total Leucocytic Count (TLC)","Laboratory Investigation","TIER II","NABH","SEMI PRIVATE WARD","LB008","45.00"
"12","Differential Leucocytic Count (DLC)","Laboratory Investigation","TIER II","NABH","SEMI PRIVATE WARD","LB009","90.00"
"13","Erythrocyte Sedimentation Rate (ESR)","Laboratory Investigation","TIER II","NABH","SEMI PRIVATE WARD","LB010","90.00"
"14","Total Red Cell count with MCV,MCH,MCHC,DRW","Laboratory Investigation","TIER II","NABH","SEMI PRIVATE WARD","LB011","45.00"
"15","Complete Haemogram/CBC, Hb,RBC Count and Indices,TLC, DLC, Platelet, ESR, Peripheral Smear Examination)","Laboratory Investigation","TIER II","NABH","SEMI PRIVATE WARD","LB012","270.00"
"16","Platelet Count","Laboratory Investigation","TIER II","NABH","SEMI PRIVATE WARD","LB013","90.00"
"17","Reticulocyte Count","Laboratory Investigation","TIER II","NABH","SEMI PRIVATE WARD","LB014","90.00"
"18","Absolute Eosinophil Count (AEC)","Laboratory Investigation","TIER II","NABH","SEMI PRIVATE WARD","LB015","90.00"
"19","Packed Cell Volume (PCV)","Laboratory Investigation","TIER II","NABH","SEMI PRIVATE WARD","LB016","45.00"
"20","Peripheral Smear Examination","Laboratory Investigation","TIER II","NABH","SEMI PRIVATE WARD","LB017","90.00"
"21","Smear for Malaria/Filaria Parasite","Laboratory Investigation","TIER II","NABH","SEMI PRIVATE WARD","LB018","90.00"
"22","Bleeding Time","Laboratory Investigation","TIER II","NABH","SEMI PRIVATE WARD","LB019","45.00"
"23","Clotting Time","Laboratory Investigation","TIER II","NABH","SEMI PRIVATE WARD","LB020","45.00"
"24","Osmotic Fragility Test","Laboratory Investigation","TIER II","NABH","SEMI PRIVATE WARD","LB021","270.00"
"25","Bone Marrow Smear Examination","Laboratory Investigation","TIER II","NABH","SEMI PRIVATE WARD","LB022","315.00"
"26","Bone Marrow Smear Examination with Iron Stain","Laboratory Investigation","TIER II","NABH","SEMI PRIVATE WARD","LB023","720.00"
"27","Bone Marrow Smear Examination and Cytochemistry","Laboratory Investigation","TIER II","NABH","SEMI PRIVATE WARD","LB024","10800.00"
"28","Activated Partial Thromboplastin Time (APTT)","Laboratory Investigation","TIER II","NABH","SEMI PRIVATE WARD","LB025","261.00"
"29","Rapid Test for Malaria (Card Test)/QBC Malaria Test","Laboratory Investigation","TIER II","NABH","SEMI PRIVATE WARD","LB026","90.00"
"30","Bleeding Disorder Panel- PT, APTT, Thrombin Time Fibrinogen, D-Dimer/ Fibrinogen Degradation Products (FDP)","Laboratory Investigation","TIER II","NABH","SEMI PRIVATE WARD","LB027","720.00"
"31","Factor Assays-Factor VIII","Laboratory Investigation","TIER II","NABH","SEMI PRIVATE WARD","LB028","1350.00"
"32","Factor Assays-Factor IX","Laboratory Investigation","TIER II","NABH","SEMI PRIVATE WARD","LB029","1350.00"
"33","Platelet Function Tests","Laboratory Investigation","TIER II","NABH","SEMI PRIVATE WARD","LB030","1139.00"
"34","Tests for Hypercoagulable States- Protein C, Protein S, Antithrombin","Laboratory Investigation","TIER II","NABH","SEMI PRIVATE WARD","LB031","3042.00"
"35","Tests for Lupus Anticoagulant","Laboratory Investigation","TIER II","NABH","SEMI PRIVATE WARD","LB032","1170.00"
"36","Tests for Antiphospholipid Antibody IgG, IgM (for Cardiolipin and B2 Glycoprotein 1)","Laboratory Investigation","TIER II","NABH","SEMI PRIVATE WARD","LB033","900.00"
"37","Thalassemia Studies (Red Cell Indices and Hb HPLC)","Laboratory Investigation","TIER II","NABH","SEMI PRIVATE WARD","LB034","900.00"
"38","Tests for Sickling / Hb HPLC)","Laboratory Investigation","TIER II","NABH","SEMI PRIVATE WARD","LB035","900.00"
"39","Blood Group & Rh Type","Laboratory Investigation","TIER II","NABH","SEMI PRIVATE WARD","LB036","81.00"
"40","Cross Match","Laboratory Investigation","TIER II","NABH","SEMI PRIVATE WARD","LB037","180.00"
"41","Coomb-s Test - Direct","Laboratory Investigation","TIER II","NABH","SEMI PRIVATE WARD","LB038","180.00"
"42","Coomb-s Test - Indirect","Laboratory Investigation","TIER II","NABH","SEMI PRIVATE WARD","LB039","225.00"
"43","3 Cell Panel- Antibody Screening for Pregnant Female","Laboratory Investigation","TIER II","NABH","SEMI PRIVATE WARD","LB040","945.00"
"44","11 Cells Panel for Antibody Identification","Laboratory Investigation","TIER II","NABH","SEMI PRIVATE WARD","LB041","2057.00"
"45","Hepatitis B Surface Antigen (HBsAg)","Laboratory Investigation","TIER II","NABH","SEMI PRIVATE WARD","LB042","270.00"
"46","Hepatitis C Virus (HCV)","Laboratory Investigation","TIER II","NABH","SEMI PRIVATE WARD","LB043","450.00"
"47","Human Immunodeficiency Virus- HIV I and II","Laboratory Investigation","TIER II","NABH","SEMI PRIVATE WARD","LB044","347.00"
"48","Venereal Disease Research Laboratory Test (VDRL)","Laboratory Investigation","TIER II","NABH","SEMI PRIVATE WARD","LB045","90.00"
"49","Rh Antibody Titre","Laboratory Investigation","TIER II","NABH","SEMI PRIVATE WARD","LB046","270.00"
"50","Platelet Concentrate Test","Laboratory Investigation","TIER II","NABH","SEMI PRIVATE WARD","LB047","900.00"
"51","Routine - H & E","Laboratory Investigation","TIER II","NABH","SEMI PRIVATE WARD","LB048","491.00"
"52","Special Stain","Laboratory Investigation","TIER II","NABH","SEMI PRIVATE WARD","LB049","180.00"
"53","Histopathology Examination (HPE) - Frozen Section","Laboratory Investigation","TIER II","NABH","SEMI PRIVATE WARD","LB050","1350.00"
"54","Histopathology Examination (HPE) - Paraffin Section","Laboratory Investigation","TIER II","NABH","SEMI PRIVATE WARD","LB051","450.00"
"55","Pap Smear","Laboratory Investigation","TIER II","NABH","SEMI PRIVATE WARD","LB052","360.00"
"56","Body Fluid for Malignant cells","Laboratory Investigation","TIER II","NABH","SEMI PRIVATE WARD","LB053","315.00"
"57","Paroxysmal Nocturnal Haemoglobinuria (PNH) Panel- CD55, CD59","Laboratory Investigation","TIER II","NABH","SEMI PRIVATE WARD","LB054","1350.00"
"58","Blood Glucose Random / Blood Glucose Fasting /Blood Glucose PP","Laboratory Investigation","TIER II","NABH","SEMI PRIVATE WARD","LB055","36.00"
"59","24 Hrs Urine for Proteins, Sodium, Creatinine","Laboratory Investigation","TIER II","NABH","SEMI PRIVATE WARD","LB056","270.00"
"60","Blood Urea Nitrogen (BUN) / Urea","Laboratory Investigation","TIER II","NABH","SEMI PRIVATE WARD","LB057","90.00"
"61","Serum Creatinine","Laboratory Investigation","TIER II","NABH","SEMI PRIVATE WARD","LB058","90.00"
"62","Urine Bile Pigment and Salt","Laboratory Investigation","TIER II","NABH","SEMI PRIVATE WARD","LB059","63.00"
"63","Urine Urobilinogen","Laboratory Investigation","TIER II","NABH","SEMI PRIVATE WARD","LB060","63.00"
"64","Urine Ketones","Laboratory Investigation","TIER II","NABH","SEMI PRIVATE WARD","LB061","63.00"
"65","Urine Occult Blood","Laboratory Investigation","TIER II","NABH","SEMI PRIVATE WARD","LB062","63.00"
"66","Urine Total Proteins","Laboratory Investigation","TIER II","NABH","SEMI PRIVATE WARD","LB063","63.00"
"67","Rheumatoid Factor / Rh Factor Test","Laboratory Investigation","TIER II","NABH","SEMI PRIVATE WARD","LB064","675.00"
"68","Bence Jones Protein","Laboratory Investigation","TIER II","NABH","SEMI PRIVATE WARD","LB065","90.00"
"69","Serum Uric Acid","Laboratory Investigation","TIER II","NABH","SEMI PRIVATE WARD","LB066","135.00"
"70","Serum Bilirubin total & direct","Laboratory Investigation","TIER II","NABH","SEMI PRIVATE WARD","LB067","135.00"
"71","Serum Iron","Laboratory Investigation","TIER II","NABH","SEMI PRIVATE WARD","LB068","225.00"
"72","C-Reactive Protein (CRP)","Laboratory Investigation","TIER II","NABH","SEMI PRIVATE WARD","LB069","225.00"
"73","C-Reactive Protein (CRP) Quantitative","Laboratory Investigation","TIER II","NABH","SEMI PRIVATE WARD","LB070","270.00"
"74","Body Fluid (CSF/Ascitic Fluid etc.) Sugar, Protein etc.","Laboratory Investigation","TIER II","NABH","SEMI PRIVATE WARD","LB071","270.00"
"75","Albumin","Laboratory Investigation","TIER II","NABH","SEMI PRIVATE WARD","LB072","45.00"
"76","Creatinine Clearance","Laboratory Investigation","TIER II","NABH","SEMI PRIVATE WARD","LB073","180.00"
"77","Serum Cholesterol","Laboratory Investigation","TIER II","NABH","SEMI PRIVATE WARD","LB074","135.00"
"78","Total Iron Binding Capacity (TIBC)","Laboratory Investigation","TIER II","NABH","SEMI PRIVATE WARD","LB075","270.00"
"79","Glucose (Fasting & PP)","Laboratory Investigation","TIER II","NABH","SEMI PRIVATE WARD","LB076","72.00"
"80","Serum Calcium -Total","Laboratory Investigation","TIER II","NABH","SEMI PRIVATE WARD","LB077","135.00"
"81","Serum Calcium - Ionic","Laboratory Investigation","TIER II","NABH","SEMI PRIVATE WARD","LB078","540.00"
"82","Serum Phosphorus","Laboratory Investigation","TIER II","NABH","SEMI PRIVATE WARD","LB079","135.00"
"83","Total Protein Albumin/Globulin Ratio (A/G Ratio)","Laboratory Investigation","TIER II","NABH","SEMI PRIVATE WARD","LB080","63.00"
"84","Immunoglobulin G (IgG)","Laboratory Investigation","TIER II","NABH","SEMI PRIVATE WARD","LB081","360.00"
"85","Immunoglobulin M(IgM)","Laboratory Investigation","TIER II","NABH","SEMI PRIVATE WARD","LB082","360.00"
"86","Immunoglobulin A(IgA)","Laboratory Investigation","TIER II","NABH","SEMI PRIVATE WARD","LB083","360.00"
"87","Antinuclear Antibody (ANA)","Laboratory Investigation","TIER II","NABH","SEMI PRIVATE WARD","LB084","590.00"
"88","Anti-double stranded DNA (anti-dsDNA)","Laboratory Investigation","TIER II","NABH","SEMI PRIVATE WARD","LB085","720.00"
"89","Serum Glutamic Pyruvic Transaminase (SGPT) / Alanine Aminotransferase (ALT)","Laboratory Investigation","TIER II","NABH","SEMI PRIVATE WARD","LB086","90.00"
"90","Serum Glutamic Oxaloacetic Transaminase (SGOT) /Aspartate Aminotransferase (AST)","Laboratory Investigation","TIER II","NABH","SEMI PRIVATE WARD","LB087","90.00"
"91","Serum Amylase","Laboratory Investigation","TIER II","NABH","SEMI PRIVATE WARD","LB088","270.00"
"92","Serum Lipase","Laboratory Investigation","TIER II","NABH","SEMI PRIVATE WARD","LB089","360.00"
"93","Serum Lactate","Laboratory Investigation","TIER II","NABH","SEMI PRIVATE WARD","LB090","450.00"
"94","Serum Magnesium","Laboratory Investigation","TIER II","NABH","SEMI PRIVATE WARD","LB091","270.00"
"95","Serum Sodium","Laboratory Investigation","TIER II","NABH","SEMI PRIVATE WARD","LB092","108.00"
"96","Serum Potassium","Laboratory Investigation","TIER II","NABH","SEMI PRIVATE WARD","LB093","108.00"
"97","Chloride","Laboratory Investigation","TIER II","NABH","SEMI PRIVATE WARD","LB094","135.00"
"98","Serum Bicarbonate","Laboratory Investigation","TIER II","NABH","SEMI PRIVATE WARD","LB095","180.00"
"99","Serum Ammonia","Laboratory Investigation","TIER II","NABH","SEMI PRIVATE WARD","LB096","603.00"
"100","Anaemia Profile (Hb, Serum Iron, TIBC, Ferritin, Transferrin Saturation,Stool Occult Blood, CBC, Reticulocyte Count)","Laboratory Investigation","TIER II","NABH","SEMI PRIVATE WARD","LB097","1188.00"
"101","Serum Testosterone","Laboratory Investigation","TIER II","NABH","SEMI PRIVATE WARD","LB098","360.00"
"102","Imprint Smear from Endoscopy","Laboratory Investigation","TIER II","NABH","SEMI PRIVATE WARD","LB099","900.00"
"103","Triglycerides","Laboratory Investigation","TIER II","NABH","SEMI PRIVATE WARD","LB100","135.00"
"104","Glucose Tolerance Test (GTT)","Laboratory Investigation","TIER II","NABH","SEMI PRIVATE WARD","LB101","270.00"
"105","Triple Marker Test (AFP,HCG,UE3)","Laboratory Investigation","TIER II","NABH","SEMI PRIVATE WARD","LB102","1350.00"
"106","Creatine Phosphokinase (CPK)/Creatine Kinase (CK)","Laboratory Investigation","TIER II","NABH","SEMI PRIVATE WARD","LB103","207.00"
"107","Foetal Haemoglobin (HbF)","Laboratory Investigation","TIER II","NABH","SEMI PRIVATE WARD","LB104","450.00"
"108","Prothrombin Time (PT)/ International normalized ratio (INR)","Laboratory Investigation","TIER II","NABH","SEMI PRIVATE WARD","LB105","225.00"
"109","Lactate dehydrogenase (LDH)","Laboratory Investigation","TIER II","NABH","SEMI PRIVATE WARD","LB106","198.00"
"110","Alkaline Phosphatase","Laboratory Investigation","TIER II","NABH","SEMI PRIVATE WARD","LB107","135.00"
"111","Acid Phosphatase","Laboratory Investigation","TIER II","NABH","SEMI PRIVATE WARD","LB108","135.00"
"112","CPK MB/CK MB","Laboratory Investigation","TIER II","NABH","SEMI PRIVATE WARD","LB109","324.00"
"113","CK MB Mass/CPK MB Mass","Laboratory Investigation","TIER II","NABH","SEMI PRIVATE WARD","LB110","324.00"
"114","Troponin I","Laboratory Investigation","TIER II","NABH","SEMI PRIVATE WARD","LB111","630.00"
"115","Troponin T","Laboratory Investigation","TIER II","NABH","SEMI PRIVATE WARD","LB112","630.00"
"116","Glucose-6-Phosphate Dehydrogenase (G6PD)","Laboratory Investigation","TIER II","NABH","SEMI PRIVATE WARD","LB113","270.00"
"117","Lithium","Laboratory Investigation","TIER II","NABH","SEMI PRIVATE WARD","LB114","315.00"
"118","Dilantin (Phenytoin)","Laboratory Investigation","TIER II","NABH","SEMI PRIVATE WARD","LB115","540.00"
"119","Carbamazepine.","Laboratory Investigation","TIER II","NABH","SEMI PRIVATE WARD","LB116","630.00"
"120","Cyclosporine","Laboratory Investigation","TIER II","NABH","SEMI PRIVATE WARD","LB117","2250.00"
"121","Valproic acid.","Laboratory Investigation","TIER II","NABH","SEMI PRIVATE WARD","LB118","540.00"
"122","Blood gas analysis / Arterial Blood Gas (ABG)","Laboratory Investigation","TIER II","NABH","SEMI PRIVATE WARD","LB119","504.00"
"123","Blood gas analysis / Arterial Blood Gas (ABG) with electrolytes","Laboratory Investigation","TIER II","NABH","SEMI PRIVATE WARD","LB120","720.00"
"124","Urine Pregnancy Test(UPT)","Laboratory Investigation","TIER II","NABH","SEMI PRIVATE WARD","LB121","90.00"
"125","Glycosylated Haemoglobin (HbA1c)","Laboratory Investigation","TIER II","NABH","SEMI PRIVATE WARD","LB122","270.00"
"126","Kidney Function Test (KFT)- (Sr.Creatinine,Blood Urea,BUN,Sr.Uric Acid,Sr.Sodium,Sr.Potassium,Urine R/E)","Laboratory Investigation","TIER II","NABH","SEMI PRIVATE WARD","LB123","450.00"
"127","Liver Function Test (LFT)","Laboratory Investigation","TIER II","NABH","SEMI PRIVATE WARD","LB124","450.00"
"128","Lipid Profile (Total cholesterol ,Triglycerides, LDL, HDL,VLDL)","Laboratory Investigation","TIER II","NABH","SEMI PRIVATE WARD","LB125","441.00"
"129","Serum Ferritin","Laboratory Investigation","TIER II","NABH","SEMI PRIVATE WARD","LB126","315.00"
"130","Vitamin B12 Assay.","Laboratory Investigation","TIER II","NABH","SEMI PRIVATE WARD","LB127","540.00"
"131","Folic Acid Assay.","Laboratory Investigation","TIER II","NABH","SEMI PRIVATE WARD","LB128","585.00"
"132","Extended Lipid Profile. (Total cholesterol, LDL,HDL, Triglycerides Apo A1, Apo B,Lp (a) )","Laboratory Investigation","TIER II","NABH","SEMI PRIVATE WARD","LB129","900.00"
"133","Apolipoprotein A1 (ApoA1)","Laboratory Investigation","TIER II","NABH","SEMI PRIVATE WARD","LB130","360.00"
"134","Apolipoprotein B (Apo B)","Laboratory Investigation","TIER II","NABH","SEMI PRIVATE WARD","LB131","360.00"
"135","Lipoprotein A / Lp A","Laboratory Investigation","TIER II","NABH","SEMI PRIVATE WARD","LB132","360.00"
"136","CD 3,4 and 8 Counts","Laboratory Investigation","TIER II","NABH","SEMI PRIVATE WARD","LB133","1116.00"
"137","CD 3,4 and 8 Percentage","Laboratory Investigation","TIER II","NABH","SEMI PRIVATE WARD","LB134","1359.00"
"138","Low Density Lipoprotein (LDL)","Laboratory Investigation","TIER II","NABH","SEMI PRIVATE WARD","LB135","135.00"
"139","Homocysteine","Laboratory Investigation","TIER II","NABH","SEMI PRIVATE WARD","LB136","585.00"
"140","Serum Electrophoresis","Laboratory Investigation","TIER II","NABH","SEMI PRIVATE WARD","LB137","630.00"
"141","Fibrinogen","Laboratory Investigation","TIER II","NABH","SEMI PRIVATE WARD","LB138","450.00"
"142","Gamma-Glutamyl Transpeptidase (GGTP)","Laboratory Investigation","TIER II","NABH","SEMI PRIVATE WARD","LB139","135.00"
"143","Fructosamine","Laboratory Investigation","TIER II","NABH","SEMI PRIVATE WARD","LB140","450.00"
"144","Beta 2 microglobulin (B2M) /_2 microglobulin","Laboratory Investigation","TIER II","NABH","SEMI PRIVATE WARD","LB141","540.00"
"145","Prostate Specific Antigen (PSA)- Total","Laboratory Investigation","TIER II","NABH","SEMI PRIVATE WARD","LB142","428.00"
"146","Prostate-Specific Antigen (PSA) - Free","Laboratory Investigation","TIER II","NABH","SEMI PRIVATE WARD","LB143","720.00"
"147","Alpha Fetoprotein (AFP)","Laboratory Investigation","TIER II","NABH","SEMI PRIVATE WARD","LB144","495.00"
"148","Human Chorionic Gonadotropin (HCG)/ Beta HCG","Laboratory Investigation","TIER II","NABH","SEMI PRIVATE WARD","LB145","405.00"
"149","Cancer Antigen 125 (CA 125)","Laboratory Investigation","TIER II","NABH","SEMI PRIVATE WARD","LB146","720.00"
"150","Cancer Antigen 19.9 (CA 19.9)","Laboratory Investigation","TIER II","NABH","SEMI PRIVATE WARD","LB147","720.00"
"151","Cancer Antigen 15.3 (CA 15.3)","Laboratory Investigation","TIER II","NABH","SEMI PRIVATE WARD","LB148","720.00"
"152","Vanillylmandelic Acid (VMA)","Laboratory Investigation","TIER II","NABH","SEMI PRIVATE WARD","LB149","1440.00"
"153","Calcitonin","Laboratory Investigation","TIER II","NABH","SEMI PRIVATE WARD","LB150","1080.00"
"154","Carcinoembryonic Antigen (CEA)","Laboratory Investigation","TIER II","NABH","SEMI PRIVATE WARD","LB151","540.00"
"155","Direct Immunofluorescence (Skin and Kidney Disease etc)","Laboratory Investigation","TIER II","NABH","SEMI PRIVATE WARD","LB152","1080.00"
"156","Indirect (anti ds DNA Anti Smith ANCA)","Laboratory Investigation","TIER II","NABH","SEMI PRIVATE WARD","LB153","1080.00"
"157","Calcidiol / 25-hydroxycholecalciferol / Vitamin D3 assay (Vit D3)","Laboratory Investigation","TIER II","NABH","SEMI PRIVATE WARD","LB154","900.00"
"158","Serum Protein electrophoresis with immunofixation electrophoresis (IFE)","Laboratory Investigation","TIER II","NABH","SEMI PRIVATE WARD","LB155","630.00"
"159","Anti-Cyclic Citrullinated Peptide (Anti CCP)","Laboratory Investigation","TIER II","NABH","SEMI PRIVATE WARD","LB156","810.00"
"160","Anti-tissue Transglutaminase antibody (Anti TTG Antibody) / Tissue Transglutaminase IgA (tTg-IgA)","Laboratory Investigation","TIER II","NABH","SEMI PRIVATE WARD","LB157","720.00"
"161","Serum Erythropoietin","Laboratory Investigation","TIER II","NABH","SEMI PRIVATE WARD","LB158","1080.00"
"162","Adrenocorticotropic Hormone (ACTH)","Laboratory Investigation","TIER II","NABH","SEMI PRIVATE WARD","LB159","1080.00"
"163","T3, T4, TSH -Thyroid Function Test (TFT)","Laboratory Investigation","TIER II","NABH","SEMI PRIVATE WARD","LB160","405.00"
"164","Thyroid stimulating hormone (TSH)","Laboratory Investigation","TIER II","NABH","SEMI PRIVATE WARD","LB161","180.00"
"165","Luteinizing hormone (LH)","Laboratory Investigation","TIER II","NABH","SEMI PRIVATE WARD","LB162","360.00"
"166","Follicle stimulating hormone (FSH)","Laboratory Investigation","TIER II","NABH","SEMI PRIVATE WARD","LB163","360.00"
"167","Prolactin","Laboratory Investigation","TIER II","NABH","SEMI PRIVATE WARD","LB164","360.00"
"168","Cortisol","Laboratory Investigation","TIER II","NABH","SEMI PRIVATE WARD","LB165","495.00"
"169","PTH(Parathormone)","Laboratory Investigation","TIER II","NABH","SEMI PRIVATE WARD","LB166","900.00"
"170","C-Peptide (Connecting Peptide)","Laboratory Investigation","TIER II","NABH","SEMI PRIVATE WARD","LB167","675.00"
"171","Insulin","Laboratory Investigation","TIER II","NABH","SEMI PRIVATE WARD","LB168","450.00"
"172","Progesterone","Laboratory Investigation","TIER II","NABH","SEMI PRIVATE WARD","LB169","360.00"
"173","17 Hydroxyprogesterone (17 OH Progesterone)","Laboratory Investigation","TIER II","NABH","SEMI PRIVATE WARD","LB170","675.00"
"174","Dehydroepiandrosterone sulfate (DHEAS)","Laboratory Investigation","TIER II","NABH","SEMI PRIVATE WARD","LB171","900.00"
"175","Androstenedione","Laboratory Investigation","TIER II","NABH","SEMI PRIVATE WARD","LB172","900.00"
"176","Growth Hormone","Laboratory Investigation","TIER II","NABH","SEMI PRIVATE WARD","LB173","540.00"
"177","Thyroid peroxidase antibody (TPO)","Laboratory Investigation","TIER II","NABH","SEMI PRIVATE WARD","LB174","630.00"
"178","Thyroglobulin.","Laboratory Investigation","TIER II","NABH","SEMI PRIVATE WARD","LB175","630.00"
"179","Hydatid Serology","Laboratory Investigation","TIER II","NABH","SEMI PRIVATE WARD","LB176","738.00"
"180","Anti Sperm Antibodies.","Laboratory Investigation","TIER II","NABH","SEMI PRIVATE WARD","LB177","810.00"
"181","Hepatitis B Virus (HBV) DNA Qualitative","Laboratory Investigation","TIER II","NABH","SEMI PRIVATE WARD","LB178","2250.00"
"182","Hepatitis B Virus (HBV) DNA Quantitative.","Laboratory Investigation","TIER II","NABH","SEMI PRIVATE WARD","LB179","3150.00"
"183","Hepatitis C Virus (HCV) RNA Qualitative.","Laboratory Investigation","TIER II","NABH","SEMI PRIVATE WARD","LB180","2700.00"
"184","Human papillomavirus (HPV) Serology","Laboratory Investigation","TIER II","NABH","SEMI PRIVATE WARD","LB181","1440.00"
"185","Rota Virus serology","Laboratory Investigation","TIER II","NABH","SEMI PRIVATE WARD","LB182","360.00"
"186","Mantoux Test","Laboratory Investigation","TIER II","NABH","SEMI PRIVATE WARD","LB183","180.00"
"187","ADA( Adenosine deaminase)","Laboratory Investigation","TIER II","NABH","SEMI PRIVATE WARD","LB184","585.00"
"188","GeneXpert Test (Tuberculosis)","Laboratory Investigation","TIER II","NABH","SEMI PRIVATE WARD","LB185","932.00"
"189","QuantiFERON TB Gold","Laboratory Investigation","TIER II","NABH","SEMI PRIVATE WARD","LB186","2250.00"
"190","PCR for Tuberculosis (TB)","Laboratory Investigation","TIER II","NABH","SEMI PRIVATE WARD","LB187","1080.00"
"191","PCR for Human immunodeficiency virus (HIV)","Laboratory Investigation","TIER II","NABH","SEMI PRIVATE WARD","LB188","1620.00"
"192","Chlamydia antigen","Laboratory Investigation","TIER II","NABH","SEMI PRIVATE WARD","LB189","900.00"
"193","Chlamydia antibody","Laboratory Investigation","TIER II","NABH","SEMI PRIVATE WARD","LB190","765.00"
"194","Brucella serology","Laboratory Investigation","TIER II","NABH","SEMI PRIVATE WARD","LB191","405.00"
"195","Influenza A serology","Laboratory Investigation","TIER II","NABH","SEMI PRIVATE WARD","LB192","900.00"
"196","Acetylcholine receptor (AChR) antibody titre","Laboratory Investigation","TIER II","NABH","SEMI PRIVATE WARD","LB193","4050.00"
"197","Anti muscle specific receptor tyrosine kinase (Anti MuSK) antibody titre","Laboratory Investigation","TIER II","NABH","SEMI PRIVATE WARD","LB194","6030.00"
"198","Serum Copper","Laboratory Investigation","TIER II","NABH","SEMI PRIVATE WARD","LB195","585.00"
"199","Serum Ceruloplasmin","Laboratory Investigation","TIER II","NABH","SEMI PRIVATE WARD","LB196","585.00"
"200","Urinary copper","Laboratory Investigation","TIER II","NABH","SEMI PRIVATE WARD","LB197","756.00"
"201","Serum phenobarbitone level","Laboratory Investigation","TIER II","NABH","SEMI PRIVATE WARD","LB198","540.00"
"202","Coagulation profile","Laboratory Investigation","TIER II","NABH","SEMI PRIVATE WARD","LB199","675.00"
"203","D-Dimer","Laboratory Investigation","TIER II","NABH","SEMI PRIVATE WARD","LB200","450.00"
"204","CSF/Any Body Fluid for Basic studies including cell count, protein, sugar, gram stain, India Ink preparation and smear for AFB","Laboratory Investigation","TIER II","NABH","SEMI PRIVATE WARD","LB201","315.00"
"205","PCR for Herpes simplex","Laboratory Investigation","TIER II","NABH","SEMI PRIVATE WARD","LB202","1260.00"
"206","Bacterial culture and sensitivity - Aerobic","Laboratory Investigation","TIER II","NABH","SEMI PRIVATE WARD","LB203","414.00"
"207","Bacterial culture and sensitivity - Anaerobic","Laboratory Investigation","TIER II","NABH","SEMI PRIVATE WARD","LB204","630.00"
"208","Mycobacterial culture and sensitivity","Laboratory Investigation","TIER II","NABH","SEMI PRIVATE WARD","LB205","495.00"
"209","Fungal culture","Laboratory Investigation","TIER II","NABH","SEMI PRIVATE WARD","LB206","446.00"
"210","Anti measles antibody titre (with serum antibody titre)","Laboratory Investigation","TIER II","NABH","SEMI PRIVATE WARD","LB207","1080.00"
"211","Viral culture","Laboratory Investigation","TIER II","NABH","SEMI PRIVATE WARD","LB208","540.00"
"212","Antibody titre (Herpes simplex, cytomegalovirus, flavivirus, zoster varicella virus)","Laboratory Investigation","TIER II","NABH","SEMI PRIVATE WARD","LB209","1890.00"
"213","Oligoclonal bands (OCBs)","Laboratory Investigation","TIER II","NABH","SEMI PRIVATE WARD","LB210","2025.00"
"214","Myelin basic protein (MBP)","Laboratory Investigation","TIER II","NABH","SEMI PRIVATE WARD","LB211","3150.00"
"215","Cryptococcal antigen","Laboratory Investigation","TIER II","NABH","SEMI PRIVATE WARD","LB212","1350.00"
"216","D Xylose test","Laboratory Investigation","TIER II","NABH","SEMI PRIVATE WARD","LB213","990.00"
"217","Faecal / Faecal fat test/ faecal chymotrypsin/ faecal elastase","Laboratory Investigation","TIER II","NABH","SEMI PRIVATE WARD","LB214","900.00"
"218","H pylori serology for Coeliac disease /Celiac disease","Laboratory Investigation","TIER II","NABH","SEMI PRIVATE WARD","LB215","1080.00"
"219","HBV genotyping","Laboratory Investigation","TIER II","NABH","SEMI PRIVATE WARD","LB216","2588.00"
"220","HCV genotyping","Laboratory Investigation","TIER II","NABH","SEMI PRIVATE WARD","LB217","5045.00"
"221","Urinary Vanillylmandelic Acid (VMA)","Laboratory Investigation","TIER II","NABH","SEMI PRIVATE WARD","LB218","1967.00"
"222","Urinary metanephrine/Normetanephrine","Laboratory Investigation","TIER II","NABH","SEMI PRIVATE WARD","LB219","2610.00"
"223","Urinary free catecholamine","Laboratory Investigation","TIER II","NABH","SEMI PRIVATE WARD","LB220","2250.00"
"224","Serum aldosterone","Laboratory Investigation","TIER II","NABH","SEMI PRIVATE WARD","LB221","1620.00"
"225","24 Hr urinary aldosterone","Laboratory Investigation","TIER II","NABH","SEMI PRIVATE WARD","LB222","1350.00"
"226","Plasma renin activity","Laboratory Investigation","TIER II","NABH","SEMI PRIVATE WARD","LB223","1440.00"
"227","Serum aldosterone/renin ratio","Laboratory Investigation","TIER II","NABH","SEMI PRIVATE WARD","LB224","1350.00"
"228","Osmolality urine","Laboratory Investigation","TIER II","NABH","SEMI PRIVATE WARD","LB225","405.00"
"229","Osmolality serum","Laboratory Investigation","TIER II","NABH","SEMI PRIVATE WARD","LB226","405.00"
"230","Urinary sodium","Laboratory Investigation","TIER II","NABH","SEMI PRIVATE WARD","LB227","135.00"
"231","Urinary Chloride","Laboratory Investigation","TIER II","NABH","SEMI PRIVATE WARD","LB228","135.00"
"232","Urinary potassium","Laboratory Investigation","TIER II","NABH","SEMI PRIVATE WARD","LB229","135.00"
"233","Urinary calcium","Laboratory Investigation","TIER II","NABH","SEMI PRIVATE WARD","LB230","135.00"
"234","Thyroid binding globulin","Laboratory Investigation","TIER II","NABH","SEMI PRIVATE WARD","LB231","990.00"
"235","24-hour urinary free cortisol","Laboratory Investigation","TIER II","NABH","SEMI PRIVATE WARD","LB232","675.00"
"236","Islet cell antibody","Laboratory Investigation","TIER II","NABH","SEMI PRIVATE WARD","LB233","1080.00"
"237","Glutamic Acid Decarboxylase Autoantibodies test (GAD antibodies)","Laboratory Investigation","TIER II","NABH","SEMI PRIVATE WARD","LB234","1800.00"
"238","Insulin associated antibody","Laboratory Investigation","TIER II","NABH","SEMI PRIVATE WARD","LB235","882.00"
"239","Insulin-like growth factor-1 (IGF-1)","Laboratory Investigation","TIER II","NABH","SEMI PRIVATE WARD","LB236","1980.00"
"240","Insulin-like growth factor binding protein 3 (IGF- BP3)","Laboratory Investigation","TIER II","NABH","SEMI PRIVATE WARD","LB237","2070.00"
"241","Sex hormone binding globulin","Laboratory Investigation","TIER II","NABH","SEMI PRIVATE WARD","LB238","1386.00"
"242","Estradiol (E2)","Laboratory Investigation","TIER II","NABH","SEMI PRIVATE WARD","LB239","360.00"
"243","Thyroglobulin antibody","Laboratory Investigation","TIER II","NABH","SEMI PRIVATE WARD","LB240","630.00"
"244","Kappa Lambda Light Chains, Free, Serum/ Serum free light chains (SFLC)","Laboratory Investigation","TIER II","NABH","SEMI PRIVATE WARD","LB241","3623.00"
"245","Serum IgE Level","Laboratory Investigation","TIER II","NABH","SEMI PRIVATE WARD","LB242","342.00"
"246","N-terminal pro BNP (NT-pro BNP / Brain natriuretic peptide (BNP)","Laboratory Investigation","TIER II","NABH","SEMI PRIVATE WARD","LB243","1863.00"
"247","HCV RNA Quantitative","Laboratory Investigation","TIER II","NABH","SEMI PRIVATE WARD","LB244","1661.00"
"248","Tacrolimus Level","Laboratory Investigation","TIER II","NABH","SEMI PRIVATE WARD","LB245","2381.00"
"249","Protein Creatinine Ratio (PCR), Urine / Albumin Creatinine Ratio (ACR), Urine","Laboratory Investigation","TIER II","NABH","SEMI PRIVATE WARD","LB246","137.00"
"250","HLA B27 (PCR)","Laboratory Investigation","TIER II","NABH","SEMI PRIVATE WARD","LB247","518.00"
"251","Procalcitonin","Laboratory Investigation","TIER II","NABH","SEMI PRIVATE WARD","LB248","1863.00"
"252","TORCH Test","Laboratory Investigation","TIER II","NABH","SEMI PRIVATE WARD","LB249","1159.00"
"253","Anti -Smooth Muscle Antibody Test (ASMA)","Laboratory Investigation","TIER II","NABH","SEMI PRIVATE WARD","LB250","1314.00"
"254","C ANCA-IFA","Laboratory Investigation","TIER II","NABH","SEMI PRIVATE WARD","LB251","1350.00"
"255","P ANCA-IFA","Laboratory Investigation","TIER II","NABH","SEMI PRIVATE WARD","LB252","1350.00"
"256","Angiotensin converting enzyme (ACE)","Laboratory Investigation","TIER II","NABH","SEMI PRIVATE WARD","LB253","900.00"
"257","Extractable Nuclear Antigens (ENA) - Quantitative","Laboratory Investigation","TIER II","NABH","SEMI PRIVATE WARD","LB254","4140.00"
"258","Chromogranin A","Laboratory Investigation","TIER II","NABH","SEMI PRIVATE WARD","LB255","4500.00"
"259","Faecal calprotectin","Laboratory Investigation","TIER II","NABH","SEMI PRIVATE WARD","LB256","2457.00"
"260","C3-COMPLEMENT","Laboratory Investigation","TIER II","NABH","SEMI PRIVATE WARD","LB257","585.00"
"261","C4-COMPLEMENT","Laboratory Investigation","TIER II","NABH","SEMI PRIVATE WARD","LB258","585.00"
"262","H1N1 (RT-PCR)","Laboratory Investigation","TIER II","NABH","SEMI PRIVATE WARD","LB259","976.00"
"263","Anti HEV IgM","Laboratory Investigation","TIER II","NABH","SEMI PRIVATE WARD","LB260","900.00"
"264","Anti HAV IgM","Laboratory Investigation","TIER II","NABH","SEMI PRIVATE WARD","LB261","675.00"
"265","HBsAg Quantitative","Laboratory Investigation","TIER II","NABH","SEMI PRIVATE WARD","LB262","585.00"
"266","Typhidot IgM","Laboratory Investigation","TIER II","NABH","SEMI PRIVATE WARD","LB263","360.00"
"267","Hepatitis B Core Antibody (HBcAb) Level (Hepatitis B Core IgM Antibody)","Laboratory Investigation","TIER II","NABH","SEMI PRIVATE WARD","LB264","432.00"
"268","Hepatitis B surface antibody (anti HBs)","Laboratory Investigation","TIER II","NABH","SEMI PRIVATE WARD","LB265","585.00"
"269","Free Triiodothyronine (FT3)","Laboratory Investigation","TIER II","NABH","SEMI PRIVATE WARD","LB266","113.00"
"270","Free Thyroxine (FT4)","Laboratory Investigation","TIER II","NABH","SEMI PRIVATE WARD","LB267","113.00"
"271","Widal Test","Laboratory Investigation","TIER II","NABH","SEMI PRIVATE WARD","LB268","63.00"
"272","Dengue NS1 Ag","Laboratory Investigation","TIER II","NABH","SEMI PRIVATE WARD","LB269","360.00"
"273","Dengue IgM and Ig G","Laboratory Investigation","TIER II","NABH","SEMI PRIVATE WARD","LB270","720.00"
"274","Interleukin 6 (IL 6)","Laboratory Investigation","TIER II","NABH","SEMI PRIVATE WARD","LB271","1440.00"
"275","Covid Antibody Test","Laboratory Investigation","TIER II","NABH","SEMI PRIVATE WARD","LB272","630.00"
"276","Cryoglobulins","Laboratory Investigation","TIER II","NABH","SEMI PRIVATE WARD","LB273","900.00"
"277","Cytogenetics","Laboratory Investigation","TIER II","NABH","SEMI PRIVATE WARD","LB274","4500.00"
"278","Plasma Free Normetanephrine","Laboratory Investigation","TIER II","NABH","SEMI PRIVATE WARD","LB275","2070.00"
"279","Plasma Metanephrines","Laboratory Investigation","TIER II","NABH","SEMI PRIVATE WARD","LB276","2070.00"
"280","PLA2 receptor antibody quantitative","Laboratory Investigation","TIER II","NABH","SEMI PRIVATE WARD","LB277","3780.00"
"281","Allergic Bronchopulmonary Aspergillosis (ABPA) Panel","Laboratory Investigation","TIER II","NABH","SEMI PRIVATE WARD","LB278","2610.00"
"282","Allergy Food Screening Panel","Laboratory Investigation","TIER II","NABH","SEMI PRIVATE WARD","LB279","5400.00"
"283","AMA (Anti Mitochondrial Antibody)","Laboratory Investigation","TIER II","NABH","SEMI PRIVATE WARD","LB280","900.00"
"284","AMH (Anti- Mullerian Hormone)","Laboratory Investigation","TIER II","NABH","SEMI PRIVATE WARD","LB281","900.00"
"285","ANA BLOT","Laboratory Investigation","TIER II","NABH","SEMI PRIVATE WARD","LB282","2700.00"
"286","ANA Profile","Laboratory Investigation","TIER II","NABH","SEMI PRIVATE WARD","LB283","2700.00"
"287","Anti GBM (Glomerular Basement Membrane) Antibody","Laboratory Investigation","TIER II","NABH","SEMI PRIVATE WARD","LB284","1350.00"
"288","Anti LKM (Liver Kidney Microsome) Ab","Laboratory Investigation","TIER II","NABH","SEMI PRIVATE WARD","LB285","1350.00"
"289","Anti Parietal Cell Antibodies","Laboratory Investigation","TIER II","NABH","SEMI PRIVATE WARD","LB286","1800.00"
"290","Anti Intrinsic Factor Antibodies","Laboratory Investigation","TIER II","NABH","SEMI PRIVATE WARD","LB287","1800.00"
"291","ASO Titre /ASLO Titre","Laboratory Investigation","TIER II","NABH","SEMI PRIVATE WARD","LB288","486.00"
"292","Aspergillus Fumigatus Specific IgE","Laboratory Investigation","TIER II","NABH","SEMI PRIVATE WARD","LB289","1395.00"
"293","Autoimmune Encephalitis Panel","Laboratory Investigation","TIER II","NABH","SEMI PRIVATE WARD","LB290","15300.00"
"294","Autoimmune Hepatitis Profile","Laboratory Investigation","TIER II","NABH","SEMI PRIVATE WARD","LB291","2664.00"
"295","Beta-D-Glucan Assay","Laboratory Investigation","TIER II","NABH","SEMI PRIVATE WARD","LB292","13500.00"
"296","C1 Esterase inhibitor (Quantitative )","Laboratory Investigation","TIER II","NABH","SEMI PRIVATE WARD","LB293","2160.00"
"297","CMV Quantitative (Viral load) Test","Laboratory Investigation","TIER II","NABH","SEMI PRIVATE WARD","LB294","2070.00"
"298","Double Marker (Beta-hCG,PAPP-A)","Laboratory Investigation","TIER II","NABH","SEMI PRIVATE WARD","LB295","1800.00"
"299","Quadruple test (AFP,HCG,UE3,Inhibin A)","Laboratory Investigation","TIER II","NABH","SEMI PRIVATE WARD","LB296","2160.00"
"300","HBeAb (Hepatitis B envelope Antibody)","Laboratory Investigation","TIER II","NABH","SEMI PRIVATE WARD","LB297","324.00"
"301","HBeAg (Hepatitis B envelope Antigen)","Laboratory Investigation","TIER II","NABH","SEMI PRIVATE WARD","LB298","324.00"
"302","HIAA 24 Hours Urinary","Laboratory Investigation","TIER II","NABH","SEMI PRIVATE WARD","LB299","2070.00"
"303","HIV Viral Load by PCR","Laboratory Investigation","TIER II","NABH","SEMI PRIVATE WARD","LB300","4500.00"
"304","HSV 1 & 2 IgG","Laboratory Investigation","TIER II","NABH","SEMI PRIVATE WARD","LB301","738.00"
"305","Hypersensitive Pneumonitis Panel","Laboratory Investigation","TIER II","NABH","SEMI PRIVATE WARD","LB302","6480.00"
"306","IgG4","Laboratory Investigation","TIER II","NABH","SEMI PRIVATE WARD","LB303","1800.00"
"307","Inhibin A","Laboratory Investigation","TIER II","NABH","SEMI PRIVATE WARD","LB304","810.00"
"308","Inhibin B","Laboratory Investigation","TIER II","NABH","SEMI PRIVATE WARD","LB305","1710.00"
"309","Scrub Typhus IgM","Laboratory Investigation","TIER II","NABH","SEMI PRIVATE WARD","LB306","1440.00"
"310","Interferon Gamma Release Assay (IGRA)","Laboratory Investigation","TIER II","NABH","SEMI PRIVATE WARD","LB307","2700.00"
"311","KOH Mount","Laboratory Investigation","TIER II","NABH","SEMI PRIVATE WARD","LB308","135.00"
"312","Serum AMA M2 (IFA Method)","Laboratory Investigation","TIER II","NABH","SEMI PRIVATE WARD","LB309","1800.00"
"313","Serum Gastrin","Laboratory Investigation","TIER II","NABH","SEMI PRIVATE WARD","LB310","1080.00"
"314","Serum Haptoglobin Levels","Laboratory Investigation","TIER II","NABH","SEMI PRIVATE WARD","LB311","900.00"
"315","Skin Prick Test for Allergy","Laboratory Investigation","TIER II","NABH","SEMI PRIVATE WARD","LB312","1620.00"
"316","Myositis Profile (Up to 16 Antigens)","Laboratory Investigation","TIER II","NABH","SEMI PRIVATE WARD","LB313","7200.00"
"317","Paraneoplastic Panel","Laboratory Investigation","TIER II","NABH","SEMI PRIVATE WARD","LB314","9000.00"
"318","TSH Receptor Antibody","Laboratory Investigation","TIER II","NABH","SEMI PRIVATE WARD","LB315","1080.00"
"319","Anti-Nuclear Antibodies - IFA","Laboratory Investigation","TIER II","NABH","SEMI PRIVATE WARD","LB316","1440.00"
"320","Autoimmune Liver Diseases Profile","Laboratory Investigation","TIER II","NABH","SEMI PRIVATE WARD","LB317","4500.00"
"321","Citrate Urine 24 Hour","Laboratory Investigation","TIER II","NABH","SEMI PRIVATE WARD","LB318","1035.00"
"322","Comprehensive Allergy Panel","Laboratory Investigation","TIER II","NABH","SEMI PRIVATE WARD","LB319","6300.00"
"323","Comprehensive Myeloma Protein Panel","Laboratory Investigation","TIER II","NABH","SEMI PRIVATE WARD","LB320","6300.00"
"324","DCP (DES Gamma-Carboxy- Prothrombin)","Laboratory Investigation","TIER II","NABH","SEMI PRIVATE WARD","LB321","3015.00"
"325","Desmoglein (DSG) 1 And 3 Antibody","Laboratory Investigation","TIER II","NABH","SEMI PRIVATE WARD","LB322","4860.00"
"326","Galactomannan","Laboratory Investigation","TIER II","NABH","SEMI PRIVATE WARD","LB323","2799.00"
"327","SCL 70 Antibody","Laboratory Investigation","TIER II","NABH","SEMI PRIVATE WARD","LB324","1512.00"
"328","Serum Chromogranin A","Laboratory Investigation","TIER II","NABH","SEMI PRIVATE WARD","LB325","3420.00"
"329","SSA- Antibody Ro Serum Test","Laboratory Investigation","TIER II","NABH","SEMI PRIVATE WARD","LB326","1305.00"
"330","SSB- Antibody La Serum Test","Laboratory Investigation","TIER II","NABH","SEMI PRIVATE WARD","LB327","1305.00"
"331","Stool for Clostridium difficile Toxin","Laboratory Investigation","TIER II","NABH","SEMI PRIVATE WARD","LB328","2556.00"
"332","TPHA","Laboratory Investigation","TIER II","NABH","SEMI PRIVATE WARD","LB329","360.00"
"333","UGT1A1 Gene Analysis","Laboratory Investigation","TIER II","NABH","SEMI PRIVATE WARD","LB330","5400.00"
"334","Urine For Myoglobin","Laboratory Investigation","TIER II","NABH","SEMI PRIVATE WARD","LB331","495.00"
"335","Leptospira Ig M","Laboratory Investigation","TIER II","NABH","SEMI PRIVATE WARD","LB332","900.00"
"336","Chikungunya Ig M","Laboratory Investigation","TIER II","NABH","SEMI PRIVATE WARD","LB333","900.00"
"337","Weil Felix Agglutination Test","Laboratory Investigation","TIER II","NABH","SEMI PRIVATE WARD","LB334","450.00"
"338","Continuous Glucose Monitoring for 2 Weeks","Laboratory Investigation","TIER II","NABH","SEMI PRIVATE WARD","LB335","3600.00"
"339","2D echocardiography","Radiological Investigation","TIER II","NABH","SEMI PRIVATE WARD","RI001","1328.00"
"340","Fetal Echo","Radiological Investigation","TIER II","NABH","SEMI PRIVATE WARD","RI002","1440.00"
"341","2D Transoesophageal Echocardiography (TEE)","Radiological Investigation","TIER II","NABH","SEMI PRIVATE WARD","RI003","1485.00"
"342","3D Transoesophageal Echocardiography (TEE)","Radiological Investigation","TIER II","NABH","SEMI PRIVATE WARD","RI004","1485.00"
"343","Stress Echo- exercise","Radiological Investigation","TIER II","NABH","SEMI PRIVATE WARD","RI005","2160.00"
"344","Stress Echo- pharmacological / D Stress Echo","Radiological Investigation","TIER II","NABH","SEMI PRIVATE WARD","RI006","2700.00"
"345","Stress Myocardial Perfusion Imaging (MPI)- exercise","Radiological Investigation","TIER II","NABH","SEMI PRIVATE WARD","RI007","8280.00"
"346","Stress Myocardial Perfusion Imaging (MPI) - pharmacological","Radiological Investigation","TIER II","NABH","SEMI PRIVATE WARD","RI008","8280.00"
"347","CT Coronary Angiography including Calcium Score Test","Radiological Investigation","TIER II","NABH","SEMI PRIVATE WARD","RI009","8280.00"
"348","Cardiac CT scan","Radiological Investigation","TIER II","NABH","SEMI PRIVATE WARD","RI010","5850.00"
"349","MRI Cardiac","Radiological Investigation","TIER II","NABH","SEMI PRIVATE WARD","RI011","7200.00"
"350","Stress Cardiac MRI","Radiological Investigation","TIER II","NABH","SEMI PRIVATE WARD","RI012","8280.00"
"351","Cardiac PET","Radiological Investigation","TIER II","NABH","SEMI PRIVATE WARD","RI013","8280.00"
"352","USG Transvaginal sonography (TVS for Follicular monitoring /aspiration) /TVS for follicular monitoring/pelvic pathology/ET measurement","Radiological Investigation","TIER II","NABH","SEMI PRIVATE WARD","RI014","900.00"
"353","Growth scan (including BPP, AFI, Doppler)","Radiological Investigation","TIER II","NABH","SEMI PRIVATE WARD","RI015","1800.00"
"354","1st trimester scan-dating scan/NT scan/Early pregnancy scan","Radiological Investigation","TIER II","NABH","SEMI PRIVATE WARD","RI016","630.00"
"355","USG Colour Doppler Pregnancy / Fetal Doppler/Umbilical Doppler/Uterine Vessel Doppler","Radiological Investigation","TIER II","NABH","SEMI PRIVATE WARD","RI017","1508.00"
"356","Biophysical score / Biophysical profile test (BPP test)","Radiological Investigation","TIER II","NABH","SEMI PRIVATE WARD","RI018","1350.00"
"357","USG Obstetrics for Anomalies scan","Radiological Investigation","TIER II","NABH","SEMI PRIVATE WARD","RI019","1800.00"
"358","USG Whole Abdomen Including Pelvis and post Void urine","Radiological Investigation","TIER II","NABH","SEMI PRIVATE WARD","RI020","720.00"
"359","Pelvic USG (gynae, infertility, prostate , KUB with post- void residual (PVR) etc ).","Radiological Investigation","TIER II","NABH","SEMI PRIVATE WARD","RI021","450.00"
"360","USG Small parts (scrotum, thyroid, parathyroid etc)","Radiological Investigation","TIER II","NABH","SEMI PRIVATE WARD","RI022","693.00"
"361","USG Large Parts (Joints/Chest,...etc)","Radiological Investigation","TIER II","NABH","SEMI PRIVATE WARD","RI023","720.00"
"362","USG Neonatal spine","Radiological Investigation","TIER II","NABH","SEMI PRIVATE WARD","RI024","900.00"
"363","USG Breast including relevant Lymph nodes- Bilateral/Unilateral","Radiological Investigation","TIER II","NABH","SEMI PRIVATE WARD","RI025","720.00"
"364","USG Hysterosalpingography (HSG)","Radiological Investigation","TIER II","NABH","SEMI PRIVATE WARD","RI026","2160.00"
"365","Fibroscan Liver","Radiological Investigation","TIER II","NABH","SEMI PRIVATE WARD","RI027","1035.00"
"366","Carotid Doppler Bilateral","Radiological Investigation","TIER II","NABH","SEMI PRIVATE WARD","RI028","900.00"
"367","Arterial Colour Doppler Bilateral","Radiological Investigation","TIER II","NABH","SEMI PRIVATE WARD","RI029","900.00"
"368","Venous Colour Doppler Bilateral","Radiological Investigation","TIER II","NABH","SEMI PRIVATE WARD","RI030","900.00"
"369","Colour Doppler, renal arteries/any other organ","Radiological Investigation","TIER II","NABH","SEMI PRIVATE WARD","RI031","900.00"
"370","X Ray Abdomen AP Supine or Erect (One film)","Radiological Investigation","TIER II","NABH","SEMI PRIVATE WARD","RI032","225.00"
"371","X Ray Abdomen Lateral view (one film)","Radiological Investigation","TIER II","NABH","SEMI PRIVATE WARD","RI033","189.00"
"372","X Ray Chest PA /AP/ Oblique view (one film)","Radiological Investigation","TIER II","NABH","SEMI PRIVATE WARD","RI034","207.00"
"373","X Ray Chest Lateral (one film)","Radiological Investigation","TIER II","NABH","SEMI PRIVATE WARD","RI035","207.00"
"374","X Ray Mastoids: Towne view, oblique views (3 films)","Radiological Investigation","TIER II","NABH","SEMI PRIVATE WARD","RI036","450.00"
"375","X Ray Extremities (Hand/Leg/Feet/Finger/Toe) bones & Joints (Hip/ Knee/Ankle / shoulder/ Wrist / fingers/Toes, etc) AP & Lateral views (standing or weight bearing)(Two films)","Radiological Investigation","TIER II","NABH","SEMI PRIVATE WARD","RI037","342.00"
"376","X Ray Pelvis AP (one film)","Radiological Investigation","TIER II","NABH","SEMI PRIVATE WARD","RI038","180.00"
"377","X Ray Temporomandibular (TM) Joints (one film)","Radiological Investigation","TIER II","NABH","SEMI PRIVATE WARD","RI039","225.00"
"378","X Ray Abdomen & Pelvis for KUB","Radiological Investigation","TIER II","NABH","SEMI PRIVATE WARD","RI040","212.00"
"379","X Ray Skull AP & Lateral (2 films)/ Extra oral radiographs - All skull views, TMJ, Lateral oblique [Dental]","Radiological Investigation","TIER II","NABH","SEMI PRIVATE WARD","RI041","360.00"
"380","X Ray Spine AP & Lateral (2 films)","Radiological Investigation","TIER II","NABH","SEMI PRIVATE WARD","RI042","360.00"
"381","X Ray Paranasal sinuses (PNS) view (1 film)","Radiological Investigation","TIER II","NABH","SEMI PRIVATE WARD","RI043","180.00"
"382","Barium Swallow","Radiological Investigation","TIER II","NABH","SEMI PRIVATE WARD","RI044","1080.00"
"383","Barium Upper GI study","Radiological Investigation","TIER II","NABH","SEMI PRIVATE WARD","RI045","1350.00"
"384","Barium Upper GI study (Double contrast)","Radiological Investigation","TIER II","NABH","SEMI PRIVATE WARD","RI046","1800.00"
"385","Barium Meal follow through","Radiological Investigation","TIER II","NABH","SEMI PRIVATE WARD","RI047","1800.00"
"386","Barium Enema (Single contrast/double contrast)","Radiological Investigation","TIER II","NABH","SEMI PRIVATE WARD","RI048","1800.00"
"387","Small bowel enteroclysis","Radiological Investigation","TIER II","NABH","SEMI PRIVATE WARD","RI049","1800.00"
"388","General:Fistulography / Sinography/Sialography/Dacrocystography/ T-Tube cholangiogram/Nephrostogram","Radiological Investigation","TIER II","NABH","SEMI PRIVATE WARD","RI050","1143.00"
"389","Intravenous Pyelography (IVP)","Radiological Investigation","TIER II","NABH","SEMI PRIVATE WARD","RI051","1485.00"
"390","Micturating Cystourethrography (MCU)","Radiological Investigation","TIER II","NABH","SEMI PRIVATE WARD","RI052","1008.00"
"391","Retrograde Urethrography (RGU)","Radiological Investigation","TIER II","NABH","SEMI PRIVATE WARD","RI053","1008.00"
"392","Contrast Hystero-Salpingography (HSG)","Radiological Investigation","TIER II","NABH","SEMI PRIVATE WARD","RI054","1800.00"
"393","X ray Arthrography","Radiological Investigation","TIER II","NABH","SEMI PRIVATE WARD","RI055","1800.00"
"394","Ortho Scanogram","Radiological Investigation","TIER II","NABH","SEMI PRIVATE WARD","RI056","1521.00"
"395","Cephalography","Radiological Investigation","TIER II","NABH","SEMI PRIVATE WARD","RI057","315.00"
"396","Myelography","Radiological Investigation","TIER II","NABH","SEMI PRIVATE WARD","RI058","2250.00"
"397","Diagnostic Digital Subtraction Angiography (DSA) cerebral vessels","Radiological Investigation","TIER II","NABH","SEMI PRIVATE WARD","RI059","12060.00"
"398","X Ray Mammography - Bilateral/Unilateral","Radiological Investigation","TIER II","NABH","SEMI PRIVATE WARD","RI060","1238.00"
"399","MRI Mammography","Radiological Investigation","TIER II","NABH","SEMI PRIVATE WARD","RI061","4500.00"
"400","CT Scan Head/ Brain-Without Contrast / NCCT Head/Brain","Radiological Investigation","TIER II","NABH","SEMI PRIVATE WARD","RI062","932.00"
"401","CT Scan Head / Brain- with Contrast -including CT angiography","Radiological Investigation","TIER II","NABH","SEMI PRIVATE WARD","RI063","1980.00"
"402","CT Scan Chest - without contrast (for lungs)","Radiological Investigation","TIER II","NABH","SEMI PRIVATE WARD","RI064","1800.00"
"403","High Resolution computed Tomography (HRCT Chest)","Radiological Investigation","TIER II","NABH","SEMI PRIVATE WARD","RI065","1800.00"
"404","Contrast Enhanced Computed Tomograpy (CECT) Chest (Including CD)","Radiological Investigation","TIER II","NABH","SEMI PRIVATE WARD","RI066","2588.00"
"405","CT Scan Lower Abdomen (incl. Pelvis) With Contrast/ CT KUB with Contrast","Radiological Investigation","TIER II","NABH","SEMI PRIVATE WARD","RI067","4050.00"
"406","CT Scan Lower Abdomen (Incl. Pelvis) Without Contrast / CT KUB without Contrast","Radiological Investigation","TIER II","NABH","SEMI PRIVATE WARD","RI068","3150.00"
"407","CT Scan Whole Abdomen Without Contrast","Radiological Investigation","TIER II","NABH","SEMI PRIVATE WARD","RI069","3105.00"
"408","CT Scan Whole Abdomen With Contrast","Radiological Investigation","TIER II","NABH","SEMI PRIVATE WARD","RI070","4658.00"
"409","Triple Phase CT abdomen","Radiological Investigation","TIER II","NABH","SEMI PRIVATE WARD","RI071","4658.00"
"410","CT Urography","Radiological Investigation","TIER II","NABH","SEMI PRIVATE WARD","RI072","4050.00"
"411","CT Scan Angiography Chest","Radiological Investigation","TIER II","NABH","SEMI PRIVATE WARD","RI073","4658.00"
"412","CT Scan Angiography Abdomen","Radiological Investigation","TIER II","NABH","SEMI PRIVATE WARD","RI074","4658.00"
"413","CT Angiography Entire Aorta ( CT Aortogram)","Radiological Investigation","TIER II","NABH","SEMI PRIVATE WARD","RI075","9000.00"
"414","CT Scan Enteroclysis","Radiological Investigation","TIER II","NABH","SEMI PRIVATE WARD","RI076","6210.00"
"415","CT Scan Neck - Without Contrast","Radiological Investigation","TIER II","NABH","SEMI PRIVATE WARD","RI077","2250.00"
"416","CT Scan Neck - With Contrast","Radiological Investigation","TIER II","NABH","SEMI PRIVATE WARD","RI078","3150.00"
"417","CT Angio-Neck Vessels","Radiological Investigation","TIER II","NABH","SEMI PRIVATE WARD","RI079","5400.00"
"418","CT Scan Orbits - Without Contrast","Radiological Investigation","TIER II","NABH","SEMI PRIVATE WARD","RI080","1980.00"
"419","CT Scan Orbits - With Contrast","Radiological Investigation","TIER II","NABH","SEMI PRIVATE WARD","RI081","2880.00"
"420","CT Scan of Para Nasal Sinuses (CT PNS)- Without Contrast","Radiological Investigation","TIER II","NABH","SEMI PRIVATE WARD","RI082","2070.00"
"421","CT Scan of Para Nasal Sinuses (CT PNS)- With Contrast","Radiological Investigation","TIER II","NABH","SEMI PRIVATE WARD","RI083","2970.00"
"422","CT Scan Spine (Cervical, Dorsal, Lumbar,Sacral)-without Contrast","Radiological Investigation","TIER II","NABH","SEMI PRIVATE WARD","RI084","2520.00"
"423","CT Scan Temporal bone - without contrast","Radiological Investigation","TIER II","NABH","SEMI PRIVATE WARD","RI085","2250.00"
"424","CT Scan / Cone Beam CT (CBCT) Dental","Radiological Investigation","TIER II","NABH","SEMI PRIVATE WARD","RI086","1350.00"
"425","CT Scan Limbs -Without Contrast","Radiological Investigation","TIER II","NABH","SEMI PRIVATE WARD","RI087","2520.00"
"426","CT Scan Limbs -With Contrast including CT angiography","Radiological Investigation","TIER II","NABH","SEMI PRIVATE WARD","RI088","5220.00"
"427","MRI Head / Brain - Without Contrast","Radiological Investigation","TIER II","NABH","SEMI PRIVATE WARD","RI089","2475.00"
"428","MRI Head / Brain- With Contrast","Radiological Investigation","TIER II","NABH","SEMI PRIVATE WARD","RI090","4500.00"
"429","MRI Orbits - Without Contrast","Radiological Investigation","TIER II","NABH","SEMI PRIVATE WARD","RI091","1683.00"
"430","MRI Orbits - With Contrast","Radiological Investigation","TIER II","NABH","SEMI PRIVATE WARD","RI092","4500.00"
"431","MRI Nasopharynx and PNS - Without Contrast","Radiological Investigation","TIER II","NABH","SEMI PRIVATE WARD","RI093","3150.00"
"432","MRI Nasopharynx and PNS - With Contrast","Radiological Investigation","TIER II","NABH","SEMI PRIVATE WARD","RI094","4500.00"
"433","MR for Salivary Glands with Sialography/Maxillofacial MRI","Radiological Investigation","TIER II","NABH","SEMI PRIVATE WARD","RI095","4500.00"
"434","MRI Neck - Without Contrast","Radiological Investigation","TIER II","NABH","SEMI PRIVATE WARD","RI096","3150.00"
"435","MRI Neck- with contrast","Radiological Investigation","TIER II","NABH","SEMI PRIVATE WARD","RI097","5175.00"
"436","MRI Shoulder - Without contrast","Radiological Investigation","TIER II","NABH","SEMI PRIVATE WARD","RI098","3150.00"
"437","MRI Shoulder - With contrast","Radiological Investigation","TIER II","NABH","SEMI PRIVATE WARD","RI099","4500.00"
"438","MRI shoulder both Joints - Without contrast","Radiological Investigation","TIER II","NABH","SEMI PRIVATE WARD","RI100","3600.00"
"439","MRI Shoulder both joints - With contrast","Radiological Investigation","TIER II","NABH","SEMI PRIVATE WARD","RI101","5400.00"
"440","MRI Wrist Single joint - Without contrast","Radiological Investigation","TIER II","NABH","SEMI PRIVATE WARD","RI102","2970.00"
"441","MRI Wrist Single joint - With contrast","Radiological Investigation","TIER II","NABH","SEMI PRIVATE WARD","RI103","4500.00"
"442","MRI Wrist both joints - Without contrast","Radiological Investigation","TIER II","NABH","SEMI PRIVATE WARD","RI104","3600.00"
"443","MRI Wrist Both joints - With contrast","Radiological Investigation","TIER II","NABH","SEMI PRIVATE WARD","RI105","5175.00"
"444","MRI knee Single joint - Without contrast","Radiological Investigation","TIER II","NABH","SEMI PRIVATE WARD","RI106","2700.00"
"445","MRI knee Single joint - With contrast","Radiological Investigation","TIER II","NABH","SEMI PRIVATE WARD","RI107","5175.00"
"446","MRI knee both joints - Without contrast","Radiological Investigation","TIER II","NABH","SEMI PRIVATE WARD","RI108","3600.00"
"447","MRI knee both joints - With contrast","Radiological Investigation","TIER II","NABH","SEMI PRIVATE WARD","RI109","5175.00"
"448","MRI Ankle Single joint - Without contrast","Radiological Investigation","TIER II","NABH","SEMI PRIVATE WARD","RI110","3150.00"
"449","MRI Ankle single joint - With contrast","Radiological Investigation","TIER II","NABH","SEMI PRIVATE WARD","RI111","4500.00"
"450","MRI Ankle both joints - With contrast","Radiological Investigation","TIER II","NABH","SEMI PRIVATE WARD","RI112","5850.00"
"451","MRI Ankle both joints - Without contrast","Radiological Investigation","TIER II","NABH","SEMI PRIVATE WARD","RI113","3150.00"
"452","MRI Hip - With contrast","Radiological Investigation","TIER II","NABH","SEMI PRIVATE WARD","RI114","4500.00"
"453","MRI Hip - without contrast","Radiological Investigation","TIER II","NABH","SEMI PRIVATE WARD","RI115","3150.00"
"454","MRI Pelvis - Without Contrast","Radiological Investigation","TIER II","NABH","SEMI PRIVATE WARD","RI116","3150.00"
"455","MRI Pelvis - with contrast","Radiological Investigation","TIER II","NABH","SEMI PRIVATE WARD","RI117","5175.00"
"456","MRI Extremities - With contrast","Radiological Investigation","TIER II","NABH","SEMI PRIVATE WARD","RI118","5175.00"
"457","MRI Extremities - Without contrast","Radiological Investigation","TIER II","NABH","SEMI PRIVATE WARD","RI119","3150.00"
"458","MRI Temporomandibular - B/L - With contrast / MRI TMJ (Double Joint) with contrast","Radiological Investigation","TIER II","NABH","SEMI PRIVATE WARD","RI120","4500.00"
"459","MRI Temporomandibular - B/L - Without contrast / MRI -TMJ(Double Joint) without contrast","Radiological Investigation","TIER II","NABH","SEMI PRIVATE WARD","RI121","3150.00"
"460","MR Temporal Bone/ Inner ear with contrast","Radiological Investigation","TIER II","NABH","SEMI PRIVATE WARD","RI122","4500.00"
"461","MRI Temporal Bone/ Inner ear without contrast","Radiological Investigation","TIER II","NABH","SEMI PRIVATE WARD","RI123","3150.00"
"462","MRI Abdomen - Without Contrast","Radiological Investigation","TIER II","NABH","SEMI PRIVATE WARD","RI124","3150.00"
"463","MRI Abdomen - With Contrast","Radiological Investigation","TIER II","NABH","SEMI PRIVATE WARD","RI125","5175.00"
"464","MRI-Prostate (Multi-parametric) (Including CD)","Radiological Investigation","TIER II","NABH","SEMI PRIVATE WARD","RI126","6210.00"
"465","MRI Breast - With Contrast","Radiological Investigation","TIER II","NABH","SEMI PRIVATE WARD","RI127","4500.00"
"466","MRI Breast - Without Contrast","Radiological Investigation","TIER II","NABH","SEMI PRIVATE WARD","RI128","3150.00"
"467","MRI whole Spine Screening- Without Contrast","Radiological Investigation","TIER II","NABH","SEMI PRIVATE WARD","RI129","1800.00"
"468","MRI Chest - Without Contrast","Radiological Investigation","TIER II","NABH","SEMI PRIVATE WARD","RI130","3150.00"
"469","MRI Chest - With Contrast","Radiological Investigation","TIER II","NABH","SEMI PRIVATE WARD","RI131","4500.00"
"470","MRI Whole spine - Without Contrast","Radiological Investigation","TIER II","NABH","SEMI PRIVATE WARD","RI132","3960.00"
"471","MRI Cervical/ Cervico Dorsal Spine - With Contrast","Radiological Investigation","TIER II","NABH","SEMI PRIVATE WARD","RI133","4500.00"
"472","MRI Dorsal/ Dorso Lumbar Spine/Cervical/ Cervico Dorsal Spine - Without Contrast","Radiological Investigation","TIER II","NABH","SEMI PRIVATE WARD","RI134","3150.00"
"473","MRI Dorsal/ Dorso Lumbar Spine - With Contrast","Radiological Investigation","TIER II","NABH","SEMI PRIVATE WARD","RI135","4500.00"
"474","MRI Lumbar/ Lumbo-Sacral Spine - Without Contrast","Radiological Investigation","TIER II","NABH","SEMI PRIVATE WARD","RI136","3150.00"
"475","MRI Lumbar/ Lumbo-Sacral Spine - With Contrast","Radiological Investigation","TIER II","NABH","SEMI PRIVATE WARD","RI137","5175.00"
"476","Whole body MRI (For oncological workup)","Radiological Investigation","TIER II","NABH","SEMI PRIVATE WARD","RI138","8280.00"
"477","MR cholecysto-pancreatography (MRCP)","Radiological Investigation","TIER II","NABH","SEMI PRIVATE WARD","RI139","7650.00"
"478","MRI Angiography - with contrast","Radiological Investigation","TIER II","NABH","SEMI PRIVATE WARD","RI140","5175.00"
"479","MR Enteroclysis","Radiological Investigation","TIER II","NABH","SEMI PRIVATE WARD","RI141","4500.00"
"480","MRI DEFECOGRAPHY","Radiological Investigation","TIER II","NABH","SEMI PRIVATE WARD","RI142","6300.00"
"481","MRI FISTULOGRAM","Radiological Investigation","TIER II","NABH","SEMI PRIVATE WARD","RI143","4050.00"
"482","MRI SPECTROSCOPY","Radiological Investigation","TIER II","NABH","SEMI PRIVATE WARD","RI144","2700.00"
"483","Dexa Scan Bone Densitometry - Two sites","Radiological Investigation","TIER II","NABH","SEMI PRIVATE WARD","RI145","1800.00"
"484","Dexa Scan Bone Densitometry - Three sites (Spine, Hip &extremity)","Radiological Investigation","TIER II","NABH","SEMI PRIVATE WARD","RI146","2250.00"
"485","Dexa Scan Bone Densitometry Whole body","Radiological Investigation","TIER II","NABH","SEMI PRIVATE WARD","RI147","2700.00"
"486","Pulmonary Function Test (PFT) / (Spirometry with Diffusing Capacity of the Lungs for Carbon monoxide (DLCO)","Pulmonology Investigation","TIER II","NABH","SEMI PRIVATE WARD","PI001","450.00"
"487","Lung Ventilation & Perfusion Scan (V/Q Scan)","Pulmonology Investigation","TIER II","NABH","SEMI PRIVATE WARD","PI002","5400.00"
"488","Lung Perfusion Scan","Pulmonology Investigation","TIER II","NABH","SEMI PRIVATE WARD","PI003","4500.00"
"489","6 Minute Walk Test","Pulmonology Investigation","TIER II","NABH","SEMI PRIVATE WARD","PI004","450.00"
"490","FeNO Breathing Test","Pulmonology Investigation","TIER II","NABH","SEMI PRIVATE WARD","PI005","648.00"
"491","Endo bronchial Ultrasound (EBUS) -Trans bronchial needle aspiration (TBNA) -Excluding the cost of Needle","Pulmonology Procedure","TIER II","NABH","SEMI PRIVATE WARD","PP001","18000.00"
"492","Video Bronchoscopy with BAL","Pulmonology Procedure","TIER II","NABH","SEMI PRIVATE WARD","PP002","9900.00"
"493","Whole Body Bone Scan with SPECT.","Nuclear Medicine Investigation","TIER II","NABH","SEMI PRIVATE WARD","NM001","4500.00"
"494","Three phase whole body Bone Scan","Nuclear Medicine Investigation","TIER II","NABH","SEMI PRIVATE WARD","NM002","5400.00"
"495","Brain Perfusion SPECT Scan with Technetium 99m radiopharmaceuticals.","Nuclear Medicine Investigation","TIER II","NABH","SEMI PRIVATE WARD","NM003","12060.00"
"496","Radionuclide Cisternography for CSF leak","Nuclear Medicine Investigation","TIER II","NABH","SEMI PRIVATE WARD","NM004","6120.00"
"497","Renal Cortical Scintigraphy with Technetium 99m Dimercaptosuccinic acid (DMSA)/DTPA","Nuclear Medicine Investigation","TIER II","NABH","SEMI PRIVATE WARD","NM005","3600.00"
"498","Dynamic Renography.","Nuclear Medicine Investigation","TIER II","NABH","SEMI PRIVATE WARD","NM006","3600.00"
"499","Dynamic Renography with Diuretic.","Nuclear Medicine Investigation","TIER II","NABH","SEMI PRIVATE WARD","NM007","3600.00"
"500","Dynamic Renography with Captopril","Nuclear Medicine Investigation","TIER II","NABH","SEMI PRIVATE WARD","NM008","6120.00"
"501","Testicular Scan with Technetium 99m Pertechnetate","Nuclear Medicine Investigation","TIER II","NABH","SEMI PRIVATE WARD","NM009","1530.00"
"502","Thyroid Uptake measurements with 131-Iodine.","Nuclear Medicine Investigation","TIER II","NABH","SEMI PRIVATE WARD","NM010","2250.00"
"503","Thyroid Scan with Technetium 99m Pertechnetate","Nuclear Medicine Investigation","TIER II","NABH","SEMI PRIVATE WARD","NM011","1710.00"
"504","Iodine-131 Whole Body Scan","Nuclear Medicine Investigation","TIER II","NABH","SEMI PRIVATE WARD","NM012","12060.00"
"505","Whole Body Scan with MIBG","Nuclear Medicine Investigation","TIER II","NABH","SEMI PRIVATE WARD","NM013","12060.00"
"506","Parathyroid Scan","Nuclear Medicine Investigation","TIER II","NABH","SEMI PRIVATE WARD","NM014","6584.00"
"507","Scintimammography.","Nuclear Medicine Investigation","TIER II","NABH","SEMI PRIVATE WARD","NM015","5400.00"
"508","Indium labelled octreotide Scan","Nuclear Medicine Investigation","TIER II","NABH","SEMI PRIVATE WARD","NM016","64800.00"
"509","FDG Whole body PET CT Scan","Nuclear Medicine Investigation","TIER II","NABH","SEMI PRIVATE WARD","NM017","12938.00"
"510","Brain / Heart FDG PET CT Scan","Nuclear Medicine Investigation","TIER II","NABH","SEMI PRIVATE WARD","NM018","12938.00"
"511","Gallium-68 Peptide PET / CT imaging for Neuroendocrine Tumour","Nuclear Medicine Investigation","TIER II","NABH","SEMI PRIVATE WARD","NM019","12938.00"
"512","PSMA PET CT Scan","Nuclear Medicine Investigation","TIER II","NABH","SEMI PRIVATE WARD","NM020","13500.00"
"513","F-DOPA PET-CT scan","Nuclear Medicine Investigation","TIER II","NABH","SEMI PRIVATE WARD","NM021","13500.00"
"514","Skin Biopsy","Biopsies","TIER II","NABH","SEMI PRIVATE WARD","BY001","1125.00"
"515","Punch/Wedge biopsy","Biopsies","TIER II","NABH","SEMI PRIVATE WARD","BY002","2700.00"
"516","Excision Biopsy of Ulcers","Biopsies","TIER II","NABH","SEMI PRIVATE WARD","BY003","4500.00"
"517","Excision Biopsy of Superficial Lumps","Biopsies","TIER II","NABH","SEMI PRIVATE WARD","BY004","8280.00"
"518","Incision Biopsy of Growths/Ulcers","Biopsies","TIER II","NABH","SEMI PRIVATE WARD","BY005","4500.00"
"519","Bone Marrow Aspiration and Biopsy","Biopsies","TIER II","NABH","SEMI PRIVATE WARD","BY006","7650.00"
"520","Scalene Node Biopsy","Biopsies","TIER II","NABH","SEMI PRIVATE WARD","BY007","8280.00"
"521","Liver Biopsy","Biopsies","TIER II","NABH","SEMI PRIVATE WARD","BY008","7650.00"
"522","Muscle Biopsy","Biopsies","TIER II","NABH","SEMI PRIVATE WARD","BY009","2250.00"
"523","Trucut Needle Biopsy- (excluding the cost of Needle/Biopsy Gun if used)","Biopsies","TIER II","NABH","SEMI PRIVATE WARD","BY010","3465.00"
"524","USG Guided Intervention- Diagnostic","Interventional Radiological Procedure","TIER II","NABH","SEMI PRIVATE WARD","RP001","900.00"
"525","USG Guided Intervention -Therapeutic","Interventional Radiological Procedure","TIER II","NABH","SEMI PRIVATE WARD","RP002","1800.00"
"526","USG Guided Intervention - Specialized Procedures excluding cost of Catheter or biopsy gun","Interventional Radiological Procedure","TIER II","NABH","SEMI PRIVATE WARD","RP003","2700.00"
"527","CT Guided biopsy including all the consumables","Interventional Radiology Procedure","TIER II","NABH","SEMI PRIVATE WARD","RP004","8280.00"
"528","CT Guided Intervention -Percutaneous catheter drainage/tube placement excluding the cost of tube /catheter","Interventional Radiological Procedure","TIER II","NABH","SEMI PRIVATE WARD","RP005","3150.00"
"529","Percutaneous transhepatic cholangiography (PTC)","Interventional Radiological Procedure","TIER II","NABH","SEMI PRIVATE WARD","RP006","1620.00"
"530","Transarterial Chemoembolization (TACE)","Interventional Radiological Procedure","TIER II","NABH","SEMI PRIVATE WARD","RP007","47700.00"
"531","A, B, DR Molecular Typing PCR - SSP","Oncology Investigations","TIER II","NABH","SEMI PRIVATE WARD","CA001","9284.00"
"532","ABL Kinase Domain Mutation for Chronic Myeloid leukemia (TKI Resistance, Imatinib Resistance","Oncology Investigations","TIER II","NABH","SEMI PRIVATE WARD","CA002","7290.00"
"533","ABL Kinase Domain Mutation for Ph Positive Acute Lymphoblastic leukemia (TKI Resistance, I","Oncology Investigations","TIER II","NABH","SEMI PRIVATE WARD","CA003","7290.00"
"534","Acute Leukemia karyotyping","Oncology Investigations","TIER II","NABH","SEMI PRIVATE WARD","CA004","4991.00"
"535","Acute Leukemia mutation detection (per gene)ASXL1 /c-KIT/DNMT3A/ IDH1 and IDH2 /K RAS and N RAS mutation detection","Oncology Investigations","TIER II","NABH","SEMI PRIVATE WARD","CA005","4851.00"
"536","Acute Leukemia RUNX1 mutation detection","Oncology Investigations","TIER II","NABH","SEMI PRIVATE WARD","CA006","4851.00"
"537","Acute Leukemia TET2 mutation detection","Oncology Investigations","TIER II","NABH","SEMI PRIVATE WARD","CA007","20718.00"
"538","Acute Leukemia TP53 mutation detection","Oncology Investigations","TIER II","NABH","SEMI PRIVATE WARD","CA008","20718.00"
"539","Acute Lymphoblastic leukemia karyotyping","Oncology Investigations","TIER II","NABH","SEMI PRIVATE WARD","CA009","4991.00"
"540","Acute Lymphoblastic Leukemia Mutation Detection","Oncology Investigations","TIER II","NABH","SEMI PRIVATE WARD","CA010","9936.00"
"541","Acute Lymphoblastic Leukemia Transcript Identification","Oncology Investigations","TIER II","NABH","SEMI PRIVATE WARD","CA011","2718.00"
"542","Acute Myeloid Leukemia (AML) Panel","Oncology Investigations","TIER II","NABH","SEMI PRIVATE WARD","CA012","12033.00"
"543","ALK -1","Oncology Investigations","TIER II","NABH","SEMI PRIVATE WARD","CA013","4221.00"
"544","ALK rearrangement: 2p23","Oncology Investigations","TIER II","NABH","SEMI PRIVATE WARD","CA014","4221.00"
"545","B-cell Acute Lymphoblastic Leukemia (B-ALL) Panel","Oncology Investigations","TIER II","NABH","SEMI PRIVATE WARD","CA015","10413.00"
"546","BCL3 rearrangement 19q13.3 / BCL6 rearrangement: 3q27","Oncology Investigations","TIER II","NABH","SEMI PRIVATE WARD","CA016","3137.00"
"547","BCOR alteration","Oncology Investigations","TIER II","NABH","SEMI PRIVATE WARD","CA017","5445.00"
"548","BCR/ABL (Ph) duplication, trisomy 8, trisomy 21, TP53 deletion","Oncology Investigations","TIER II","NABH","SEMI PRIVATE WARD","CA018","5486.00"
"549","BCR/ABL Ph: t(9;22)","Oncology Investigations","TIER II","NABH","SEMI PRIVATE WARD","CA019","3137.00"
"550","BCR-ABL by PCR-Quantitative","Oncology Investigations","TIER II","NABH","SEMI PRIVATE WARD","CA020","3600.00"
"551","BRAF","Oncology Investigations","TIER II","NABH","SEMI PRIVATE WARD","CA021","8100.00"
"552","BRCA1 & BRCA2","Oncology Investigations","TIER II","NABH","SEMI PRIVATE WARD","CA022","18000.00"
"553","C3d Single Allele Antibody for HLA Class I (C3dLSA Class I) /C3d Single Allele Antibody for HLA Class II (C3dLSA Class II)","Oncology Investigations","TIER II","NABH","SEMI PRIVATE WARD","CA023","15750.00"
"554","CAN ASSIST","Oncology Investigations","TIER II","NABH","SEMI PRIVATE WARD","CA024","45000.00"
"555","CCND1/IgH: t(11;14)","Oncology Investigations","TIER II","NABH","SEMI PRIVATE WARD","CA025","4221.00"
"556","CD 19 and CD 20","Oncology Investigations","TIER II","NABH","SEMI PRIVATE WARD","CA026","1350.00"
"557","Cell line karyotyping","Oncology Investigations","TIER II","NABH","SEMI PRIVATE WARD","CA027","9990.00"
"558","Chimerism Analysis","Oncology Investigations","TIER II","NABH","SEMI PRIVATE WARD","CA028","1386.00"
"559","Chromosomal breakage (fragility) studies in Fanconi's Anemia/Aplastic Anemia","Oncology Investigations","TIER II","NABH","SEMI PRIVATE WARD","CA029","4991.00"
"560","Chronic Lymphocytic Leukemia (CLL) Panel","Oncology Investigations","TIER II","NABH","SEMI PRIVATE WARD","CA030","10413.00"
"561","Chronic Lymphocytic Leukemia Comprehensive Mutation Profile (IGVH Gene Mutation & Usage, T","Oncology Investigations","TIER II","NABH","SEMI PRIVATE WARD","CA031","29988.00"
"562","Chronic Lymphocytic Leukemia IGVH Mutation Detection","Oncology Investigations","TIER II","NABH","SEMI PRIVATE WARD","CA032","5715.00"
"563","Chronic Lymphoproliferative disorder IGVH Mutation Detection","Oncology Investigations","TIER II","NABH","SEMI PRIVATE WARD","CA033","5715.00"
"564","Chronic Lymphoproliferative disorder NOTCH1 mutation / NOTCH2 mutation","Oncology Investigations","TIER II","NABH","SEMI PRIVATE WARD","CA034","4851.00"
"565","Chronic Lymphoproliferative disorder SF3B1 mutation","Oncology Investigations","TIER II","NABH","SEMI PRIVATE WARD","CA035","4851.00"
"566","Chronic Lymphoproliferative disorder TP53 mutation","Oncology Investigations","TIER II","NABH","SEMI PRIVATE WARD","CA036","20718.00"
"567","CLINICAL EXOME SEQUENCING","Oncology Investigations","TIER II","NABH","SEMI PRIVATE WARD","CA037","13500.00"
"568","CLL PANEL FISH","Oncology Investigations","TIER II","NABH","SEMI PRIVATE WARD","CA038","9000.00"
"569","CML Blast Crisis karyotyping","Oncology Investigations","TIER II","NABH","SEMI PRIVATE WARD","CA039","4991.00"
"570","Combined High Sensitivity JAK2 V617F and Exon12 Mutation Detection","Oncology Investigations","TIER II","NABH","SEMI PRIVATE WARD","CA040","6147.00"
"571","Comprehensive Molecular Testing","Oncology Investigations","TIER II","NABH","SEMI PRIVATE WARD","CA041","17388.00"
"572","Comprehensive Next Generation sequencing assay for Hematolymphoid malignancies","Oncology Investigations","TIER II","NABH","SEMI PRIVATE WARD","CA042","24300.00"
"573","Constitutional karyotyping","Oncology Investigations","TIER II","NABH","SEMI PRIVATE WARD","CA043","4991.00"
"574","Custom Sequencing Assay","Oncology Investigations","TIER II","NABH","SEMI PRIVATE WARD","CA044","9936.00"
"575","DICER1 Mutation","Oncology Investigations","TIER II","NABH","SEMI PRIVATE WARD","CA045","3492.00"
"576","Donor Specific Antibodies (DSA)","Oncology Investigations","TIER II","NABH","SEMI PRIVATE WARD","CA046","7200.00"
"577","EGFR Mutation DETECTION","Oncology Investigations","TIER II","NABH","SEMI PRIVATE WARD","CA047","8550.00"
"578","EGFR Resistance Mutation (T790m Mutation Analysis)","Oncology Investigations","TIER II","NABH","SEMI PRIVATE WARD","CA048","7200.00"
"579","ER PR Her2 Neu","Oncology Investigations","TIER II","NABH","SEMI PRIVATE WARD","CA049","2835.00"
"580","ER/PR/Her2neu, Ki67","Oncology Investigations","TIER II","NABH","SEMI PRIVATE WARD","CA050","4500.00"
"581","Extended Immune subset for Post Allogenic Stem Cell Transplant Monitoring","Oncology Investigations","TIER II","NABH","SEMI PRIVATE WARD","CA051","4500.00"
"582","Factor V Leiden Mutation Detection","Oncology Investigations","TIER II","NABH","SEMI PRIVATE WARD","CA052","5940.00"
"583","FISH for 1p33/TAL1 deletion","Oncology Investigations","TIER II","NABH","SEMI PRIVATE WARD","CA053","4482.00"
"584","FISH FOR HER2 Neu","Oncology Investigations","TIER II","NABH","SEMI PRIVATE WARD","CA054","9000.00"
"585","FISH for t(10;11)(p12;q14)/MLLT10(AF10)/PICALM","Oncology Investigations","TIER II","NABH","SEMI PRIVATE WARD","CA055","4482.00"
"586","FISH for t(11;19)(q23;p13.1)/KMT2A/ELL","Oncology Investigations","TIER II","NABH","SEMI PRIVATE WARD","CA056","4482.00"
"587","FISH for t(5;11)(q35;p15.5) NUP98/NSD1","Oncology Investigations","TIER II","NABH","SEMI PRIVATE WARD","CA057","4482.00"
"588","FISH for t(6;14)(p21;q32) IGH/CCND3","Oncology Investigations","TIER II","NABH","SEMI PRIVATE WARD","CA058","4482.00"
"589","FISH on Bone marrow Smear( 1 marker)","Oncology Investigations","TIER II","NABH","SEMI PRIVATE WARD","CA059","3137.00"
"590","FISH on bone marrow smear( 2 markers)","Oncology Investigations","TIER II","NABH","SEMI PRIVATE WARD","CA060","4928.00"
"591","FISH on FFPE - Block /Slide (2 markers)","Oncology Investigations","TIER II","NABH","SEMI PRIVATE WARD","CA061","4284.00"
"592","FISH PANEL FOR MYELOMA","Oncology Investigations","TIER II","NABH","SEMI PRIVATE WARD","CA062","12600.00"
"593","FISH Test for C19MC amplification","Oncology Investigations","TIER II","NABH","SEMI PRIVATE WARD","CA063","11475.00"
"594","FISH test for CDKN2A","Oncology Investigations","TIER II","NABH","SEMI PRIVATE WARD","CA064","6705.00"
"595","FISH test for CEN 10 loss - on Tissue","Oncology Investigations","TIER II","NABH","SEMI PRIVATE WARD","CA065","3735.00"
"596","FISH test for ETV6 break-apart analysis - On Tissue","Oncology Investigations","TIER II","NABH","SEMI PRIVATE WARD","CA066","6273.00"
"597","FISH test for MAML2 break-apart analysis - On Tissue","Oncology Investigations","TIER II","NABH","SEMI PRIVATE WARD","CA067","6444.00"
"598","Fluorescent PCR + fragment length analysis per Amplicon","Oncology Investigations","TIER II","NABH","SEMI PRIVATE WARD","CA068","315.00"
"599","GeneCORE Somatic 161 Gene Panel (NGS)","Oncology Investigations","TIER II","NABH","SEMI PRIVATE WARD","CA069","27000.00"
"600","Hairy Cell Leukemia Mutation (BRAF V600E) Detection","Oncology Investigations","TIER II","NABH","SEMI PRIVATE WARD","CA070","3141.00"
"601","Hematolymphoid Malignancy At Diagnosis- Cancer Cytogenetics Testing","Oncology Investigations","TIER II","NABH","SEMI PRIVATE WARD","CA071","15404.00"
"602","Hematolymphoid Malignancy Follow-up- Cancer Cytogenetics Testing","Oncology Investigations","TIER II","NABH","SEMI PRIVATE WARD","CA072","13500.00"
"603","Hereditary Cancer Panel","Oncology Investigations","TIER II","NABH","SEMI PRIVATE WARD","CA073","10800.00"
"604","High Sensitivity JAK2 Mutation Detection (V617F)","Oncology Investigations","TIER II","NABH","SEMI PRIVATE WARD","CA074","4149.00"
"605","Histone Mutation Detection Assay","Oncology Investigations","TIER II","NABH","SEMI PRIVATE WARD","CA075","8348.00"
"606","HLA C, DQB Molecular Typing PCR - SSP","Oncology Investigations","TIER II","NABH","SEMI PRIVATE WARD","CA076","6633.00"
"607","HLA Disease Association Next Generation Sequencing HLA-A/B/DRB1/G","Oncology Investigations","TIER II","NABH","SEMI PRIVATE WARD","CA077","4230.00"
"608","HLA Disease Association Sequence based Typing HLA A/B/DRB1","Oncology Investigations","TIER II","NABH","SEMI PRIVATE WARD","CA078","4320.00"
"609","HLA Drug Hypersensitivity Next Generation Sequencing HLA-A/B/DRB1 HLA-A/B/DRB1/G","Oncology Investigations","TIER II","NABH","SEMI PRIVATE WARD","CA079","4230.00"
"610","HLA Drug Hypersensitivity Typing HLA-A/B/DRB1","Oncology Investigations","TIER II","NABH","SEMI PRIVATE WARD","CA080","4320.00"
"611","HLA Loss Chimerism","Oncology Investigations","TIER II","NABH","SEMI PRIVATE WARD","CA081","10800.00"
"612","HLA-A, B, C, DRB1, DQB1, DPB1 (Sequence Based Typing - SBT)","Oncology Investigations","TIER II","NABH","SEMI PRIVATE WARD","CA082","13500.00"
"613","HLA-A, B, DRB1 (Sequence Based Typing - SBT)","Oncology Investigations","TIER II","NABH","SEMI PRIVATE WARD","CA083","9000.00"
"614","HLA-A, B, DRB1(Sequence Specific Oligonucleotide - SSO)","Oncology Investigations","TIER II","NABH","SEMI PRIVATE WARD","CA084","7020.00"
"615","HLA-C, DQB1(Sequence Specific Oligonucleotide - SSO)","Oncology Investigations","TIER II","NABH","SEMI PRIVATE WARD","CA085","4680.00"
"616","HRR Gene Test","Oncology Investigations","TIER II","NABH","SEMI PRIVATE WARD","CA086","27900.00"
"617","IGH Characterization IGH/CCND1:t(11;14), IGH/BCL2:t(14;18),BCL6(3q27), MYC(8q24) (4markers","Oncology Investigations","TIER II","NABH","SEMI PRIVATE WARD","CA087","4770.00"
"618","IgH/BCL2 :t(14;18)","Oncology Investigations","TIER II","NABH","SEMI PRIVATE WARD","CA088","4221.00"
"619","IGHV Gene Mutation","Oncology Investigations","TIER II","NABH","SEMI PRIVATE WARD","CA089","6750.00"
"620","Interphase FISH test for Chr. 1 copy number variations","Oncology Investigations","TIER II","NABH","SEMI PRIVATE WARD","CA090","9630.00"
"621","IRFA/DUSP22 gene rearrangement by FISH","Oncology Investigations","TIER II","NABH","SEMI PRIVATE WARD","CA091","14022.00"
"622","JAK2 Exon 12 Mutation Detection","Oncology Investigations","TIER II","NABH","SEMI PRIVATE WARD","CA092","4149.00"
"623","JAK2V617 MUTATION, WITH REFLEX TO JAK2 EX-12,CALR EX-9 MUTATION AND MPL W515, S505 MUTATION","Oncology Investigations","TIER II","NABH","SEMI PRIVATE WARD","CA093","10350.00"
"624","KI67","Oncology Investigations","TIER II","NABH","SEMI PRIVATE WARD","CA094","1170.00"
"625","KIR Typing","Oncology Investigations","TIER II","NABH","SEMI PRIVATE WARD","CA095","5220.00"
"626","KMT2A Characterization for AML","Oncology Investigations","TIER II","NABH","SEMI PRIVATE WARD","CA096","7106.00"
"627","KMT2A Characterization for B-ALL","Oncology Investigations","TIER II","NABH","SEMI PRIVATE WARD","CA097","5486.00"
"628","KRAS + NRAS + BRAF + Mutation Profile","Oncology Investigations","TIER II","NABH","SEMI PRIVATE WARD","CA098","12420.00"
"629","Lineage specific Chimerism - B Cell, T Cell and NK Cells","Oncology Investigations","TIER II","NABH","SEMI PRIVATE WARD","CA099","6480.00"
"630","Liquid Biopsy (Onco)","Oncology Investigations","TIER II","NABH","SEMI PRIVATE WARD","CA100","27000.00"
"631","Lung Basic Panel By NGS","Oncology Investigations","TIER II","NABH","SEMI PRIVATE WARD","CA101","27000.00"
"632","Lymphoma Panel","Oncology Investigations","TIER II","NABH","SEMI PRIVATE WARD","CA102","6273.00"
"633","Lymphoplasmacytic Leukemia / Waldenstroms Macroglobulinemia Mutation (MYD88 L265P) Detection","Oncology Investigations","TIER II","NABH","SEMI PRIVATE WARD","CA103","3141.00"
"634","MDS Panel","Oncology Investigations","TIER II","NABH","SEMI PRIVATE WARD","CA104","6273.00"
"635","MECOM (EVI1) rearrangement: inv(3)(q21.3q26.2)/t(3;3)","Oncology Investigations","TIER II","NABH","SEMI PRIVATE WARD","CA105","4221.00"
"636","MGMT PCR","Oncology Investigations","TIER II","NABH","SEMI PRIVATE WARD","CA106","7326.00"
"637","Miscellaneous Profile I(1 marker)","Oncology Investigations","TIER II","NABH","SEMI PRIVATE WARD","CA107","3137.00"
"638","Miscellaneous profile II(2 markers)","Oncology Investigations","TIER II","NABH","SEMI PRIVATE WARD","CA108","4928.00"
"639","MLPA per gene","Oncology Investigations","TIER II","NABH","SEMI PRIVATE WARD","CA109","3600.00"
"640","Monosomy 5/deletion 5q","Oncology Investigations","TIER II","NABH","SEMI PRIVATE WARD","CA110","3137.00"
"641","Monosomy 7/deletion 7q","Oncology Investigations","TIER II","NABH","SEMI PRIVATE WARD","CA111","3137.00"
"642","MPN (Myelo Proliferative Neoplasm)PANEL","Oncology Investigations","TIER II","NABH","SEMI PRIVATE WARD","CA112","10800.00"
"643","MSI ( Micro Satellite Instability) and MMR (Mis Match Repair)","Oncology Investigations","TIER II","NABH","SEMI PRIVATE WARD","CA113","5850.00"
"644","Multigene NGS Germline Panel","Oncology Investigations","TIER II","NABH","SEMI PRIVATE WARD","CA114","16200.00"
"645","Multiple Myeloma (MM) Panel","Oncology Investigations","TIER II","NABH","SEMI PRIVATE WARD","CA115","13383.00"
"646","Multiple Myeloma High Risk Markers (4 Markers)","Oncology Investigations","TIER II","NABH","SEMI PRIVATE WARD","CA116","4770.00"
"647","Multiple Myeloma Screening Panel","Oncology Investigations","TIER II","NABH","SEMI PRIVATE WARD","CA117","7200.00"
"648","MYD88 L265 Mutation Detection Test","Oncology Investigations","TIER II","NABH","SEMI PRIVATE WARD","CA118","6084.00"
"649","Myelodysplastic Syndromes karyotyping","Oncology Investigations","TIER II","NABH","SEMI PRIVATE WARD","CA119","4991.00"
"650","Next generation RNA sequencing assay for Chimeric Trancript in Hematolymphod malignancies","Oncology Investigations","TIER II","NABH","SEMI PRIVATE WARD","CA120","15300.00"
"651","Next Generation sequencing assay for Minimal residual disease(MRD) for NPM mutated AML","Oncology Investigations","TIER II","NABH","SEMI PRIVATE WARD","CA121","24300.00"
"652","NGS HLA Typing","Oncology Investigations","TIER II","NABH","SEMI PRIVATE WARD","CA122","9000.00"
"653","NGS Platform-extended Panel >50 gene","Oncology Investigations","TIER II","NABH","SEMI PRIVATE WARD","CA123","32400.00"
"654","NGS Platform-limited Panel(10 Genes)","Oncology Investigations","TIER II","NABH","SEMI PRIVATE WARD","CA124","16200.00"
"655","NRAS (Neuroblastoma RAS ) Gene","Oncology Investigations","TIER II","NABH","SEMI PRIVATE WARD","CA125","3150.00"
"656","Panel Reactive Antibodies (PRA) class I","Oncology Investigations","TIER II","NABH","SEMI PRIVATE WARD","CA126","2700.00"
"657","Panel Reactive Antibodies (PRA) class II","Oncology Investigations","TIER II","NABH","SEMI PRIVATE WARD","CA127","2700.00"
"658","PCR + Sanger Sequencing per Amplicon","Oncology Investigations","TIER II","NABH","SEMI PRIVATE WARD","CA128","765.00"
"659","PDGFRA (4q12), PDGFRB (5q33), FGFR1 (8p11.2) rearrangement","Oncology Investigations","TIER II","NABH","SEMI PRIVATE WARD","CA129","5486.00"
"660","PDGFRA rearrangement: 4q12","Oncology Investigations","TIER II","NABH","SEMI PRIVATE WARD","CA130","4221.00"
"661","PDGFRB rearrangement: 5q33","Oncology Investigations","TIER II","NABH","SEMI PRIVATE WARD","CA131","4221.00"
"662","PDL 1","Oncology Investigations","TIER II","NABH","SEMI PRIVATE WARD","CA132","4500.00"
"663","PDL-1-28-8 (FDA Approved)","Oncology Investigations","TIER II","NABH","SEMI PRIVATE WARD","CA133","6750.00"
"664","Ph: t(9;22) karyotyping","Oncology Investigations","TIER II","NABH","SEMI PRIVATE WARD","CA134","3560.00"
"665","Ph-like ALL Panel (4 Markers)","Oncology Investigations","TIER II","NABH","SEMI PRIVATE WARD","CA135","4770.00"
"666","PIK3CA GENE MUTATION","Oncology Investigations","TIER II","NABH","SEMI PRIVATE WARD","CA136","4860.00"
"667","PIK3CA Mutation Testing","Oncology Investigations","TIER II","NABH","SEMI PRIVATE WARD","CA137","5130.00"
"668","Ploidy analysis","Oncology Investigations","TIER II","NABH","SEMI PRIVATE WARD","CA138","3560.00"
"669","PML-RARA t(15;17), variants","Oncology Investigations","TIER II","NABH","SEMI PRIVATE WARD","CA139","4712.00"
"670","PRA Screen","Oncology Investigations","TIER II","NABH","SEMI PRIVATE WARD","CA140","2700.00"
"671","PTPRT: Deletion 20q","Oncology Investigations","TIER II","NABH","SEMI PRIVATE WARD","CA141","4221.00"
"672","RARA Variant - ZBTB16 / RARA : t(11;17) (1 marker)","Oncology Investigations","TIER II","NABH","SEMI PRIVATE WARD","CA142","2727.00"
"673","RHOA Mutation Detection Assay","Oncology Investigations","TIER II","NABH","SEMI PRIVATE WARD","CA143","6273.00"
"674","ROS 1","Oncology Investigations","TIER II","NABH","SEMI PRIVATE WARD","CA144","8748.00"
"675","RQ PCR based assay for MRD monitoring of Acute Leukaemia","Oncology Investigations","TIER II","NABH","SEMI PRIVATE WARD","CA145","8550.00"
"676","RQ-PCR BCR-ABL (P210)","Oncology Investigations","TIER II","NABH","SEMI PRIVATE WARD","CA146","9864.00"
"677","RQ-PCR PML-RARA","Oncology Investigations","TIER II","NABH","SEMI PRIVATE WARD","CA147","9864.00"
"678","RT-PCR Multiplex, Acute Leukaemia Panel","Oncology Investigations","TIER II","NABH","SEMI PRIVATE WARD","CA148","6570.00"
"679","RT-PCR Multiplex, BCR-ABL (P190, P210)","Oncology Investigations","TIER II","NABH","SEMI PRIVATE WARD","CA149","5715.00"
"680","RT-PCR Nested, IGH Chain Gene Rearrangement /TCR Gene Rearrangement","Oncology Investigations","TIER II","NABH","SEMI PRIVATE WARD","CA150","4149.00"
"681","Single Antigen Class I","Oncology Investigations","TIER II","NABH","SEMI PRIVATE WARD","CA151","11700.00"
"682","Single Antigen Class II","Oncology Investigations","TIER II","NABH","SEMI PRIVATE WARD","CA152","11700.00"
"683","Slide / Images for Second Opinion- Cancer Cytogenetics","Oncology Investigations","TIER II","NABH","SEMI PRIVATE WARD","CA153","828.00"
"684","STR Panel studies","Oncology Investigations","TIER II","NABH","SEMI PRIVATE WARD","CA154","4005.00"
"685","Surface Marker Complete Panel","Oncology Investigations","TIER II","NABH","SEMI PRIVATE WARD","CA155","10949.00"
"686","Surface Marker Individual","Oncology Investigations","TIER II","NABH","SEMI PRIVATE WARD","CA156","1710.00"
"687","t(1;22) and Trisomy 21 in Acute Megakaryoblastic Leukemia (AML -M7) (2 Markers)","Oncology Investigations","TIER II","NABH","SEMI PRIVATE WARD","CA157","4284.00"
"688","T-cell Acute Lymphoblastic Leukemia (T-ALL) Panel","Oncology Investigations","TIER II","NABH","SEMI PRIVATE WARD","CA158","13653.00"
"689","TCR-A rearrangement: 14q11","Oncology Investigations","TIER II","NABH","SEMI PRIVATE WARD","CA159","4221.00"
"690","TERT Promoter Mutation Assay","Oncology Investigations","TIER II","NABH","SEMI PRIVATE WARD","CA160","5225.00"
"691","TFE-3 FISH","Oncology Investigations","TIER II","NABH","SEMI PRIVATE WARD","CA161","10872.00"
"692","TPMT (Thiopurine Methyl Transferase) Genotyping","Oncology Investigations","TIER II","NABH","SEMI PRIVATE WARD","CA162","4590.00"
"693","Trisomy 12","Oncology Investigations","TIER II","NABH","SEMI PRIVATE WARD","CA163","2183.00"
"694","Trisomy 21","Oncology Investigations","TIER II","NABH","SEMI PRIVATE WARD","CA164","2183.00"
"695","Trisomy 4, 10 & 17","Oncology Investigations","TIER II","NABH","SEMI PRIVATE WARD","CA165","3137.00"
"696","Trisomy 8","Oncology Investigations","TIER II","NABH","SEMI PRIVATE WARD","CA166","2183.00"
"697","V Beta Repertoire Analysis by Flow Cytometry for T-Cell Clonality","Oncology Investigations","TIER II","NABH","SEMI PRIVATE WARD","CA167","10949.00"
"698","XX/XY (Chimerism Studies) in Sex mismatch Bone Marrow Transplantation (BMT)","Oncology Investigations","TIER II","NABH","SEMI PRIVATE WARD","CA168","2183.00"
"699","Single drug Chemotherapy","Chemotherapy","TIER II","NABH","SEMI PRIVATE WARD","CT001","1530.00"
"700","Multiple drugs Chemotherapy/Targeted therapy/Immunotherapy","Chemotherapy","TIER II","NABH","SEMI PRIVATE WARD","CT002","2070.00"
"701","Neoadjuvant Chemotherapy","Chemotherapy","TIER II","NABH","SEMI PRIVATE WARD","CT003","2430.00"
"702","Adjuvant Chemotherapy","Chemotherapy","TIER II","NABH","SEMI PRIVATE WARD","CT004","1980.00"
"703","Concurrent-chemoradiation","Chemotherapy","TIER II","NABH","SEMI PRIVATE WARD","CT005","1710.00"
"704","Intravesical Instillation of BCG excluding the cost of BCG","Chemotherapy","TIER II","NABH","SEMI PRIVATE WARD","CT006","2700.00"
"705","Level 1- Brachytherapy (Eye Plaque or SIVA or CVS per insertion or application)","Radiotherapy","TIER II","NABH","SEMI PRIVATE WARD","RT001","6300.00"
"706","Level 2- Brachytherapy (Simple ICA with Xray based 2D planning, ILRT, Endobilliary BCT)","Radiotherapy","TIER II","NABH","SEMI PRIVATE WARD","RT002","9000.00"
"707","Level 3- Brachytherapy(Surface Mould, Radical Interstitial BCT, Intraoperative Template or interstitial brachytherapy catheter insertion)","Radiotherapy","TIER II","NABH","SEMI PRIVATE WARD","RT003","22500.00"
"708","Level 4- Brachytherapy (ICA with CT based Planning)","Radiotherapy","TIER II","NABH","SEMI PRIVATE WARD","RT004","27000.00"
"709","Level 5- Brachytherapy (Complex ICA with interstitial with CT or MR based planning)","Radiotherapy","TIER II","NABH","SEMI PRIVATE WARD","RT005","36000.00"
"710","Level 1- Radiation Therapy (1-10 fractions on Cobalt)","Radiotherapy","TIER II","NABH","SEMI PRIVATE WARD","RT006","13500.00"
"711","Level 2- Radiation Therapy(More than 10 fractions on Cobalt OR Upto 10 fractions on LA clinical (without CT or TPS planning) without IGRT OR Hemibody palliative RT (1-2 fractions weekly))","Radiotherapy","TIER II","NABH","SEMI PRIVATE WARD","RT007","25200.00"
"712","Level 3- Radiation Therapy (LA 3D with conventional fractionation of 2-5 Gy OR Weekly hypofractionation of >5 Gy with 3D CRT plan in 1-2 fractions. No IGRT allowed.)","Radiotherapy","TIER II","NABH","SEMI PRIVATE WARD","RT008","45000.00"
"713","Level 4- Radiation therapy (LA 3D with IGRT conventional fractionation of 2- 5 Gy OR Weekly hypofractionation >5 Gy with 3D CRT plan in 1-2 fractions. with IGRT)","Radiotherapy","TIER II","NABH","SEMI PRIVATE WARD","RT009","56700.00"
"714","Level 5- Radiation Therapy (LA IMRT/ Rapid Arc/VMAT with < 5Gy per fraction and <10 IGRT (CBCT or MVCT or EPID) OR Cobalt Radical with LA boost including electron boost OR TSET OR TBI)","Radiotherapy","TIER II","NABH","SEMI PRIVATE WARD","RT010","135000.00"
"715","Level 6- Radiation Therapy (LA 4D/DE or DIBH with 3D CRT/ IMRT/ Rapid Arc/VMAT with >10 IGRT (CBCT or MVCT or EPID) OR LA IMRT/ Rapid Arc/VMAT with <5Gy per fraction and >10 IGRT (CBCT or MVCT or EPID) OR Adaptive RT OR CSI OR Multisite treatment outside one FOV or one plan OR SBRT OR SRS OR SRT (per fraction dose >5Gy))","Radiotherapy","TIER II","NABH","SEMI PRIVATE WARD","RT011","162000.00"
"716","Radiosynovectomy with Yttrium","Radio-Isotope Therapy","TIER II","NABH","SEMI PRIVATE WARD","IT001","22500.00"
"717","131-Iodine Therapy 51-100mCi","Radio-Isotope Therapy","TIER II","NABH","SEMI PRIVATE WARD","IT002","12888.00"
"718","131-Iodine Therapy >100mCi","Radio-Isotope Therapy","TIER II","NABH","SEMI PRIVATE WARD","IT003","17798.00"
"719","Samarium-153 therapy for metastatic bone pain palliation","Radio-Isotope Therapy","TIER II","NABH","SEMI PRIVATE WARD","IT004","18045.00"
"720","131-Iodine Therapy <15mCi","Radio-Isotope Therapy","TIER II","NABH","SEMI PRIVATE WARD","IT005","6669.00"
"721","131-Iodine Therapy 15-50mCi","Radio-Isotope Therapy","TIER II","NABH","SEMI PRIVATE WARD","IT006","10044.00"
"722","Phosphorus-32 therapy for metastatic bone pain palliation","Radio-Isotope Therapy","TIER II","NABH","SEMI PRIVATE WARD","IT007","12749.00"
"723","Cervical Traction (per session)","Physiotherapy","TIER II","NABH","SEMI PRIVATE WARD","PT001","270.00"
"724","Lumbar Traction (per session)","Physiotherapy","TIER II","NABH","SEMI PRIVATE WARD","PT002","270.00"
"725","Exercises /Post Natal Exercises/Prenatal Exercises/Therapeutic Exercises/Orthopaedic Rehabilitation (Joint Replacement/Post Surgery)/Hand Rehab (per session)","Physiotherapy","TIER II","NABH","SEMI PRIVATE WARD","PT003","270.00"
"726","Chest Physiotherapy/ Breathing Exercise &Postural Drainage per Session/Post Covid Rehabilitation /Pulmonary Rehabilitation/Cardiac Rehabilitation (per session)","Physiotherapy","TIER II","NABH","SEMI PRIVATE WARD","PT004","270.00"
"727","Ultra Sonic Therapy /Short Wave Diathermy / Microwave/ Long Wave Diathermy /Infrared/IFT) (per session)","Physiotherapy","TIER II","NABH","SEMI PRIVATE WARD","PT005","270.00"
"728","Electrical Muscle Stimulation/Cryotherapy/TENS (per session)","Physiotherapy","TIER II","NABH","SEMI PRIVATE WARD","PT006","360.00"
"729","Hot Pack/ Cold Pack/Wax Bath/Moist Heat (per session)","Physiotherapy","TIER II","NABH","SEMI PRIVATE WARD","PT007","270.00"
"730","Shock Wave Therapy/Matrix Rhythm Therapy/Laser/PEMF -Pulse Electro Magnetic Therapy (per session)","Physiotherapy","TIER II","NABH","SEMI PRIVATE WARD","PT008","360.00"
"731","Gait Assessment (per session)","Physiotherapy","TIER II","NABH","SEMI PRIVATE WARD","PT009","540.00"
"732","Gait Training (per session)","Physiotherapy","TIER II","NABH","SEMI PRIVATE WARD","PT010","270.00"
"733","Tilt Training/Neuro-Rehab Basic (per session)","Physiotherapy","TIER II","NABH","SEMI PRIVATE WARD","PT011","270.00"
"734","Neuro Rehabilitation Advanced (per session)","Physiotherapy","TIER II","NABH","SEMI PRIVATE WARD","PT012","720.00"
"735","Paediatric Rehabilitation (per session)","Physiotherapy","TIER II","NABH","SEMI PRIVATE WARD","PT013","270.00"
"736","Speech Therapy per session of at least 40 minutes","Behavioural Therapy","TIER II","NABH","SEMI PRIVATE WARD","BT001","360.00"
"737","Occupational Therapy per session of at least 40 minutes","Behavioural therapy","TIER II","NABH","SEMI PRIVATE WARD","BT002","360.00"
"738","Applied Behaviour Analysis based behaviour therapy (ABA based Behaviour therapy) per session of at least 40 minutes","Behavioural therapy","TIER II","NABH","SEMI PRIVATE WARD","BT003","360.00"
"739","Special education per session of at least 40 minutes","Behavioural therapy","TIER II","NABH","SEMI PRIVATE WARD","BT004","360.00"
"740","Biofeedback per session","Behavioural therapy","TIER II","NABH","SEMI PRIVATE WARD","BT005","2700.00"
"741","Intraoral Periapical (IOPA) Radiograph X-ray/RVG(Single Film)","Dental Investigation","TIER II","NABH","SEMI PRIVATE WARD","DI001","180.00"
"742","Intraoral Occlusal/Bite Wing X-Ray","Dental Investigation","TIER II","NABH","SEMI PRIVATE WARD","DI002","270.00"
"743","Digital OPG with X ray film/ CD","Dental Investigation","TIER II","NABH","SEMI PRIVATE WARD","DI003","450.00"
"744","Biopsy of Oral tissue- Soft","Dental Biopsy","TIER II","NABH","SEMI PRIVATE WARD","DI004","1080.00"
"745","Biopsy of Oral tissue - Hard (bone, tooth)","Dental Biopsy","TIER II","NABH","SEMI PRIVATE WARD","DI005","1800.00"
"746","Abscess - Drainage-Dental","Dental Procedure","TIER II","NABH","SEMI PRIVATE WARD","DP001","1350.00"
"747","Scaling","Dental Procedure","TIER II","NABH","SEMI PRIVATE WARD","DP002","900.00"
"748","Curettage and Root Planning - Per Tooth","Dental Procedure","TIER II","NABH","SEMI PRIVATE WARD","DP003","315.00"
"749","Curettage and Root Planning - Per Arch","Dental Procedure","TIER II","NABH","SEMI PRIVATE WARD","DP004","1800.00"
"750","Gingivoplasty - Per Quadrant","Dental Procedure","TIER II","NABH","SEMI PRIVATE WARD","DP005","900.00"
"751","Gingivectomy - Per Quadrant","Dental Procedure","TIER II","NABH","SEMI PRIVATE WARD","DP006","1080.00"
"752","Flap Surgery- Per Tooth","Dental Procedure","TIER II","NABH","SEMI PRIVATE WARD","DP007","405.00"
"753","Flap Surgery- Per Quadrant","Dental Procedure","TIER II","NABH","SEMI PRIVATE WARD","DP008","1800.00"
"754","Flap Surgery and Bone Graft per quadrant","Dental Procedure","TIER II","NABH","SEMI PRIVATE WARD","DP009","2700.00"
"755","Extraction - Normal Tooth","Dental Procedure","TIER II","NABH","SEMI PRIVATE WARD","DP010","360.00"
"756","Complicated Extraction per tooth under LA","Dental Procedure","TIER II","NABH","SEMI PRIVATE WARD","DP011","720.00"
"757","Extraction Impacted - Soft tissue/ 3rd Molar/wisdom tooth extraction","Dental Procedure","TIER II","NABH","SEMI PRIVATE WARD","DP012","1800.00"
"758","Multiple Extraction and Treatment Procedures for Special Children, Patients with Systemic Diseases, Patient with Special Needs Which Requires Admission and Treatment Under GA","Dental Procedure","TIER II","NABH","SEMI PRIVATE WARD","DP013","5400.00"
"759","Extraction - Orthodontic Extraction","Dental Procedure","TIER II","NABH","SEMI PRIVATE WARD","DP014","675.00"
"760","Operculectomy- Pericoronal flap excision","Dental Procedure","TIER II","NABH","SEMI PRIVATE WARD","DP015","1800.00"
"761","Extraction Impacted - Bony","Dental Procedure","TIER II","NABH","SEMI PRIVATE WARD","DP016","4500.00"
"762","Alveoloplasty - Per Tooth","Dental Procedure","TIER II","NABH","SEMI PRIVATE WARD","DP017","270.00"
"763","Alveoloplasty - Per Quadrant","Dental Procedure","TIER II","NABH","SEMI PRIVATE WARD","DP018","1080.00"
"764","Frenectomy","Dental Procedure","TIER II","NABH","SEMI PRIVATE WARD","DP019","2250.00"
"765","Excision of hyperplastic tissue - per arch","Dental Procedure","TIER II","NABH","SEMI PRIVATE WARD","DP020","1080.00"
"766","Surgical Augmentation/Alveolectomy per Arch","Dental Procedure","TIER II","NABH","SEMI PRIVATE WARD","DP021","3150.00"
"767","Bone replacement graft for ridge preservation - per site","Dental Procedure","TIER II","NABH","SEMI PRIVATE WARD","DP022","1800.00"
"768","Minor oral surgery, cyst, granuloma, residual infection, mucocele, epulis under LA","Dental Procedure","TIER II","NABH","SEMI PRIVATE WARD","DP023","1800.00"
"769","Application of Desensitizing Medicament","Dental Procedure","TIER II","NABH","SEMI PRIVATE WARD","DP024","450.00"
"770","Fluoride Application for Children","Dental Procedure","TIER II","NABH","SEMI PRIVATE WARD","DP025","900.00"
"771","Temporary restoration","Dental Procedure","TIER II","NABH","SEMI PRIVATE WARD","DP026","135.00"
"772","Glass ionomer Cement Restoration","Dental Procedure","TIER II","NABH","SEMI PRIVATE WARD","DP027","540.00"
"773","Composite - Occlusal Pit/Class I","Dental Procedure","TIER II","NABH","SEMI PRIVATE WARD","DP028","450.00"
"774","Composite -Class I with buccal extension/Class II Class III/Class IV/Class VI/Diastema Closure/MOD","Dental Procedure","TIER II","NABH","SEMI PRIVATE WARD","DP029","900.00"
"775","RCT-Single Rooted tooth","Dental Procedure","TIER II","NABH","SEMI PRIVATE WARD","DP030","1800.00"
"776","RCT Multiple root and/ canal tooth","Dental Procedure","TIER II","NABH","SEMI PRIVATE WARD","DP031","2700.00"
"777","Re-RCT - Anterior","Dental Procedure","TIER II","NABH","SEMI PRIVATE WARD","DP032","2250.00"
"778","Re-RCT - Posterior","Dental Procedure","TIER II","NABH","SEMI PRIVATE WARD","DP033","2700.00"
"779","Medication -intracanal medicament (only lesion cases)","Dental Procedure","TIER II","NABH","SEMI PRIVATE WARD","DP034","450.00"
"780","Apicectomy-Single tooth","Dental Procedure","TIER II","NABH","SEMI PRIVATE WARD","DP035","1800.00"
"781","Apicectomy-Multiple tooth","Dental Procedure","TIER II","NABH","SEMI PRIVATE WARD","DP036","2700.00"
"782","Apexification with any bio-compatible material","Dental Procedure","TIER II","NABH","SEMI PRIVATE WARD","DP037","1800.00"
"783","Root end resection and Retro grade filling","Dental Procedure","TIER II","NABH","SEMI PRIVATE WARD","DP038","2700.00"
"784","Surgical - Apicectomy/ Periapical surgery without bone grafting","Dental Procedure","TIER II","NABH","SEMI PRIVATE WARD","DP039","630.00"
"785","Tissue Conditioning, Maxillary/Mandibular","Dental Procedure","TIER II","NABH","SEMI PRIVATE WARD","DP040","270.00"
"786","Core build-up/ Post and Core - Custom made /Inlay/onlay","Dental Procedure","TIER II","NABH","SEMI PRIVATE WARD","DP041","1350.00"
"787","Crown lengthening - Per Tooth","Dental Procedure","TIER II","NABH","SEMI PRIVATE WARD","DP042","450.00"
"788","Crown - PMMA Crown","Dental Procedure","TIER II","NABH","SEMI PRIVATE WARD","DP043","900.00"
"789","Crown - All Metal-Nickel Free","Dental Procedure","TIER II","NABH","SEMI PRIVATE WARD","DP044","1800.00"
"790","Crown - Metal with Ceramic Facing","Dental Procedure","TIER II","NABH","SEMI PRIVATE WARD","DP045","2700.00"
"791","Crown - Recementation","Dental Procedure","TIER II","NABH","SEMI PRIVATE WARD","DP046","540.00"
"792","Crown - Removal","Dental Procedure","TIER II","NABH","SEMI PRIVATE WARD","DP047","450.00"
"793","Odontoplasty /Enameloplasty","Dental Procedure","TIER II","NABH","SEMI PRIVATE WARD","DP048","450.00"
"794","Pulpectomy (Anterior Tooth)","Dental Procedure","TIER II","NABH","SEMI PRIVATE WARD","DP049","1800.00"
"795","Pulpectomy (Posterior Tooth)","Dental Procedure","TIER II","NABH","SEMI PRIVATE WARD","DP050","2700.00"
"796","Pulpotomy","Dental Procedure","TIER II","NABH","SEMI PRIVATE WARD","DP051","900.00"
"797","Veneer - Ceramic paediatric","Dental Procedure","TIER II","NABH","SEMI PRIVATE WARD","DP052","2700.00"
"798","Interceptive Orthodontic Treatment of the Primary Dentition/Transition Dentition","Dental Procedure","TIER II","NABH","SEMI PRIVATE WARD","DP053","6300.00"
"799","Limited Orthodontic Treatment of the Primary Dentition","Dental Procedure","TIER II","NABH","SEMI PRIVATE WARD","DP054","4500.00"
"800","Occlusion Analysis/Adjustment/Occlusal Equilibration","Dental Procedure","TIER II","NABH","SEMI PRIVATE WARD","DP055","450.00"
"801","Tooth Splinting -General","Dental Procedure","TIER II","NABH","SEMI PRIVATE WARD","DP056","1350.00"
"802","Splinting - Periodontally weak teeth","Dental Procedure","TIER II","NABH","SEMI PRIVATE WARD","DP057","1620.00"
"803","Night Guard","Dental Procedure","TIER II","NABH","SEMI PRIVATE WARD","DP058","1800.00"
"804","Bridge/ Fixed Partial denture (per missing/ extracted tooth) metal crown","Dental Procedure","TIER II","NABH","SEMI PRIVATE WARD","DP059","1800.00"
"805","Bridge/ Fixed Partial denture (per missing/ extracted tooth) metal crown with Ceramic facing","Dental Procedure","TIER II","NABH","SEMI PRIVATE WARD","DP060","2700.00"
"806","Removable Partial Denture - Flexible Per Arch","Dental Procedure","TIER II","NABH","SEMI PRIVATE WARD","DP061","6750.00"
"807","Removable Partial Denture - Cast Metal Up to 3 Teeth","Dental Procedure","TIER II","NABH","SEMI PRIVATE WARD","DP062","3600.00"
"808","Removable Partial Denture - Cast Metal (additional Per tooth)","Dental Procedure","TIER II","NABH","SEMI PRIVATE WARD","DP063","270.00"
"809","Removable Partial Denture - Acrylic Up to 3 teeth","Dental Procedure","TIER II","NABH","SEMI PRIVATE WARD","DP064","1800.00"
"810","Removable Partial Denture - Tooth Addition (per tooth)","Dental Procedure","TIER II","NABH","SEMI PRIVATE WARD","DP065","270.00"
"811","Add Clasp to existing Partial Denture","Dental Procedure","TIER II","NABH","SEMI PRIVATE WARD","DP066","450.00"
"812","Add Tooth to existing Partial Denture","Dental Procedure","TIER II","NABH","SEMI PRIVATE WARD","DP067","360.00"
"813","Tooth Supported Overdenture Per Arch","Dental Procedure","TIER II","NABH","SEMI PRIVATE WARD","DP068","6750.00"
"814","Complete Denture - Per Arch","Dental Procedure","TIER II","NABH","SEMI PRIVATE WARD","DP069","9000.00"
"815","Removable orthodontic appliance / Post Orthodontic R O A -per arch","Dental Procedure","TIER II","NABH","SEMI PRIVATE WARD","DP070","2250.00"
"816","Fixed orthodontic per arch","Dental Procedure","TIER II","NABH","SEMI PRIVATE WARD","DP071","13500.00"
"817","Space Maintainers - Fixed","Dental Procedure","TIER II","NABH","SEMI PRIVATE WARD","DP072","3600.00"
"818","Minor Treatment to Control Habits-Removable Appliance Therapy","Dental Procedure","TIER II","NABH","SEMI PRIVATE WARD","DP073","2250.00"
"819","Minor Treatment to Control Habits-Fixed Appliance Therapy","Dental Procedure","TIER II","NABH","SEMI PRIVATE WARD","DP074","3600.00"
"820","Functional orthodontic appliance","Dental Procedure","TIER II","NABH","SEMI PRIVATE WARD","DP075","5400.00"
"821","Feeding appliance for Cleft Palate","Dental Procedure","TIER II","NABH","SEMI PRIVATE WARD","DP076","4500.00"
"822","Expansion plate","Dental Procedure","TIER II","NABH","SEMI PRIVATE WARD","DP077","5850.00"
"823","Maxillofacial Prosthesis -Sal/auricular/orbital/Nasal/Palatal/facial lost/ Speech Aid","Dental Procedure","TIER II","NABH","SEMI PRIVATE WARD","DP078","6300.00"
"824","Obturator Prosthesis - Surgical/Definitive/Modification","Dental Procedure","TIER II","NABH","SEMI PRIVATE WARD","DP079","4500.00"
"825","Removal of - Lateral Exostosis/Torus Mandibularis/Torus Palatines/Surgical reduction of Osseous Tuberosity","Dental Procedure","TIER II","NABH","SEMI PRIVATE WARD","DP080","2700.00"
"826","Sialolithotomy/Sialodocotomy/ Closure of Salivary Fistula","Dental Procedure","TIER II","NABH","SEMI PRIVATE WARD","DP081","1800.00"
"827","Excision of Salivary gland","Dental Procedure","TIER II","NABH","SEMI PRIVATE WARD","DP082","13500.00"
"828","Release of fibrous bands & grafting in (OSMF) treatment under GA","Dental Procedure","TIER II","NABH","SEMI PRIVATE WARD","DP083","18000.00"
"829","Facial Space Abscess","Dental Procedure","TIER II","NABH","SEMI PRIVATE WARD","DP084","4500.00"
"830","Partial Ostectomy / sequestrectomy for removal of non-vital bone","Dental Procedure","TIER II","NABH","SEMI PRIVATE WARD","DP085","1800.00"
"831","Alveolus - Closed Reduction stabilization of Teeth","Dental Procedure","TIER II","NABH","SEMI PRIVATE WARD","DP086","3600.00"
"832","Alveolus - Open Reduction stabilization of Teeth","Dental Procedure","TIER II","NABH","SEMI PRIVATE WARD","DP087","5400.00"
"833","Arch bar fixation","Dental Procedure","TIER II","NABH","SEMI PRIVATE WARD","DP088","4500.00"
"834","Oroantral Fistula closure","Dental Procedure","TIER II","NABH","SEMI PRIVATE WARD","DP089","4500.00"
"835","Osseous, Oste periosteal, or Cartilage graft of the Mandible or Maxilla - autogenous or non-autogenous bone graft","Dental Procedure","TIER II","NABH","SEMI PRIVATE WARD","DP090","2700.00"
"836","Osteoplasty - for Orthognathic deformities/ Mandibular Rami/ Body of Mandible","Dental Procedure","TIER II","NABH","SEMI PRIVATE WARD","DP091","27000.00"
"837","Maxilla - Closed Reduction","Dental Procedure","TIER II","NABH","SEMI PRIVATE WARD","DP092","5400.00"
"838","Maxilla - Open Reduction","Dental Procedure","TIER II","NABH","SEMI PRIVATE WARD","DP093","9000.00"
"839","Mandible - Closed Reduction","Dental Procedure","TIER II","NABH","SEMI PRIVATE WARD","DP094","5400.00"
"840","Mandible - Open Reduction","Dental Procedure","TIER II","NABH","SEMI PRIVATE WARD","DP095","9000.00"
"841","Cyst of Maxilla/mandible by enucleation/excision/marsupialization upto 4 cms under LA","Dental Procedure","TIER II","NABH","SEMI PRIVATE WARD","DP096","4500.00"
"842","Cyst of Maxilla/mandible by enucleation/excision/marsupialization more than 4 cms under LA","Dental Procedure","TIER II","NABH","SEMI PRIVATE WARD","DP097","5400.00"
"843","Cyst of Maxilla/mandible by enucleation/excision/marsupialization more than 4 cms under GA and admission","Dental Procedure","TIER II","NABH","SEMI PRIVATE WARD","DP098","22500.00"
"844","Temporomandibular(TM) joint ankylosis- under GA/Open /Closed Reduction","Dental Procedure","TIER II","NABH","SEMI PRIVATE WARD","DP099","18000.00"
"845","Segmental / Hemi Mandibulectomy with graft","Dental Procedure","TIER II","NABH","SEMI PRIVATE WARD","DP100","22500.00"
"846","Segmental /Hemi Mandibulectomy without graft","Dental Procedure","TIER II","NABH","SEMI PRIVATE WARD","DP101","18000.00"
"847","Sub-Total mandibulectomy with graft","Dental Procedure","TIER II","NABH","SEMI PRIVATE WARD","DP102","31500.00"
"848","Sub-Total mandibulectomy without graft","Dental Procedure","TIER II","NABH","SEMI PRIVATE WARD","DP103","27000.00"
"849","Maxillectomy/Mandibulectomy- Total with graft","Dental Procedure","TIER II","NABH","SEMI PRIVATE WARD","DP104","31500.00"
"850","Maxillectomy/Mandibulectomy- Total without graft","Dental Procedure","TIER II","NABH","SEMI PRIVATE WARD","DP105","27000.00"
"851","Maxillectomy- partial with graft","Dental Procedure","TIER II","NABH","SEMI PRIVATE WARD","DP106","22500.00"
"852","Maxillectomy- partial without graft","Dental Procedure","TIER II","NABH","SEMI PRIVATE WARD","DP107","18000.00"
"853","Malar and/or Zygomatic arch - Closed Reduction","Dental Procedure","TIER II","NABH","SEMI PRIVATE WARD","DP108","5400.00"
"854","Malar and/or Zygomatic arch - Open Reduction","Dental Procedure","TIER II","NABH","SEMI PRIVATE WARD","DP109","9000.00"
"855","Distraction osteogenesis of mandible or maxilla under GA","Dental Procedure","TIER II","NABH","SEMI PRIVATE WARD","DP110","27000.00"
"856","Facial bones - Complicated Reduction with fixation","Dental Procedure","TIER II","NABH","SEMI PRIVATE WARD","DP111","40500.00"
"857","Refraction with auto refraction - Both Eyes","Ophthalmology Investigation","TIER II","NABH","SEMI PRIVATE WARD","OI001","180.00"
"858","Indirect Ophthalmoscopy (Fundoscopy) - Both Eyes","Ophthalmology Investigation","TIER II","NABH","SEMI PRIVATE WARD","OI002","270.00"
"859","Orthoptic check-up- with synoptophore- Both Eyes","Ophthalmology Investigation","TIER II","NABH","SEMI PRIVATE WARD","OI003","180.00"
"860","Lees- charting or Hess- charting- Both Eyes","Ophthalmology Investigation","TIER II","NABH","SEMI PRIVATE WARD","OI004","270.00"
"861","Perimetry (Visual Field Testing) -Goldman- Both Eyes","Ophthalmology Investigation","TIER II","NABH","SEMI PRIVATE WARD","OI005","450.00"
"862","Perimetry /Humphrey Visual Field (HVF ) test- Automated- Both Eyes","Ophthalmology Investigation","TIER II","NABH","SEMI PRIVATE WARD","OI006","720.00"
"863","Fluorescein angiography for fundus or iris- Both Eyes","Ophthalmology Investigation","TIER II","NABH","SEMI PRIVATE WARD","OI007","1800.00"
"864","Indocyanine green angiography - Both Eyes","Ophthalmology Investigation","TIER II","NABH","SEMI PRIVATE WARD","OI008","1800.00"
"865","Ultrasound A- Scan/optical biometry[lenstar, IOL master] - Both Eyes","Ophthalmology Investigation","TIER II","NABH","SEMI PRIVATE WARD","OI009","900.00"
"866","Ultrasound B- Scan - Both Eyes","Ophthalmology Investigation","TIER II","NABH","SEMI PRIVATE WARD","OI010","450.00"
"867","Fundus Photo Test /disc photo for glaucoma- Both Eyes","Ophthalmology Investigation","TIER II","NABH","SEMI PRIVATE WARD","OI011","450.00"
"868","Corneal endothelial cell count with specular microscopy- Both Eyes","Ophthalmology Investigation","TIER II","NABH","SEMI PRIVATE WARD","OI012","540.00"
"869","Corneal topography /pentacam- Both Eyes","Ophthalmology Investigation","TIER II","NABH","SEMI PRIVATE WARD","OI013","1800.00"
"870","Corneal pachymetry (corneal thickness)/ CCT - Both Eyes","Ophthalmology Investigation","TIER II","NABH","SEMI PRIVATE WARD","OI014","477.00"
"871","OCT (Optical Coherence Tomography) /Ocular OCT Angiography - Both Eyes","Ophthalmology Investigation","TIER II","NABH","SEMI PRIVATE WARD","OI015","1890.00"
"872","UBM- Ultrasound bio microscopy- Both Eyes","Ophthalmology Investigation","TIER II","NABH","SEMI PRIVATE WARD","OI016","900.00"
"873","Non Contact tonometry (NCT) - Both Eyes","Ophthalmology Investigation","TIER II","NABH","SEMI PRIVATE WARD","OI017","135.00"
"874","IOP measurement with Schiotz - Both Eyes","Ophthalmology Investigation","TIER II","NABH","SEMI PRIVATE WARD","OI018","90.00"
"875","IOP measurement with applanation tonometry - Both Eyes","Ophthalmology Investigation","TIER II","NABH","SEMI PRIVATE WARD","OI019","180.00"
"876","Diurnal variation of IOP - Both Eyes","Ophthalmology Investigation","TIER II","NABH","SEMI PRIVATE WARD","OI020","1350.00"
"877","90 D lens examination/Three mirror examination for retina - Both Eyes","Ophthalmology Investigation","TIER II","NABH","SEMI PRIVATE WARD","OI021","135.00"
"878","Gonioscopy- Both Eyes","Ophthalmology Investigation","TIER II","NABH","SEMI PRIVATE WARD","OI022","270.00"
"879","EOG- Electrooculogram - Both Eyes","Ophthalmology Investigation","TIER II","NABH","SEMI PRIVATE WARD","OI023","1863.00"
"880","ERG- Electroretinogram- Both Eyes","Ophthalmology Investigation","TIER II","NABH","SEMI PRIVATE WARD","OI024","1620.00"
"881","VEP- visually evoked potential - Both Eyes","Ophthalmology Investigation","TIER II","NABH","SEMI PRIVATE WARD","OI025","1620.00"
"882","X Ray orbit -Bilateral","Ophthalmology Investigation","TIER II","NABH","SEMI PRIVATE WARD","OI026","315.00"
"883","Dacryocystography - Bilateral","Ophthalmology Investigation","TIER II","NABH","SEMI PRIVATE WARD","OI027","1800.00"
"884","Orbital Angiographical Studies - Bilateral","Ophthalmology Investigation","TIER II","NABH","SEMI PRIVATE WARD","OI028","4500.00"
"885","Neostigmine test - Both Eyes","Ophthalmology Investigation","TIER II","NABH","SEMI PRIVATE WARD","OI029","4500.00"
"886","Lipi View One Eye","Ophthalmology Investigation","TIER II","NABH","SEMI PRIVATE WARD","OI030","810.00"
"887","Lipi View Both Eyes","Ophthalmology Investigation","TIER II","NABH","SEMI PRIVATE WARD","OI031","1350.00"
"888","Schirmer Test","Ophthalmology Investigation","TIER II","NABH","SEMI PRIVATE WARD","OI032","270.00"
"889","Vitreous biopsy per eye","Ophthalmology Biopsy","TIER II","NABH","SEMI PRIVATE WARD","OI033","4500.00"
"890","Subconjunctival/sub-tenon-s injections in one eye","Ophthalmology Procedure","TIER II","NABH","SEMI PRIVATE WARD","OP001","450.00"
"891","Subconjunctival/sub-tenon-s injections in both eyes","Ophthalmology Procedure","TIER II","NABH","SEMI PRIVATE WARD","OP002","720.00"
"892","Pterygium surgery with auto conjunctival graft per eye","Ophthalmology Procedure","TIER II","NABH","SEMI PRIVATE WARD","OP003","12060.00"
"893","Conjunctival Peritomy per eye","Ophthalmology Procedure","TIER II","NABH","SEMI PRIVATE WARD","OP004","1350.00"
"894","Conjunctival wound repair or exploration following blunt trauma per eye","Ophthalmology Procedure","TIER II","NABH","SEMI PRIVATE WARD","OP005","7650.00"
"895","Removal of corneal foreign body","Ophthalmology Procedure","TIER II","NABH","SEMI PRIVATE WARD","OP006","360.00"
"896","Cauterization of ulcer/subconjunctival injection in one eye","Ophthalmology Procedure","TIER II","NABH","SEMI PRIVATE WARD","OP007","450.00"
"897","Cauterization of ulcer/subconjunctival injection in both eyes","Ophthalmology Procedure","TIER II","NABH","SEMI PRIVATE WARD","OP008","720.00"
"898","Corneal grafting-Penetrating keratoplasty per eye","Ophthalmology Procedure","TIER II","NABH","SEMI PRIVATE WARD","OP009","18000.00"
"899","Bandage contact lenses for corneal perforation/PED per eye","Ophthalmology Procedure","TIER II","NABH","SEMI PRIVATE WARD","OP010","1800.00"
"900","Scleral grafting or conjunctival flap for corneal perforation per eye","Ophthalmology Procedure","TIER II","NABH","SEMI PRIVATE WARD","OP011","7650.00"
"901","Keratoconus correction with therapeutic contact lenses - Both Eyes","Ophthalmology Procedure","TIER II","NABH","SEMI PRIVATE WARD","OP012","7650.00"
"902","Ultraviolet (UV) radiation for cross-linking for keratoconus /C3R/KXL - Both Eyes","Ophthalmology Procedure","TIER II","NABH","SEMI PRIVATE WARD","OP013","18000.00"
"903","EDTA for band shaped keratopathy - Both Eyes","Ophthalmology Procedure","TIER II","NABH","SEMI PRIVATE WARD","OP014","2700.00"
"904","Arcuate keratotomy for astigmatism /Limbal Relaxing Incision - Both Eyes","Ophthalmology Procedure","TIER II","NABH","SEMI PRIVATE WARD","OP015","6120.00"
"905","Re-suturing (Primary suturing) of corneal wound per eye","Ophthalmology Procedure","TIER II","NABH","SEMI PRIVATE WARD","OP016","4500.00"
"906","Penetrating keratoplasty with glaucoma surgery per eye","Ophthalmology Procedure","TIER II","NABH","SEMI PRIVATE WARD","OP017","31500.00"
"907","Penetrating keratoplasty with vitrectomy per eye","Ophthalmology Procedure","TIER II","NABH","SEMI PRIVATE WARD","OP018","31500.00"
"908","Penetrating keratoplasty with IOL implantation per eye","Ophthalmology Procedure","TIER II","NABH","SEMI PRIVATE WARD","OP019","31500.00"
"909","DALK- Deep anterior lamellar keratoplasty per eye","Ophthalmology Procedure","TIER II","NABH","SEMI PRIVATE WARD","OP020","38700.00"
"910","Keratoprosthesis stage I and II per eye","Ophthalmology Procedure","TIER II","NABH","SEMI PRIVATE WARD","OP021","38700.00"
"911","DSAEK Descemet-s stripping automated endothelial keratoplasty/DMEK-Descemet membrane endothelial keratoplasty per eye","Ophthalmology Procedure","TIER II","NABH","SEMI PRIVATE WARD","OP022","38700.00"
"912","ALTK- Automated lamellar therapeutic keratoplasty per eye","Ophthalmology Procedure","TIER II","NABH","SEMI PRIVATE WARD","OP023","38700.00"
"913","Bleb repair with conjunctival autograft per eye","Ophthalmology Procedure","TIER II","NABH","SEMI PRIVATE WARD","OP024","13500.00"
"914","Bleb compression sutures per eye","Ophthalmology Procedure","TIER II","NABH","SEMI PRIVATE WARD","OP025","6300.00"
"915","Bleb needling with MMC/5-FU per eye","Ophthalmology Procedure","TIER II","NABH","SEMI PRIVATE WARD","OP026","7200.00"
"916","Probing and Syringing of lacrimal sac- in one eye","Ophthalmology Procedure","TIER II","NABH","SEMI PRIVATE WARD","OP027","900.00"
"917","Probing and Syringing of lacrimal sac- in both eye","Ophthalmology Procedure","TIER II","NABH","SEMI PRIVATE WARD","OP028","1350.00"
"918","Dacryocystorhinostomy-Plain","Ophthalmology Procedure","TIER II","NABH","SEMI PRIVATE WARD","OP029","12060.00"
"919","Dacryocystorhinostomy-Plain with intubation and/or with lacrimal implants excluding the cost of implant per eye","Ophthalmology Procedure","TIER II","NABH","SEMI PRIVATE WARD","OP030","18000.00"
"920","Dacryocystorhinostomy-conjunctival with implant excluding the cost of implant per eye","Ophthalmology Procedure","TIER II","NABH","SEMI PRIVATE WARD","OP031","18000.00"
"921","Canaliculoplasty per eye","Ophthalmology Procedure","TIER II","NABH","SEMI PRIVATE WARD","OP032","4761.00"
"922","Dacryocystectomy per eye","Ophthalmology Procedure","TIER II","NABH","SEMI PRIVATE WARD","OP033","8280.00"
"923","Punctal plugs for dry eyes - Both Eyes","Ophthalmology Procedure","TIER II","NABH","SEMI PRIVATE WARD","OP034","405.00"
"924","Chalazion incision and curettage in one eye","Ophthalmology Procedure","TIER II","NABH","SEMI PRIVATE WARD","OP035","1800.00"
"925","Chalazion incision and curettage in both eyes","Ophthalmology Procedure","TIER II","NABH","SEMI PRIVATE WARD","OP036","2700.00"
"926","Ptosis surgery with Fasanella-Servat procedure /Ptosis surgery with LPS resection one lid Ptosis surgery with Sling surgery one lid","Ophthalmology Procedure","TIER II","NABH","SEMI PRIVATE WARD","OP037","18000.00"
"927","Ectropion surgery- one lid","Ophthalmology Procedure","TIER II","NABH","SEMI PRIVATE WARD","OP038","7650.00"
"928","Ectropion surgery- both lids","Ophthalmology Procedure","TIER II","NABH","SEMI PRIVATE WARD","OP039","12060.00"
"929","Epicanthus correction - Both Eyes","Ophthalmology Procedure","TIER II","NABH","SEMI PRIVATE WARD","OP040","7650.00"
"930","Cantholysis and canthotomy- Both Eyes","Ophthalmology Procedure","TIER II","NABH","SEMI PRIVATE WARD","OP041","3150.00"
"931","Entropion surgery- one lid","Ophthalmology Procedure","TIER II","NABH","SEMI PRIVATE WARD","OP042","7650.00"
"932","Entropion surgery- both lids","Ophthalmology Procedure","TIER II","NABH","SEMI PRIVATE WARD","OP043","12060.00"
"933","Tarsorrhaphy- Both Eyes","Ophthalmology Procedure","TIER II","NABH","SEMI PRIVATE WARD","OP044","2700.00"
"934","Suturing of lid lacerations- Both Eyes","Ophthalmology Procedure","TIER II","NABH","SEMI PRIVATE WARD","OP045","4500.00"
"935","Lid retraction repair per eye","Ophthalmology Procedure","TIER II","NABH","SEMI PRIVATE WARD","OP046","7650.00"
"936","Concretions removal- Both Eyes","Ophthalmology Procedure","TIER II","NABH","SEMI PRIVATE WARD","OP047","450.00"
"937","Bucket handle procedure for lid tumours per eye (for non-malignant conditions)","Ophthalmology Procedure","TIER II","NABH","SEMI PRIVATE WARD","OP048","12060.00"
"938","Eyelid reconstruction with flap one eye","Ophthalmology Procedure","TIER II","NABH","SEMI PRIVATE WARD","OP049","18000.00"
"939","Eyelid reconstruction with flap both eyes","Ophthalmology Procedure","TIER II","NABH","SEMI PRIVATE WARD","OP050","22500.00"
"940","Cheek rotation flap for lid tumours per eye (for non-malignant conditions)","Ophthalmology Procedure","TIER II","NABH","SEMI PRIVATE WARD","OP051","18000.00"
"941","Orbitotomy per eye","Ophthalmology Procedure","TIER II","NABH","SEMI PRIVATE WARD","OP052","24750.00"
"942","Enucleation per eye(for non-malignant conditions)","Ophthalmology Procedure","TIER II","NABH","SEMI PRIVATE WARD","OP053","12060.00"
"943","Enucleation with orbital implants and artificial (Cost of implants included) per eye","Ophthalmology Procedure","TIER II","NABH","SEMI PRIVATE WARD","OP054","18000.00"
"944","Evisceration per eye","Ophthalmology Procedure","TIER II","NABH","SEMI PRIVATE WARD","OP055","12060.00"
"945","Evisceration with orbital implants and artificial (Cost of implants included) prosthesis per eye","Ophthalmology Procedure","TIER II","NABH","SEMI PRIVATE WARD","OP056","18000.00"
"946","Telecanthus correction- Both Eyes","Ophthalmology Procedure","TIER II","NABH","SEMI PRIVATE WARD","OP057","12060.00"
"947","Orbital decompression /with incision or excision biopsy per eye","Ophthalmology Procedure","TIER II","NABH","SEMI PRIVATE WARD","OP058","31500.00"
"948","Exenteration per eye","Ophthalmology Procedure","TIER II","NABH","SEMI PRIVATE WARD","OP059","18000.00"
"949","Exenteration with skin grafting per eye","Ophthalmology Procedure","TIER II","NABH","SEMI PRIVATE WARD","OP060","31500.00"
"950","Fracture orbital repair per eye","Ophthalmology Procedure","TIER II","NABH","SEMI PRIVATE WARD","OP061","31500.00"
"951","Retinal laser procedures -green laser for PRP,retinal tears, ROP,endolaser per eye","Ophthalmology Procedure","TIER II","NABH","SEMI PRIVATE WARD","OP062","3150.00"
"952","Retinal detachment surgery (RDS) per eye","Ophthalmology Procedure","TIER II","NABH","SEMI PRIVATE WARD","OP063","24750.00"
"953","Retinal detachment surgery (RDS) with scleral buckling per eye","Ophthalmology Procedure","TIER II","NABH","SEMI PRIVATE WARD","OP064","31500.00"
"954","Buckle removal per eye","Ophthalmology Procedure","TIER II","NABH","SEMI PRIVATE WARD","OP065","7650.00"
"955","Silicone oil removal per eye","Ophthalmology Procedure","TIER II","NABH","SEMI PRIVATE WARD","OP066","8280.00"
"956","Anterior retinal cryopexy per eye","Ophthalmology Procedure","TIER II","NABH","SEMI PRIVATE WARD","OP067","4500.00"
"957","Squint correction for one eye","Ophthalmology Procedure","TIER II","NABH","SEMI PRIVATE WARD","OP068","12060.00"
"958","Squint correction for both eyes","Ophthalmology Procedure","TIER II","NABH","SEMI PRIVATE WARD","OP069","18000.00"
"959","Trabeculectomy per eye","Ophthalmology Procedure","TIER II","NABH","SEMI PRIVATE WARD","OP070","18000.00"
"960","Trabeculotomy /kahook dual blade goniotomy excluding blade cost per eye","Ophthalmology Procedure","TIER II","NABH","SEMI PRIVATE WARD","OP071","18000.00"
"961","Trabeculectomy with Trabeculotomy- Both Eyes","Ophthalmology Procedure","TIER II","NABH","SEMI PRIVATE WARD","OP072","31500.00"
"962","Microincisional trabeculectomy(MIT) per eye","Ophthalmology Procedure","TIER II","NABH","SEMI PRIVATE WARD","OP073","22500.00"
"963","Surgical posterior capsulotomy one eye","Ophthalmology Procedure","TIER II","NABH","SEMI PRIVATE WARD","OP074","9000.00"
"964","Goniotomy per eye","Ophthalmology Procedure","TIER II","NABH","SEMI PRIVATE WARD","OP075","4500.00"
"965","Glaucoma surgery with Glaucoma valves (Cost of Valve extra) per eye","Ophthalmology Procedure","TIER II","NABH","SEMI PRIVATE WARD","OP076","18000.00"
"966","Cost of the Glaucoma valve/Glaucoma Ahmed valve per eye","Ophthalmology Procedure","TIER II","NABH","SEMI PRIVATE WARD","OP077","15000.00"
"967","AC wash per eye","Ophthalmology Procedure","TIER II","NABH","SEMI PRIVATE WARD","OP078","4500.00"
"968","Endocyclophotocoagulation per eye","Ophthalmology Procedure","TIER II","NABH","SEMI PRIVATE WARD","OP079","16200.00"
"969","Cyclocryotherapy /Trans scleral cyclophotocoagulation TSCPC per eye","Ophthalmology Procedure","TIER II","NABH","SEMI PRIVATE WARD","OP080","4500.00"
"970","YAG Laser iridotomy / Hyaloidotomy/Laser suture lysis post trabeculectomy per eye","Ophthalmology Procedure","TIER II","NABH","SEMI PRIVATE WARD","OP081","4500.00"
"971","YAG Laser capsulotomy per eye","Ophthalmology Procedure","TIER II","NABH","SEMI PRIVATE WARD","OP082","4500.00"
"972","ALT-Argon laser trabeculoplasty per eye","Ophthalmology Procedure","TIER II","NABH","SEMI PRIVATE WARD","OP083","4500.00"
"973","TTT- Transpupillary thermal therapy per eye","Ophthalmology Procedure","TIER II","NABH","SEMI PRIVATE WARD","OP084","7650.00"
"974","PTK- Phototherapeutic keratectomy /PRK for keratoconus per eye","Ophthalmology Procedure","TIER II","NABH","SEMI PRIVATE WARD","OP085","12060.00"
"975","Argon/diode laser for retinal detachment per eye","Ophthalmology Procedure","TIER II","NABH","SEMI PRIVATE WARD","OP086","7650.00"
"976","Intralase application for keratoconus /CAIRS Corneal allogenic intrastromal ring segments per eye excluding the cost of the rings","Ophthalmology Procedure","TIER II","NABH","SEMI PRIVATE WARD","OP087","18000.00"
"977","Vitrectomy- pars plana including Fluid air exchange (per eye)","Ophthalmology Procedure","TIER II","NABH","SEMI PRIVATE WARD","OP088","31500.00"
"978","Vitrectomy +membrane peeling +fluid air exchange+endolaser+ gas/silicon oil tamponade per eye","Ophthalmology Procedure","TIER II","NABH","SEMI PRIVATE WARD","OP089","36000.00"
"979","Macular hole surgery- Vitrectomy +membrane peeling + ILM peeling+ fluid air exchange+endolaser+ gas/silicon oil tamponade per eye","Ophthalmology Procedure","TIER II","NABH","SEMI PRIVATE WARD","OP090","36900.00"
"980","Vitrectomy +phaco fragmentation/ IOL drop +/- secondary IOL per eye","Ophthalmology Procedure","TIER II","NABH","SEMI PRIVATE WARD","OP091","22500.00"
"981","Anterior vitrectomy per eye","Ophthalmology Procedure","TIER II","NABH","SEMI PRIVATE WARD","OP092","7200.00"
"982","Membranectomy one eye","Ophthalmology Procedure","TIER II","NABH","SEMI PRIVATE WARD","OP093","10800.00"
"983","Membranectomy both eyes","Ophthalmology Procedure","TIER II","NABH","SEMI PRIVATE WARD","OP094","13500.00"
"984","Intravitreal injections of antibiotics excluding the cost of the antibiotic per eye","Ophthalmology Procedure","TIER II","NABH","SEMI PRIVATE WARD","OP095","4500.00"
"985","Intravitreal Injection of drugs (Ranibizumab/ Aflibercept etc) excluding the cost of the drug per eye","Ophthalmology Procedure","TIER II","NABH","SEMI PRIVATE WARD","OP096","4500.00"
"986","Intravitreal Insertion of Drug Implant excluding cost of the Drug Implant (Ozurdex,...etc)  per eye","Ophthalmology Procedure","TIER II","NABH","SEMI PRIVATE WARD","OP097","5400.00"
"987","Extracapsular cataract extraction (ECCE) with IOL excluding the cost of IOL per eye","Ophthalmology Procedure","TIER II","NABH","SEMI PRIVATE WARD","OP098","12060.00"
"988","Small Incision Cataract Surgery (SICS) with IOL excluding the cost of IOL per eye","Ophthalmology Procedure","TIER II","NABH","SEMI PRIVATE WARD","OP099","12060.00"
"989","Phaco with foldable IOL (silicone and acrylic)/PMMA IOL / MICS surgery excluding the cost of IOL per eye","Ophthalmology Procedure","TIER II","NABH","SEMI PRIVATE WARD","OP100","15300.00"
"990","Pars plana lensectomy with/without IOL excluding the cost of IOL per eye","Ophthalmology Procedure","TIER II","NABH","SEMI PRIVATE WARD","OP101","15300.00"
"991","Secondary IOL implantation- AC IOL PC IOL or scleral fixated IOL  excluding the cost of IOL per eye","Ophthalmology Procedure","TIER II","NABH","SEMI PRIVATE WARD","OP102","18000.00"
"992","Cataract extraction with IOL with capsular tension rings (Cionni-s ring)(cost of the ring included) excluding the cost of IOL per eye","Ophthalmology Procedure","TIER II","NABH","SEMI PRIVATE WARD","OP103","31500.00"
"993","Paediatric cataract surgery +parsplana capsulotomy + anterior vitrectomy excluding the cost of IOL - one eye","Ophthalmology Procedure","TIER II","NABH","SEMI PRIVATE WARD","OP104","18000.00"
"994","Paediatric cataract surgery +parsplana capsulotomy + anterior vitrectomy  excluding the cost of IOL - Both Eyes","Ophthalmology Procedure","TIER II","NABH","SEMI PRIVATE WARD","OP105","22500.00"
"995","IOL exchange [excluding IOL cost] per eye","Ophthalmology Procedure","TIER II","NABH","SEMI PRIVATE WARD","OP106","9000.00"
"996","IOL reposition per eye","Ophthalmology Procedure","TIER II","NABH","SEMI PRIVATE WARD","OP107","5400.00"
"997","IOL explantation per eye","Ophthalmology Procedure","TIER II","NABH","SEMI PRIVATE WARD","OP108","7200.00"
"998","Iridodialysis repair or pupillary reconstruction /Cyclodialysis repair per eye","Ophthalmology Procedure","TIER II","NABH","SEMI PRIVATE WARD","OP109","12060.00"
"999","Iris cyst removal /synechiolysis/surgical iridectomy per eye","Ophthalmology Procedure","TIER II","NABH","SEMI PRIVATE WARD","OP110","4500.00"
"1000","Lid Abscess incision and Drainage per eye","Ophthalmology Procedure","TIER II","NABH","SEMI PRIVATE WARD","OP111","4500.00"
"1001","Orbital Abscess incision and Drainage per eye","Ophthalmology Procedure","TIER II","NABH","SEMI PRIVATE WARD","OP112","7650.00"
"1002","Excision Biopsy of lid, conjunctiva, cornea per eye","Ophthalmology Procedure","TIER II","NABH","SEMI PRIVATE WARD","OP113","8280.00"
"1003","Paracentesis (eye) per eye","Ophthalmology Procedure","TIER II","NABH","SEMI PRIVATE WARD","OP114","4500.00"
"1004","Scleral graft for scleral melting or perforation per eye","Ophthalmology Procedure","TIER II","NABH","SEMI PRIVATE WARD","OP115","12060.00"
"1005","Amniotic membrane grafting /symblepharon release with AMG per eye","Ophthalmology Procedure","TIER II","NABH","SEMI PRIVATE WARD","OP116","12060.00"
"1006","Intraocular foreign body removal per eye","Ophthalmology Procedure","TIER II","NABH","SEMI PRIVATE WARD","OP117","7650.00"
"1007","Electrolysis (eye) - Both Eyes","Ophthalmology Procedure","TIER II","NABH","SEMI PRIVATE WARD","OP118","900.00"
"1008","Perforating injury repair (eye) per eye","Ophthalmology Procedure","TIER II","NABH","SEMI PRIVATE WARD","OP119","12060.00"
"1009","Botulinum injection for blepharospasm or squint /epiphora/entropion/lid retraction (excluding cost of drug) per eye","Ophthalmology Procedure","TIER II","NABH","SEMI PRIVATE WARD","OP120","4500.00"
"1010","C3F8 GAS Injection intravitreal for descemetopexy/retinopexy/pneumatopexy (per eye)","Ophthalmology Procedure","TIER II","NABH","SEMI PRIVATE WARD","OP121","4500.00"
"1011","Silicone Oil injection (per eye)","Ophthalmology Procedure","TIER II","NABH","SEMI PRIVATE WARD","OP122","4500.00"
"1012","Epiretinal Membrane (ERM) Peeling (per eye)","Ophthalmology Procedure","TIER II","NABH","SEMI PRIVATE WARD","OP123","6300.00"
"1013","Epiretinal Membrane (ERM) Removal (per eye)","Ophthalmology Procedure","TIER II","NABH","SEMI PRIVATE WARD","OP124","2700.00"
"1014","Internal limiting membrane (ILM) peeling (per eye)","Ophthalmology Procedure","TIER II","NABH","SEMI PRIVATE WARD","OP125","2700.00"
"1015","Punctoplasty (per eye)","Ophthalmology Procedure","TIER II","NABH","SEMI PRIVATE WARD","OP126","5850.00"
"1016","Punctal plug(Collagen/silicone) per eye","Ophthalmology Procedure","TIER II","NABH","SEMI PRIVATE WARD","OP127","3600.00"
"1017","Laser Trabeculoplasty Gonioplasty - Both Eyes","Ophthalmology Procedure","TIER II","NABH","SEMI PRIVATE WARD","OP128","14400.00"
"1018","Eye laser pulse therapy /Lipiflow/IPL [Intense pulse light] per eye","Ophthalmology Procedure","TIER II","NABH","SEMI PRIVATE WARD","OP129","3150.00"
"1019","Malyugin Ring /pupil dilator/iris expander per eye","Ophthalmology Procedure","TIER II","NABH","SEMI PRIVATE WARD","OP130","9000.00"
"1020","Globe exploration per eye","Ophthalmology Procedure","TIER II","NABH","SEMI PRIVATE WARD","OP131","9000.00"
"1021","Scleral Fixation Tissue glue /fibrin glue per eye","Ophthalmology Procedure","TIER II","NABH","SEMI PRIVATE WARD","OP132","7560.00"
"1022","PFCL Injection Per Eye Including Cost of The Drug","Ophthalmology Procedure","TIER II","NABH","SEMI PRIVATE WARD","OP133","2457.00"
"1023","Methylprednisolone Injection IV Infusion per day Excluding the cost of the drug","Ophthalmology Procedure","TIER II","NABH","SEMI PRIVATE WARD","OP134","2250.00"
"1024","Retinoblastoma[RB] EUA both eyes","Ophthalmology Procedure","TIER II","NABH","SEMI PRIVATE WARD","OP135","2700.00"
"1025","RB intravitreal/intravenous/subtenons chemotherapy affected eye excluding the cost of the chemotherapy drug","Ophthalmology Procedure","TIER II","NABH","SEMI PRIVATE WARD","OP136","3150.00"
"1026","RB TTT/ Cryotherapy affected eye","Ophthalmology Procedure","TIER II","NABH","SEMI PRIVATE WARD","OP137","4050.00"
"1027","Plaque brachytherapy-surface affected eye","Ophthalmology Procedure","TIER II","NABH","SEMI PRIVATE WARD","OP138","13500.00"
"1028","Plaque brachytherapy-intraocular affected eye","Ophthalmology Procedure","TIER II","NABH","SEMI PRIVATE WARD","OP139","18000.00"
"1029","Simple limbal stem cell transplant SLET per eye","Ophthalmology Procedure","TIER II","NABH","SEMI PRIVATE WARD","OP140","18000.00"
"1030","Mucous membrane grafting MMG one eyelid","Ophthalmology Procedure","TIER II","NABH","SEMI PRIVATE WARD","OP141","18000.00"
"1031","Mucous membrane grafting MMG two eyelids","Ophthalmology Procedure","TIER II","NABH","SEMI PRIVATE WARD","OP142","22500.00"
"1032","iStent Inject per eye including the cost of consumables and implant","Ophthalmology Procedure","TIER II","NABH","SEMI PRIVATE WARD","OP143","72000.00"
"1033","Orthoptic exercises per session","Ophthalmology Physiotherapy","TIER II","NABH","SEMI PRIVATE WARD","OP144","225.00"
"1034","Pleoptic exercises per session","Ophthalmology Physiotherapy","TIER II","NABH","SEMI PRIVATE WARD","OP145","225.00"
"1035","Impedance with stapedial reflex / Impedance Audiometry","ENT Investigation","TIER II","NABH","SEMI PRIVATE WARD","EI001","540.00"
"1036","Pure Tone Audiogram / Pure Tone Audiometry / PTA","ENT Investigation","TIER II","NABH","SEMI PRIVATE WARD","EI002","405.00"
"1037","Short Increment Sensitivity Index (SISI) Tone Decay","ENT Investigation","TIER II","NABH","SEMI PRIVATE WARD","EI003","360.00"
"1038","Speech Assessment","ENT Investigation","TIER II","NABH","SEMI PRIVATE WARD","EI004","360.00"
"1039","Speech Discrimination Score","ENT Investigation","TIER II","NABH","SEMI PRIVATE WARD","EI005","360.00"
"1040","Multiple hearing assessment test to Adults","ENT Investigation","TIER II","NABH","SEMI PRIVATE WARD","EI006","360.00"
"1041","BERA (Brain stem evoked response audiometry)","ENT Investigation","TIER II","NABH","SEMI PRIVATE WARD","EI007","2250.00"
"1042","OAE (Otoacoustic Emission Test)","ENT Investigation","TIER II","NABH","SEMI PRIVATE WARD","EI008","1134.00"
"1043","Hearing Aid Trail","ENT Investigation","TIER II","NABH","SEMI PRIVATE WARD","EI009","180.00"
"1044","Vestibular Evoked Myogenic Potential (VEMP)","ENT Investigation","TIER II","NABH","SEMI PRIVATE WARD","EI010","2475.00"
"1045","Cold Calorie Test for Vestibular function","ENT Investigation","TIER II","NABH","SEMI PRIVATE WARD","EI011","540.00"
"1046","Electronystagmography (ENG)","ENT Investigation","TIER II","NABH","SEMI PRIVATE WARD","EI012","1350.00"
"1047","Videonystagmography(VNG)","ENT Investigation","TIER II","NABH","SEMI PRIVATE WARD","EI013","2250.00"
"1048","Video Laryngoscopy","ENT investigation","TIER II","NABH","SEMI PRIVATE WARD","EI014","5400.00"
"1049","Videostroboscopy","ENT Investigation","TIER II","NABH","SEMI PRIVATE WARD","EI015","4950.00"
"1050","Fibreoptic examination of Larynx (FOL) under LA","ENT Investigation","TIER II","NABH","SEMI PRIVATE WARD","EI016","4500.00"
"1051","Fibro optic Nasal Endoscopy","ENT Investigation","TIER II","NABH","SEMI PRIVATE WARD","EI017","2070.00"
"1052","Removal of foreign body From Nose","ENT Procedure","TIER II","NABH","SEMI PRIVATE WARD","EP001","630.00"
"1053","Removal of foreign body From Ear/otoscopy diagnostic or therapeutic","ENT Procedure","TIER II","NABH","SEMI PRIVATE WARD","EP002","630.00"
"1054","Syringing (Ear)","ENT Procedure","TIER II","NABH","SEMI PRIVATE WARD","EP003","450.00"
"1055","Polyp removal under LA (Larynx)","ENT Procedure","TIER II","NABH","SEMI PRIVATE WARD","EP004","4500.00"
"1056","Polyp removal under GA (Larynx)","ENT Procedure","TIER II","NABH","SEMI PRIVATE WARD","EP005","8280.00"
"1057","Peritonsillar abscess Drainage under LA","ENT Procedure","TIER II","NABH","SEMI PRIVATE WARD","EP006","7650.00"
"1058","Myringoplasty","ENT Procedure","TIER II","NABH","SEMI PRIVATE WARD","EP007","24750.00"
"1059","Stapedectomy","ENT Procedure","TIER II","NABH","SEMI PRIVATE WARD","EP008","24750.00"
"1060","Myringotomy with Grommet Insertion","ENT Procedure","TIER II","NABH","SEMI PRIVATE WARD","EP009","12060.00"
"1061","Tympanotomy","ENT Procedure","TIER II","NABH","SEMI PRIVATE WARD","EP010","24750.00"
"1062","Tympanoplasty","ENT Procedure","TIER II","NABH","SEMI PRIVATE WARD","EP011","31500.00"
"1063","Mastoidectomy","ENT Procedure","TIER II","NABH","SEMI PRIVATE WARD","EP012","31500.00"
"1064","Otoplasty","ENT Procedure","TIER II","NABH","SEMI PRIVATE WARD","EP013","31500.00"
"1065","Labyrinthectomy","ENT Procedure","TIER II","NABH","SEMI PRIVATE WARD","EP014","31500.00"
"1066","Skull Base Surgery","ENT Procedure","TIER II","NABH","SEMI PRIVATE WARD","EP015","47700.00"
"1067","Facial Nerve Decompression","ENT Procedure","TIER II","NABH","SEMI PRIVATE WARD","EP016","38700.00"
"1068","Septoplasty","ENT Procedure","TIER II","NABH","SEMI PRIVATE WARD","EP017","24750.00"
"1069","Submucous Resection","ENT Procedure","TIER II","NABH","SEMI PRIVATE WARD","EP018","12060.00"
"1070","Septo-Rhinoplasty","ENT Procedure","TIER II","NABH","SEMI PRIVATE WARD","EP019","38700.00"
"1071","Rhinoplasty- Non-cosmetic","ENT Procedure","TIER II","NABH","SEMI PRIVATE WARD","EP020","31500.00"
"1072","Fracture Reduction of Nasal Bone","ENT Procedure","TIER II","NABH","SEMI PRIVATE WARD","EP021","12060.00"
"1073","Intra Nasal Diathermy","ENT Procedure","TIER II","NABH","SEMI PRIVATE WARD","EP022","5400.00"
"1074","Turbinectomy","ENT Procedure","TIER II","NABH","SEMI PRIVATE WARD","EP023","12060.00"
"1075","Endoscopic Dacryocystorhinostomy (DCR)","ENT Procedure","TIER II","NABH","SEMI PRIVATE WARD","EP024","31500.00"
"1076","Endoscopic Surgery (ENT)","ENT Procedure","TIER II","NABH","SEMI PRIVATE WARD","EP025","31500.00"
"1077","Septal Perforation Repair","ENT Procedure","TIER II","NABH","SEMI PRIVATE WARD","EP026","24750.00"
"1078","Antrum Puncture","ENT Procedure","TIER II","NABH","SEMI PRIVATE WARD","EP027","2700.00"
"1079","Lateral Rhinotomy","ENT Procedure","TIER II","NABH","SEMI PRIVATE WARD","EP028","18000.00"
"1080","Cranio-Facial resection","ENT Procedure","TIER II","NABH","SEMI PRIVATE WARD","EP029","38700.00"
"1081","Angiofibroma Excision","ENT Procedure","TIER II","NABH","SEMI PRIVATE WARD","EP030","38700.00"
"1082","Endoscopic Hypophysectomy","ENT Procedure","TIER II","NABH","SEMI PRIVATE WARD","EP031","47700.00"
"1083","Endoscopic Optic Nerve Decompression","ENT Procedure","TIER II","NABH","SEMI PRIVATE WARD","EP032","47700.00"
"1084","Tonsillectomy","ENT Procedure","TIER II","NABH","SEMI PRIVATE WARD","EP033","24750.00"
"1085","Uvulo-palatoplasty","ENT Procedure","TIER II","NABH","SEMI PRIVATE WARD","EP034","31500.00"
"1086","Functional Endoscopic Sinus Surgery (FESS) for Antrochoanal polyp","ENT Procedure","TIER II","NABH","SEMI PRIVATE WARD","EP035","31500.00"
"1087","Functional Endoscopic Sinus Surgery (FESS) for Ethmoidal polyp","ENT Procedure","TIER II","NABH","SEMI PRIVATE WARD","EP036","31500.00"
"1088","Polyp removal ear","ENT Procedure","TIER II","NABH","SEMI PRIVATE WARD","EP037","4500.00"
"1089","Polyp removal Nose (Septal polyp)","ENT Procedure","TIER II","NABH","SEMI PRIVATE WARD","EP038","7650.00"
"1090","Mastoidectomy plus Ossiculoplasty including TORP (Total Ossicular Replacement Prosthesis) or PORP (Partial Ossicular Replacement Prosthesis)","ENT Procedure","TIER II","NABH","SEMI PRIVATE WARD","EP039","31500.00"
"1091","Endolymphatic sac decompression","ENT Procedure","TIER II","NABH","SEMI PRIVATE WARD","EP040","38700.00"
"1092","Diagnostic endoscopy under GA","ENT Procedure","TIER II","NABH","SEMI PRIVATE WARD","EP041","4500.00"
"1093","Young's operation for Atrophic rhinitis","ENT Procedure","TIER II","NABH","SEMI PRIVATE WARD","EP042","18000.00"
"1094","Vidian neurectomy for vasomotor Rhinitis","ENT Procedure","TIER II","NABH","SEMI PRIVATE WARD","EP043","24750.00"
"1095","Nasal Packing-anterior","ENT Procedure","TIER II","NABH","SEMI PRIVATE WARD","EP044","2250.00"
"1096","Nasal Packing-Posterior","ENT Procedure","TIER II","NABH","SEMI PRIVATE WARD","EP045","2700.00"
"1097","Ranula Excision","ENT Procedure","TIER II","NABH","SEMI PRIVATE WARD","EP046","18000.00"
"1098","Tongue Tie excision","ENT Procedure","TIER II","NABH","SEMI PRIVATE WARD","EP047","7650.00"
"1099","Sub Mandibular Duct Lithotomy","ENT Procedure","TIER II","NABH","SEMI PRIVATE WARD","EP048","6120.00"
"1100","Adenoidectomy","ENT Procedure","TIER II","NABH","SEMI PRIVATE WARD","EP049","18000.00"
"1101","Palatopharyngoplasty","ENT Procedure","TIER II","NABH","SEMI PRIVATE WARD","EP050","31500.00"
"1102","Pharyngoplasty","ENT Procedure","TIER II","NABH","SEMI PRIVATE WARD","EP051","38700.00"
"1103","Styloidectomy","ENT Procedure","TIER II","NABH","SEMI PRIVATE WARD","EP052","18000.00"
"1104","Direct Laryngoscopy including Biopsy under GA","ENT Procedure","TIER II","NABH","SEMI PRIVATE WARD","EP053","12060.00"
"1105","Oesophagoscopy with foreign body removal from Oesophagus","ENT Procedure","TIER II","NABH","SEMI PRIVATE WARD","EP054","12060.00"
"1106","Bronchoscopy with foreign body (FB) removal","ENT Procedure","TIER II","NABH","SEMI PRIVATE WARD","EP055","12060.00"
"1107","Ear Lobe Repair one side","ENT Procedure","TIER II","NABH","SEMI PRIVATE WARD","EP056","3600.00"
"1108","Excision of Pinna for non-cancerous Growth/Injuries - Skin Only","ENT Procedure","TIER II","NABH","SEMI PRIVATE WARD","EP057","8280.00"
"1109","Excision of Pinna for non-cancerous/ Injuries - Skin and Cartilage","ENT Procedure","TIER II","NABH","SEMI PRIVATE WARD","EP058","12060.00"
"1110","Partial Amputation of Pinna","ENT Procedure","TIER II","NABH","SEMI PRIVATE WARD","EP059","12060.00"
"1111","Total Amputation of Pinna","ENT Procedure","TIER II","NABH","SEMI PRIVATE WARD","EP060","18000.00"
"1112","Total Amputation & Excision of External Auditory Meatus","ENT Procedure","TIER II","NABH","SEMI PRIVATE WARD","EP061","18000.00"
"1113","Excision of Cystic Hygroma","ENT Procedure","TIER II","NABH","SEMI PRIVATE WARD","EP062","18000.00"
"1114","Excision of Cystic Hygroma Extensive","ENT Procedure","TIER II","NABH","SEMI PRIVATE WARD","EP063","24750.00"
"1115","Excision of Branchial Cyst","ENT Procedure","TIER II","NABH","SEMI PRIVATE WARD","EP064","24750.00"
"1116","Excision of Branchial Sinus","ENT Procedure","TIER II","NABH","SEMI PRIVATE WARD","EP065","24750.00"
"1117","Excision of Pharyngeal Diverticulum","ENT Procedure","TIER II","NABH","SEMI PRIVATE WARD","EP066","24750.00"
"1118","Excision of Carotid Body / Carotid Body Tumours","ENT Procedure","TIER II","NABH","SEMI PRIVATE WARD","EP067","38700.00"
"1119","Operation for Cervical Rib","ENT Procedure","TIER II","NABH","SEMI PRIVATE WARD","EP068","31500.00"
"1120","Estlander Operation (Estlander flap in plastic surgery of lips)","ENT Procedure","TIER II","NABH","SEMI PRIVATE WARD","EP069","31500.00"
"1121","Abbe Operation (Abbe flap in plastic surgery of lips)","ENT Procedure","TIER II","NABH","SEMI PRIVATE WARD","EP070","24750.00"
"1122","Cheek Advancement","ENT Procedure","TIER II","NABH","SEMI PRIVATE WARD","EP071","31500.00"
"1123","Excision of the Maxilla","ENT Procedure","TIER II","NABH","SEMI PRIVATE WARD","EP072","38700.00"
"1124","Excision of mandible-segmental","ENT Procedure","TIER II","NABH","SEMI PRIVATE WARD","EP073","31500.00"
"1125","Parotidectomy - Superficial","ENT Procedure","TIER II","NABH","SEMI PRIVATE WARD","EP074","31500.00"
"1126","Parotidectomy - Total","ENT Procedure","TIER II","NABH","SEMI PRIVATE WARD","EP075","38700.00"
"1127","Repair of Parotid Duct","ENT Procedure","TIER II","NABH","SEMI PRIVATE WARD","EP076","24750.00"
"1128","Removal of Submandibular Salivary gland","ENT Procedure","TIER II","NABH","SEMI PRIVATE WARD","EP077","24750.00"
"1129","Hemithyroidectomy","ENT Procedure","TIER II","NABH","SEMI PRIVATE WARD","EP078","31500.00"
"1130","Partial Thyroidectomy (lobectomy)","ENT Procedure","TIER II","NABH","SEMI PRIVATE WARD","EP079","31500.00"
"1131","Subtotal Thyroidectomy","ENT Procedure","TIER II","NABH","SEMI PRIVATE WARD","EP080","38700.00"
"1132","Total Thyroidectomy","ENT Procedure","TIER II","NABH","SEMI PRIVATE WARD","EP081","47700.00"
"1133","Resection Enucleation of thyroid Adenoma","ENT Procedure","TIER II","NABH","SEMI PRIVATE WARD","EP082","24750.00"
"1134","Excision of Lingual Thyroid","ENT Procedure","TIER II","NABH","SEMI PRIVATE WARD","EP083","31500.00"
"1135","Excision of Thyroglossal Cyst/Duct/Fistula","ENT Procedure","TIER II","NABH","SEMI PRIVATE WARD","EP084","31500.00"
"1136","Laryngectomy","ENT Procedure","TIER II","NABH","SEMI PRIVATE WARD","EP085","47700.00"
"1137","Hyoid Suspension","ENT Procedure","TIER II","NABH","SEMI PRIVATE WARD","EP086","24750.00"
"1138","Genioplasty","ENT Procedure","TIER II","NABH","SEMI PRIVATE WARD","EP087","31500.00"
"1139","Phonosurgery","ENT Procedure","TIER II","NABH","SEMI PRIVATE WARD","EP088","24750.00"
"1140","Microlaryngeal Surgery","ENT Procedure","TIER II","NABH","SEMI PRIVATE WARD","EP089","24750.00"
"1141","Laryngofissure","ENT Procedure","TIER II","NABH","SEMI PRIVATE WARD","EP090","38700.00"
"1142","Tracheal Stenosis Excision","ENT Procedure","TIER II","NABH","SEMI PRIVATE WARD","EP091","38700.00"
"1143","Tracheostomy","ENT Procedure","TIER II","NABH","SEMI PRIVATE WARD","EP092","12060.00"
"1144","ICU/CCU/PICU/MICU/HDU (For all categories of ward entitlement, inclusive of Room Rent)","Critical Care","TIER II","NABH","SEMI PRIVATE WARD","CC001","5400.00"
"1145","Compressed Air / Piped Oxygen per hour","Critical Care","TIER II","NABH","SEMI PRIVATE WARD","CC002","90.00"
"1146","Ventilator charges (Per day) inclusive of associated disposables","Critical Care","TIER II","NABH","SEMI PRIVATE WARD","CC003","2700.00"
"1147","Non invasive Ventilator charges (Per day)( inclusive of associated disposables)","Critical Care","TIER II","NABH","SEMI PRIVATE WARD","CC004","540.00"
"1148","Pneupac Ventilator in Nursery (Per day)","Critical Care","TIER II","NABH","SEMI PRIVATE WARD","CC005","2340.00"
"1149","Incubator charges (Per day)","Critical Care","TIER II","NABH","SEMI PRIVATE WARD","CC006","1350.00"
"1150","Neonatal ICU charges (Per day) inclusive of incubator","Critical Care","TIER II","NABH","SEMI PRIVATE WARD","CC007","5400.00"
"1151","Exchange Transfusion","Critical Care","TIER II","NABH","SEMI PRIVATE WARD","CC008","3150.00"
"1152","Phototherapy per session (up to 6 Hours)","Critical Care","TIER II","NABH","SEMI PRIVATE WARD","CC009","360.00"
"1153","Resuscitation/CPR/Intubation","Critical Care","TIER II","NABH","SEMI PRIVATE WARD","CC010","1350.00"
"1154","PICC line (peripherally inserted Central Cannulisation)","Critical Care","TIER II","NABH","SEMI PRIVATE WARD","CC011","4500.00"
"1155","Nebulization Per Session","Critical Care","TIER II","NABH","SEMI PRIVATE WARD","CC012","45.00"
"1156","PICC Line Removal","Critical Care","TIER II","NABH","SEMI PRIVATE WARD","CC013","900.00"
"1157","Ryles Tube Insertion","Critical Care","TIER II","NABH","SEMI PRIVATE WARD","CC014","810.00"
"1158","Blood Component Charges - Whole Blood per Unit","Blood Component Charges","TIER II","NABH","SEMI PRIVATE WARD","BC001","1550.00"
"1159","Blood Component Charges - Packed Red Cell per Unit","Blood Component Charges","TIER II","NABH","SEMI PRIVATE WARD","BC002","1550.00"
"1160","Blood Component Charges - Fresh Frozen Plasma","Blood Component Charges","TIER II","NABH","SEMI PRIVATE WARD","BC003","400.00"
"1161","Platelet Concentrate- Random Donor Platelet (RDP)","Blood Component Charges","TIER II","NABH","SEMI PRIVATE WARD","BC004","400.00"
"1162","Blood Component Charges - Cryoprecipitate","Blood Component Charges","TIER II","NABH","SEMI PRIVATE WARD","BC005","250.00"
"1163","Platelet Concentrate - Single Donor Platelet (SDP)- Apheresis per unit","Blood Component Charges","TIER II","NABH","SEMI PRIVATE WARD","BC006","11000.00"
"1164","Dressings of wounds","General Procedure","TIER II","NABH","SEMI PRIVATE WARD","GP001","270.00"
"1165","Aspiration Pleural Effusion - Diagnostic","General Procedure","TIER II","NABH","SEMI PRIVATE WARD","GP002","630.00"
"1166","Aspiration Pleural Effusion - Therapeutic","General Procedure","TIER II","NABH","SEMI PRIVATE WARD","GP003","630.00"
"1167","Abdominal / Peritoneal Aspiration - Diagnostic/Ascitic tapping / Paracentesis -Diagnostic","General Procedure","TIER II","NABH","SEMI PRIVATE WARD","GP004","630.00"
"1168","Abdominal / Peritoneal Aspiration - Therapeutic/Ascitic tapping / Paracentesis - Therapeutic","General Procedure","TIER II","NABH","SEMI PRIVATE WARD","GP005","675.00"
"1169","Removal of Sutures (All)","General Procedure","TIER II","NABH","SEMI PRIVATE WARD","GP006","180.00"
"1170","Venesection","General Procedure","TIER II","NABH","SEMI PRIVATE WARD","GP007","630.00"
"1171","Sternal puncture","General Procedure","TIER II","NABH","SEMI PRIVATE WARD","GP008","1800.00"
"1172","Urinary bladder Catheterisation","General Procedure","TIER II","NABH","SEMI PRIVATE WARD","GP009","630.00"
"1173","Incision & Drainage under local Anaesthesia (Large)","General Procedure","TIER II","NABH","SEMI PRIVATE WARD","GP010","2070.00"
"1174","Intercostal Drainage","General Procedure","TIER II","NABH","SEMI PRIVATE WARD","GP011","3150.00"
"1175","Drainage of abscess with anaesthesia","General Procedure","TIER II","NABH","SEMI PRIVATE WARD","GP012","12060.00"
"1176","Excision of lumps under anaesthesia","General Procedure","TIER II","NABH","SEMI PRIVATE WARD","GP013","12060.00"
"1177","Temporal Bone Subtotal Resection","Head and Neck Surgery","TIER II","NABH","SEMI PRIVATE WARD","HN001","38700.00"
"1178","Benign Tumour Excisions of Head and Neck","Head and Neck Surgery","TIER II","NABH","SEMI PRIVATE WARD","HN002","24750.00"
"1179","Excision of Moles","Skin Procedure","TIER II","NABH","SEMI PRIVATE WARD","SK001","900.00"
"1180","Excision of Warts","Skin Procedure","TIER II","NABH","SEMI PRIVATE WARD","SK002","900.00"
"1181","Excision of Molluscum Contagiosum","Skin Procedure","TIER II","NABH","SEMI PRIVATE WARD","SK003","900.00"
"1182","Excision of Venereal Warts","Skin Procedure","TIER II","NABH","SEMI PRIVATE WARD","SK004","900.00"
"1183","Excision of Corns","Skin Procedure","TIER II","NABH","SEMI PRIVATE WARD","SK005","900.00"
"1184","Intradermal (ID) Injection Keloid (Intralesional Injection) including the cost of the drug","Skin Procedure","TIER II","NABH","SEMI PRIVATE WARD","SK006","900.00"
"1185","Chemical Cautery (s)/Cryotherapy","Skin Procedure","TIER II","NABH","SEMI PRIVATE WARD","SK007","900.00"
"1186","Electrocardiogram (ECG)","Cardiology Investigation","TIER II","NABH","SEMI PRIVATE WARD","CI001","158.00"
"1187","Treadmill Test (TMT)","Cardiology Investigation","TIER II","NABH","SEMI PRIVATE WARD","CI002","1008.00"
"1188","Holter analysis per day","Cardiology Investigation","TIER II","NABH","SEMI PRIVATE WARD","CI003","2250.00"
"1189","Ambulatory BP monitoring per day","Cardiology Investigation","TIER II","NABH","SEMI PRIVATE WARD","CI004","900.00"
"1190","Head Up Tilt Test (HUTT)","Cardiology Investigation","TIER II","NABH","SEMI PRIVATE WARD","CI005","8280.00"
"1191","External Loop/event recording -first day Rs.1500","Cardiology Investigation","TIER II","NABH","SEMI PRIVATE WARD","CI006","1350.00"
"1192","External Loop/event recording - subsequent Days 1000/day (Maximum up to 6 days)","Cardiology Investigation","TIER II","NABH","SEMI PRIVATE WARD","CI007","900.00"
"1193","Diagnostic Electrophysiological studies conventional (Including catheter)","Cardiology Investigation","TIER II","NABH","SEMI PRIVATE WARD","CI008","65340.00"
"1194","Stress Thallium / Myocardial Perfusion Scintigraphy","Cardiology Investigation","TIER II","NABH","SEMI PRIVATE WARD","CI009","12060.00"
"1195","Rest Thallium / Myocardial Perfusion Scintigraphy","Cardiology Investigation","TIER II","NABH","SEMI PRIVATE WARD","CI010","8640.00"
"1196","Venography","Cardiology Investigation","TIER II","NABH","SEMI PRIVATE WARD","CI011","4500.00"
"1197","Lymphangiography","Cardiology Investigation","TIER II","NABH","SEMI PRIVATE WARD","CI012","4500.00"
"1198","Sinogram","Cardiology Investigation","TIER II","NABH","SEMI PRIVATE WARD","CI013","1800.00"
"1199","Digital Subtraction Angiography-Peripheral artery","Cardiology Investigation","TIER II","NABH","SEMI PRIVATE WARD","CI014","13149.00"
"1200","Digital Subtraction Angiography- venogram","Cardiology Investigation","TIER II","NABH","SEMI PRIVATE WARD","CI015","13149.00"
"1201","Coronary Angiography","Cardiology Investigation","TIER II","NABH","SEMI PRIVATE WARD","CI016","12060.00"
"1202","Cardiac Catheterization (CATH)","Cardiology Investigation","TIER II","NABH","SEMI PRIVATE WARD","CI017","13410.00"
"1203","Balloon Coronary Angioplasty / Percutaneous transluminal coronary angioplasty (PTCA) /Percutaneous coronary intervention (PCI) with Vascular closure device (VCD) excluding the cost of Stent. Cost of Drug Eluting Balloon allowed in lieu of Stent","Cardiology Procedure","TIER II","NABH","SEMI PRIVATE WARD","CP001","87300.00"
"1204","Balloon Coronary Angioplasty / Percutaneous transluminal coronary angioplasty (PTCA) / Percutaneous coronary intervention (PCI) without Vascular closure device (VCD) excluding the cost of Stent.Cost of Drug Eluting Balloon allowed in lieu of Stent","Cardiology Procedure","TIER II","NABH","SEMI PRIVATE WARD","CP002","75353.00"
"1205","Rotablation excluding the cost of Rotablator Burr/Advancer","Cardiology Procedure","TIER II","NABH","SEMI PRIVATE WARD","CP003","55644.00"
"1206","Balloon Mitral Valvotomy / Percutaneous Transvenous Mitral Commissurotomy (PTMC)","Cardiology Procedure","TIER II","NABH","SEMI PRIVATE WARD","CP004","87300.00"
"1207","Temporary Pacemaker Implantation (TPI) (Temporary Cardiac Pacing) Single Chamber","Cardiology Procedure","TIER II","NABH","SEMI PRIVATE WARD","CP005","19008.00"
"1208","Permanent pacemaker implantation (PPI)- Single Chamber excluding the cost of Pacemaker","Cardiology Procedure","TIER II","NABH","SEMI PRIVATE WARD","CP006","31680.00"
"1209","Permanent pacemaker implantation- Dual Chamber excluding the cost of Pacemaker","Cardiology Procedure","TIER II","NABH","SEMI PRIVATE WARD","CP007","42570.00"
"1210","Permanent pacemaker implantation (PPI)- Biventricular excluding the cost of pacemaker","Cardiology Procedure","TIER II","NABH","SEMI PRIVATE WARD","CP008","49129.00"
"1211","Automatic implantable cardioverter defibrillator (AICD) Single Chamber - excluding the cost of Device","Cardiology Procedure","TIER II","NABH","SEMI PRIVATE WARD","CP009","49500.00"
"1212","Automatic implantable cardioverter defibrillator (AICD) Dual Chamber excluding the cost of Device","Cardiology Procedure","TIER II","NABH","SEMI PRIVATE WARD","CP010","51827.00"
"1213","Combo Device Implantation excluding the cost of Device","Cardiology Procedure","TIER II","NABH","SEMI PRIVATE WARD","CP011","58410.00"
"1214","Radiofrequency (RF) Ablation Conventional","Cardiology Procedure","TIER II","NABH","SEMI PRIVATE WARD","CP012","87300.00"
"1215","Radiofrequency (RF) Ablation Atrial Tachycardia/CARTO","Cardiology Procedure","TIER II","NABH","SEMI PRIVATE WARD","CP013","162000.00"
"1216","Intra-aortic balloon pump (IABP) excluding the cost of the balloon","Cardiology Procedure","TIER II","NABH","SEMI PRIVATE WARD","CP014","31500.00"
"1217","Intra vascular coiling excluding cost of the coils","Cardiology Procedure","TIER II","NABH","SEMI PRIVATE WARD","CP015","68400.00"
"1218","Balloon Septostomy","Cardiology Procedure","TIER II","NABH","SEMI PRIVATE WARD","CP016","29700.00"
"1219","Aortic Valve Balloon Dilatation (AVBD) / Pulmonary Valve Balloon Dilatation (PVBD)","Cardiology Procedure","TIER II","NABH","SEMI PRIVATE WARD","CP017","55836.00"
"1220","Peripheral Angioplasty with Vascular Closure Device (VCD) excluding the cost of Stent","Cardiology Procedure","TIER II","NABH","SEMI PRIVATE WARD","CP018","54945.00"
"1221","Peripheral Angioplasty without Vascular Closure Device (VCD) excluding the cost of Stent","Cardiology Procedure","TIER II","NABH","SEMI PRIVATE WARD","CP019","47700.00"
"1222","Renal Angioplasty excluding the cost of Stent","Cardiology Procedure","TIER II","NABH","SEMI PRIVATE WARD","CP020","54450.00"
"1223","Transcatheter Aortic Valve Implantation (TAVI) / Transcatheter Aortic Valve Replacement (TAVR) - Procedure Cost. (Approval of Director, CGHS in consultation with Special Technical Committee (STC) is required for this procedure)","Cardiology Procedure","TIER II","NABH","SEMI PRIVATE WARD","CP021","90000.00"
"1224","TAVI / TAVR Implant (cost of implant only)","Cardiology Implant(Valve)","TIER II","NABH","SEMI PRIVATE WARD","CP022","1284000.00"
"1225","Cost of Intravascular ultrasound (IVUS) Catheter excluding GST(Procedure Charge included in PTCA)","Cardiology Add on Procedure","TIER II","NABH","SEMI PRIVATE WARD","CP023","55000.00"
"1226","Cost of Fractional flow reserve (FFR) Catheter excluding GST (Procedure Charge included in PTCA)","Cardiology Add on Procedure","TIER II","NABH","SEMI PRIVATE WARD","CP024","33000.00"
"1227","Catheter cost of Intracoronary optical coherence tomography (OCT) / Intravascular optical coherence tomography (IVOCT) / Intravascular Ventricular Assist System excluding GST(Procedure cost is included in PTCA)","Cardiology Add on Procedure","TIER II","NABH","SEMI PRIVATE WARD","CP025","65000.00"
"1228","IVL (Coronary Intra vascular Lithotripsy / Shock wave Lithotripsy - Including GST (Approval of Director, CGHS in consultation with Special Technical Committee (STC) is required for this procedure)","Cardiology Add on Procedure","TIER II","NABH","SEMI PRIVATE WARD","CP026","268000.00"
"1229","Varicose vein Surgery-Trendelenburg Operation with Suturing or Ligation","Cardiovascular And Cardiac Surgery Procedure","TIER II","NABH","SEMI PRIVATE WARD","CV001","22770.00"
"1230","Radio Ablation of Varicose Veins (RFA Ablation) excluding the cost of RFA Catheter","Cardiovascular And Cardiac Surgery Procedure","TIER II","NABH","SEMI PRIVATE WARD","CV002","8415.00"
"1231","Laser Ablation of Varicose Veins","Cardiovascular And Cardiac Surgery Procedure","TIER II","NABH","SEMI PRIVATE WARD","CV003","39600.00"
"1232","Atrial Septal Defect (ASD) closure excluding the cost of the Device","Cardiovascular And Cardiac Surgery Procedure","TIER II","NABH","SEMI PRIVATE WARD","CV004","99000.00"
"1233","Ventricular Septal Defect (VSD) with Graft / VSD Device Closure excluding the cost of the Device","Cardiovascular And Cardiac Surgery Procedure","TIER II","NABH","SEMI PRIVATE WARD","CV005","108000.00"
"1234","Tetralogy of Fallot (TOF)/TAPVC/TCPC/REV/RSOV repair","Cardiovascular And Cardiac Surgery Procedure","TIER II","NABH","SEMI PRIVATE WARD","CV006","162000.00"
"1235","BD Glenn/Left Atrium Myxoma","Cardiovascular And Cardiac Surgery Procedure","TIER II","NABH","SEMI PRIVATE WARD","CV007","162000.00"
"1236","Senning/Arterial Switch Operation (ASO) with graft","Cardiovascular And Cardiac Surgery Procedure","TIER II","NABH","SEMI PRIVATE WARD","CV008","162000.00"
"1237","Double Switch Operation (DSO)","Cardiovascular And Cardiac Surgery Procedure","TIER II","NABH","SEMI PRIVATE WARD","CV009","212400.00"
"1238","Atrioventricular(AV) Canal Repair","Cardiovascular And Cardiac Surgery Procedure","TIER II","NABH","SEMI PRIVATE WARD","CV010","212400.00"
"1239","Fontan Procedure","Cardiovascular And Cardiac Surgery Procedure","TIER II","NABH","SEMI PRIVATE WARD","CV011","246600.00"
"1240","Conduit Repair","Cardiovascular And Cardiac Surgery Procedure","TIER II","NABH","SEMI PRIVATE WARD","CV012","212400.00"
"1241","Coronary Artery Bypass Graft surgery (CABG)","Cardiovascular And Cardiac Surgery Procedure","TIER II","NABH","SEMI PRIVATE WARD","CV013","162000.00"
"1242","Coronary Artery Bypass Graft surgery (CABG) + Intra-Aortic Balloon Pump (IABP)","Cardiovascular And Cardiac Surgery Procedure","TIER II","NABH","SEMI PRIVATE WARD","CV014","212400.00"
"1243","Coronary Artery Bypass Graft surgery (CABG) + Valve Replacement excluding the cost of the valve","Cardiovascular And Cardiac Surgery Procedure","TIER II","NABH","SEMI PRIVATE WARD","CV015","246600.00"
"1244","CABG without bypass.","Cardiovascular And Cardiac Surgery Procedure","TIER II","NABH","SEMI PRIVATE WARD","CV016","212400.00"
"1245","Ascending Aorta Replacement","Cardiovascular And Cardiac Surgery Procedure","TIER II","NABH","SEMI PRIVATE WARD","CV017","246600.00"
"1246","Double Valve Replacement (DVR)","Cardiovascular And Cardiac Surgery Procedure","TIER II","NABH","SEMI PRIVATE WARD","CV018","212400.00"
"1247","Mitral valve Replacement(MVR)/ Aortic valve Replacement (AVR)/ Tricuspid Valve Replacement (TVR) / Pulmonary valve replacement (PVR)","Cardiovascular And Cardiac Surgery Procedure","TIER II","NABH","SEMI PRIVATE WARD","CV019","162000.00"
"1248","Mitral valve (MV) Repair + Aortic valve (AV) Repair / Tricuspid Valve (TV) Repair + Pulmonary valve (PV) repair","Cardiovascular And Cardiac Surgery Procedure","TIER II","NABH","SEMI PRIVATE WARD","CV020","162000.00"
"1249","Aorta Femoral Bypass","Cardiovascular And Cardiac Surgery Procedure","TIER II","NABH","SEMI PRIVATE WARD","CV021","116100.00"
"1250","Blalock-Taussig Shunt (BT Shunt) / Coarctation","Cardiovascular And Cardiac Surgery Procedure","TIER II","NABH","SEMI PRIVATE WARD","CV022","136800.00"
"1251","Pulmonary Artery Banding (PA Banding) Septostomy","Cardiovascular And Cardiac Surgery Procedure","TIER II","NABH","SEMI PRIVATE WARD","CV023","136800.00"
"1252","Pericardiocentesis","Cardiovascular And Cardiac Surgery Procedure","TIER II","NABH","SEMI PRIVATE WARD","CV024","9000.00"
"1253","Pericardiectomy","Cardiovascular And Cardiac Surgery Procedure","TIER II","NABH","SEMI PRIVATE WARD","CV025","136800.00"
"1254","Patent Ductus Arteriosus (PDA)-Device Closure","Cardiovascular And Cardiac Surgery Procedure","TIER II","NABH","SEMI PRIVATE WARD","CV026","99000.00"
"1255","Heart Transplant Surgery (As per Guidelines mentioned in OM.No. Z-42011/11/2021-MG/EHS Dated 1st December, 2023)","Cardiovascular And Cardiac Surgery Procedure","TIER II","NABH","SEMI PRIVATE WARD","CV027","1350000.00"
"1256","Aortic Arch Replacement","Cardiovascular And Cardiac Surgery Procedure","TIER II","NABH","SEMI PRIVATE WARD","CV028","246600.00"
"1257","Aortic Dissection","Cardiovascular And Cardiac Surgery Procedure","TIER II","NABH","SEMI PRIVATE WARD","CV029","246600.00"
"1258","Thoraco Abdominal Aneurysm Repair","Cardiovascular And Cardiac Surgery Procedure","TIER II","NABH","SEMI PRIVATE WARD","CV030","212400.00"
"1259","Embolectomy","Cardiovascular And Cardiac Surgery Procedure","TIER II","NABH","SEMI PRIVATE WARD","CV031","68400.00"
"1260","Vascular Repair","Cardiovascular And Cardiac Surgery Procedure","TIER II","NABH","SEMI PRIVATE WARD","CV032","68400.00"
"1261","Bentall Repair with Prosthetic Valve","Cardiovascular And Cardiac Surgery Procedure","TIER II","NABH","SEMI PRIVATE WARD","CV033","246600.00"
"1262","Bentall Repair with Biologic Valve","Cardiovascular And Cardiac Surgery Procedure","TIER II","NABH","SEMI PRIVATE WARD","CV034","212400.00"
"1263","Coarctation dilatation / Balloon dilatation of Aortic coarctation -Excluding the cost of Balloon","Cardiovascular And Cardiac Surgery Procedure","TIER II","NABH","SEMI PRIVATE WARD","CV035","70884.00"
"1264","Coarctation dilatation with Stenting","Cardiovascular And Cardiac Surgery Procedure","TIER II","NABH","SEMI PRIVATE WARD","CV036","56700.00"
"1265","Septostomy- Blade","Cardiovascular And Cardiac Surgery Procedure","TIER II","NABH","SEMI PRIVATE WARD","CV037","56700.00"
"1266","Aortic stent grafting for aortic aneurysm","Cardiovascular And Cardiac Surgery Procedure","TIER II","NABH","SEMI PRIVATE WARD","CV038","162000.00"
"1267","Inferior Vena Cava (IVC) filter implantation- excluding the cost of filter","Cardiovascular And Cardiac Surgery Procedure","TIER II","NABH","SEMI PRIVATE WARD","CV039","29700.00"
"1268","Video Assisted Thoracoscopic Surgery (VATS) for Decortication of Lungs/Thymectomy/Other Major Surgeries","Cardiovascular And Cardiac Surgery Procedure","TIER II","NABH","SEMI PRIVATE WARD","CV040","162000.00"
"1269","Sclerotherapy Injection / Banding of Haemorrhoids (cost of drug/sclerotherapy agent/band extra)","General Surgery","TIER II","NABH","SEMI PRIVATE WARD","GS001","630.00"
"1270","Injection for Varicose Veins (cost of drug/sclerotherapy agent extra)","General Surgery","TIER II","NABH","SEMI PRIVATE WARD","GS002","630.00"
"1271","Suturing of small wounds","General Surgery","TIER II","NABH","SEMI PRIVATE WARD","GS003","1238.00"
"1272","Secondary suture of wounds","General Surgery","TIER II","NABH","SEMI PRIVATE WARD","GS004","3960.00"
"1273","Debridement of wounds - Small","General Surgery","TIER II","NABH","SEMI PRIVATE WARD","GS005","1485.00"
"1274","Phimosis Under LA","General Surgery","TIER II","NABH","SEMI PRIVATE WARD","GS006","5400.00"
"1275","Removal Of Foreign Bodies -without C-ARM","General Surgery","TIER II","NABH","SEMI PRIVATE WARD","GS007","1350.00"
"1276","Toe Nail Removal","General Surgery","TIER II","NABH","SEMI PRIVATE WARD","GS008","900.00"
"1277","Excision of Cervical Lymph Node under Local Anaesthesia","General Surgery","TIER II","NABH","SEMI PRIVATE WARD","GS009","2790.00"
"1278","Excision of Axillary Lymph Node under General Anaesthesia","General Surgery","TIER II","NABH","SEMI PRIVATE WARD","GS010","7650.00"
"1279","Excision of Inguinal Lymph Node under Local Anaesthesia","General Surgery","TIER II","NABH","SEMI PRIVATE WARD","GS011","2700.00"
"1280","Excision of Sebaceous Cysts","General Surgery","TIER II","NABH","SEMI PRIVATE WARD","GS012","4500.00"
"1281","Excision of Superficial Lipoma","General Surgery","TIER II","NABH","SEMI PRIVATE WARD","GS013","4500.00"
"1282","Excision of Superficial Neurofibroma","General Surgery","TIER II","NABH","SEMI PRIVATE WARD","GS014","4500.00"
"1283","Excision of Dermoid Cysts","General Surgery","TIER II","NABH","SEMI PRIVATE WARD","GS015","4500.00"
"1284","Excision of Keloid","General Surgery","TIER II","NABH","SEMI PRIVATE WARD","GS016","8280.00"
"1285","Excision of mammary fistula","General Surgery","TIER II","NABH","SEMI PRIVATE WARD","GS017","24750.00"
"1286","Haemorrhoidectomy","General Surgery","TIER II","NABH","SEMI PRIVATE WARD","GS018","29700.00"
"1287","Stapler haemorrhoidectomy excluding the cost of Stapler","General Surgery","TIER II","NABH","SEMI PRIVATE WARD","GS019","31500.00"
"1288","Debridement of Large wounds including Diabetic Wound under Anaesthesia","General Surgery","TIER II","NABH","SEMI PRIVATE WARD","GS020","24750.00"
"1289","Gastro Oesophageal Reflux Study (GER Study)","Gastro and Hepatobiliary Investigation","TIER II","NABH","SEMI PRIVATE WARD","GI001","2700.00"
"1290","Meckel's Scan","Gastro and Hepatobiliary/Nuclear Medicine Investigation","TIER II","NABH","SEMI PRIVATE WARD","GI002","2700.00"
"1291","Hepatobiliary Scintigraphy.","Gastro and Hepatobiliary/Nuclear Medicine Investigation","TIER II","NABH","SEMI PRIVATE WARD","GI003","3600.00"
"1292","Gastrointestinal Bleed (GloB.) Study with Technetium 99m labeled RBCs.","Gastro and Hepatobiliary/Nuclear Medicine Investigation","TIER II","NABH","SEMI PRIVATE WARD","GI004","5400.00"
"1293","Gastric Emptying","Gastro and Hepatobiliary/Nuclear Medicine Investigation","TIER II","NABH","SEMI PRIVATE WARD","GI005","2250.00"
"1294","Hepatosplenic scintigraphy with Technetium-99m radiopharmaceuticals","Gastro and Hepatobiliary/Nuclear Medicine Investigation","TIER II","NABH","SEMI PRIVATE WARD","GI006","4500.00"
"1295","Diagnostic Angiography","Gastroenterology/Interventional Radiology Investigation","TIER II","NABH","SEMI PRIVATE WARD","GI007","8280.00"
"1296","Oesophageal pH metry","Gastroenterology / Endoscopic Procedures","TIER II","NABH","SEMI PRIVATE WARD","GI008","8280.00"
"1297","Oesophageal Manometry","Gastroenterology / Endoscopic Procedures","TIER II","NABH","SEMI PRIVATE WARD","GI009","8280.00"
"1298","Small Bowel Manometry","Gastroenterology / Endoscopic Procedures","TIER II","NABH","SEMI PRIVATE WARD","GI010","9000.00"
"1299","Anorectal manometry","Gastroenterology / Endoscopic Investigation","TIER II","NABH","SEMI PRIVATE WARD","GI011","38700.00"
"1300","Colonic manometry","Gastroenterology / Endoscopic Investigation","TIER II","NABH","SEMI PRIVATE WARD","GI012","31500.00"
"1301","Biliary Manometry","Gastroenterology / Endoscopic Investigation","TIER II","NABH","SEMI PRIVATE WARD","GI013","38700.00"
"1302","Breath Tests (Urea breath test/ H. pylori breath test)/RUT","Gastroenterology / Endoscopic Investigation","TIER II","NABH","SEMI PRIVATE WARD","GI014","2601.00"
"1303","Gastroscopy/Upper GI Endoscopy with or without Biopsy","Gastroenterology / Endoscopic Procedures","TIER II","NABH","SEMI PRIVATE WARD","MG001","3600.00"
"1304","Lower GI Endoscopy(Colonoscopy/Sigmoidoscopy) with or without Biopsy","Gastroenterology / Endoscopic Procedures","TIER II","NABH","SEMI PRIVATE WARD","MG002","5400.00"
"1305","Endoscopic mucosal resection","Gastroenterology / Endoscopic Procedures","TIER II","NABH","SEMI PRIVATE WARD","MG003","12060.00"
"1306","Endoscopic Polypectomy - GIT","Gastroenterology / Endoscopic Procedures","TIER II","NABH","SEMI PRIVATE WARD","MG004","18000.00"
"1307","Oesophageal Stricture dilatation","Gastroenterology / Endoscopic Procedures","TIER II","NABH","SEMI PRIVATE WARD","MG005","8280.00"
"1308","Balloon dilatation of achalasia cardia","Gastroenterology / Endoscopic Procedures","TIER II","NABH","SEMI PRIVATE WARD","MG006","12060.00"
"1309","Gastrointestinal (GIT) Foreign body removal","Gastroenterology / Endoscopic Procedures","TIER II","NABH","SEMI PRIVATE WARD","MG007","18000.00"
"1310","Oesophageal stenting excluding the cost of stent","Gastroenterology / Endoscopic Procedures","TIER II","NABH","SEMI PRIVATE WARD","MG008","12060.00"
"1311","Band ligation of oesophageal varices","Gastroenterology / Endoscopic Procedures","TIER II","NABH","SEMI PRIVATE WARD","MG009","7650.00"
"1312","Sclerotherapy of oesophageal varices","Gastroenterology / Endoscopic Procedures","TIER II","NABH","SEMI PRIVATE WARD","MG010","7650.00"
"1313","Glue injection of varices","Gastroenterology / Endoscopic Procedures","TIER II","NABH","SEMI PRIVATE WARD","MG011","12060.00"
"1314","Argon plasma coagulation","Gastroenterology / Endoscopic Procedures","TIER II","NABH","SEMI PRIVATE WARD","MG012","8280.00"
"1315","Pyloric balloon dilatation","Gastroenterology / Endoscopic Procedures","TIER II","NABH","SEMI PRIVATE WARD","MG013","7650.00"
"1316","Enteral stenting excluding cost of the stent","Gastroenterology / Endoscopic Procedures","TIER II","NABH","SEMI PRIVATE WARD","MG014","18000.00"
"1317","Duodenal stricture dilation","Gastroenterology / Endoscopic Procedures","TIER II","NABH","SEMI PRIVATE WARD","MG015","7650.00"
"1318","Single balloon enteroscopy","Gastroenterology / Endoscopic Procedures","TIER II","NABH","SEMI PRIVATE WARD","MG016","12060.00"
"1319","Double balloon enteroscopy","Gastroenterology / Endoscopic Procedures","TIER II","NABH","SEMI PRIVATE WARD","MG017","18000.00"
"1320","Capsule endoscopy excluding the cost of capsule","Gastroenterology / Endoscopic Procedures","TIER II","NABH","SEMI PRIVATE WARD","MG018","12060.00"
"1321","Piles banding","Gastroenterology / Endoscopic Procedures","TIER II","NABH","SEMI PRIVATE WARD","MG019","4500.00"
"1322","Colonic stricture dilatation","Gastroenterology / Endoscopic Procedures","TIER II","NABH","SEMI PRIVATE WARD","MG020","7650.00"
"1323","Hot biopsy forceps procedures","Gastroenterology / Endoscopic Procedures","TIER II","NABH","SEMI PRIVATE WARD","MG021","7650.00"
"1324","Colonic stenting excluding cost of the stent","Gastroenterology / Endoscopic Procedures","TIER II","NABH","SEMI PRIVATE WARD","MG022","12060.00"
"1325","Junction biopsy","Gastroenterology / Endoscopic Procedures","TIER II","NABH","SEMI PRIVATE WARD","MG023","4500.00"
"1326","Conjugal microscopy","Gastroenterology / Endoscopic Procedures","TIER II","NABH","SEMI PRIVATE WARD","MG024","7650.00"
"1327","ERCP (Endoscopic Retrograde Cholangio -Pancreatography) Diagnostic","Gastro and Hepatobiliary Investigation","TIER II","NABH","SEMI PRIVATE WARD","MG025","12060.00"
"1328","Endoscopic sphincterotomy by ERCP","Gastroenterology / Endoscopic Procedures","TIER II","NABH","SEMI PRIVATE WARD","MG026","18000.00"
"1329","Common Bile Duct (CBD) stone extraction by ERCP","Gastroenterology / Endoscopic Procedures","TIER II","NABH","SEMI PRIVATE WARD","MG027","18000.00"
"1330","Common Bile Duct (CBD) stricture dilatation by ERCP","Gastroenterology / Endoscopic Procedures","TIER II","NABH","SEMI PRIVATE WARD","MG028","18000.00"
"1331","Biliary stenting (plastic and metallic) by ERCP","Gastroenterology / Endoscopic Procedures","TIER II","NABH","SEMI PRIVATE WARD","MG029","18000.00"
"1332","Mechanical lithotripsy of CBD stones by ERCP","Gastroenterology / Endoscopic Procedures","TIER II","NABH","SEMI PRIVATE WARD","MG030","31500.00"
"1333","Pancreatic sphincterotomy by ERCP","Gastroenterology / Endoscopic Procedures","TIER II","NABH","SEMI PRIVATE WARD","MG031","18000.00"
"1334","Pancreatic stricture dilatation by ERCP","Gastroenterology / Endoscopic Procedures","TIER II","NABH","SEMI PRIVATE WARD","MG032","18000.00"
"1335","Pancreatic stone extraction by ERCP","Gastroenterology / Endoscopic Procedures","TIER II","NABH","SEMI PRIVATE WARD","MG033","18000.00"
"1336","Mechanical lithotripsy of pancreatic stones","Gastroenterology / Endoscopic Procedures","TIER II","NABH","SEMI PRIVATE WARD","MG034","31500.00"
"1337","Endoscopic cysto gastrostomy","Gastroenterology / Endoscopic Procedures","TIER II","NABH","SEMI PRIVATE WARD","MG035","18000.00"
"1338","Balloon dilatation of papilla","Gastroenterology / Endoscopic Procedures","TIER II","NABH","SEMI PRIVATE WARD","MG036","18000.00"
"1339","Percutaneous Transhepatic Biliary Drainage (PTBD)","Gastroenterology/Interventional Radiology Procedures","TIER II","NABH","SEMI PRIVATE WARD","MG037","18000.00"
"1340","Vascular Embolization","Gastroenterology/Interventional Radiology Procedures","TIER II","NABH","SEMI PRIVATE WARD","MG038","38700.00"
"1341","Transjugular Intrahepatic Portosystemic Shunt (TIPS)","Gastroenterology/Interventional Radiology Procedures","TIER II","NABH","SEMI PRIVATE WARD","MG039","47700.00"
"1342","Inferior Vena Cava (IVC) Venography and Hepatic Vein (HV Venography)","Gastroenterology/Interventional Radiology Procedures","TIER II","NABH","SEMI PRIVATE WARD","MG040","38700.00"
"1343","Muscular Stenting","Gastroenterology / Endoscopic Procedures","TIER II","NABH","SEMI PRIVATE WARD","MG041","47700.00"
"1344","Balloon-Occluded Retrograde Intravenous Obliteration (BRTO)","Gastroenterology/Interventional Radiology Procedures","TIER II","NABH","SEMI PRIVATE WARD","MG042","47700.00"
"1345","Portal Haemodynamic Studies","Gastroenterology/Interventional Radiology Procedures","TIER II","NABH","SEMI PRIVATE WARD","MG043","7650.00"
"1346","Sengstaken Blakemore (SB) Tube Tamponade","Gastroenterology / Endoscopic Procedures","TIER II","NABH","SEMI PRIVATE WARD","MG044","8280.00"
"1347","Lintas Machles Tube Tempode","Gastroenterology / Endoscopic Procedures","TIER II","NABH","SEMI PRIVATE WARD","MG045","5400.00"
"1348","EUS (Endoscopic Ultrasound) guided FNAC Excluding the cost of the Needle","Gastroenterology / Endoscopic Procedures","TIER II","NABH","SEMI PRIVATE WARD","MG046","14850.00"
"1349","Atresia of Oesophagus and Tracheo Oesophageal Fistula","Abdomen/GI Surgery Procedure","TIER II","NABH","SEMI PRIVATE WARD","AG001","47700.00"
"1350","Operations for Replacement of Oesophagus by Colon / Colon-Inter position or Replacement of Oesophagus","Abdomen/GI Surgery Procedure","TIER II","NABH","SEMI PRIVATE WARD","AG002","47700.00"
"1351","Heller-s Operation","Abdomen/GI Surgery Procedure","TIER II","NABH","SEMI PRIVATE WARD","AG003","38700.00"
"1352","Oesophageal Intubation (Mousseau Barbin Tube)","Abdomen/GI Surgery Procedure","TIER II","NABH","SEMI PRIVATE WARD","AG004","24750.00"
"1353","Achalasia Cardia Transthoracic","Abdomen/GI Surgery Procedure","TIER II","NABH","SEMI PRIVATE WARD","AG005","38700.00"
"1354","Achalasia Cardia Abdominal","Abdomen/GI Surgery Procedure","TIER II","NABH","SEMI PRIVATE WARD","AG006","38700.00"
"1355","Pyloromyotomy","Abdomen/GI Surgery Procedure","TIER II","NABH","SEMI PRIVATE WARD","AG007","24750.00"
"1356","Gastrostomy","Abdomen/GI Surgery Procedure","TIER II","NABH","SEMI PRIVATE WARD","AG008","24750.00"
"1357","Simple Closure of Perforated peptic Ulcer","Abdomen/GI Surgery Procedure","TIER II","NABH","SEMI PRIVATE WARD","AG009","31500.00"
"1358","Vagotomy Pyloroplasty / Gastro Jejunostomy","Abdomen/GI Surgery Procedure","TIER II","NABH","SEMI PRIVATE WARD","AG010","38700.00"
"1359","Duodenojejunostomy","Abdomen/GI Surgery Procedure","TIER II","NABH","SEMI PRIVATE WARD","AG011","47700.00"
"1360","Partial/Subtotal Gastrectomy for Ulcer","Abdomen/GI Surgery Procedure","TIER II","NABH","SEMI PRIVATE WARD","AG012","47700.00"
"1361","Operation for Bleeding Peptic Ulcer","Abdomen/GI Surgery Procedure","TIER II","NABH","SEMI PRIVATE WARD","AG013","38700.00"
"1362","Operation for Gastrojejunal Ulcer","Abdomen/GI Surgery Procedure","TIER II","NABH","SEMI PRIVATE WARD","AG014","38700.00"
"1363","Highly Selective Vagotomy","Abdomen/GI Surgery Procedure","TIER II","NABH","SEMI PRIVATE WARD","AG015","47700.00"
"1364","Selective Vagotomy & Drainage","Abdomen/GI Surgery Procedure","TIER II","NABH","SEMI PRIVATE WARD","AG016","47700.00"
"1365","Exploratory Laparotomy (Open)","Abdomen/GI Surgery Procedure","TIER II","NABH","SEMI PRIVATE WARD","AG017","24750.00"
"1366","Congenital Diaphragmatic Hernia","Abdomen/GI Surgery Procedure","TIER II","NABH","SEMI PRIVATE WARD","AG018","38700.00"
"1367","Hiatus Hernia Repair- Abdominal (excluding cost of mesh and tacker if used)","Abdomen/GI Surgery Procedure","TIER II","NABH","SEMI PRIVATE WARD","AG019","32670.00"
"1368","Hiatus Hernia Repair- Transthoracic (excluding cost of mesh and tacker if used)","Abdomen/GI Surgery Procedure","TIER II","NABH","SEMI PRIVATE WARD","AG020","32670.00"
"1369","Epigastric Hernia Repair - excluding the cost of mesh and tacker","Abdomen/GI Surgery Procedure","TIER II","NABH","SEMI PRIVATE WARD","AG021","24750.00"
"1370","Umbilical Hernia Repair - excluding the cost of mesh and tacker","Abdomen/GI Surgery Procedure","TIER II","NABH","SEMI PRIVATE WARD","AG022","31500.00"
"1371","Ventral /incisional Hernia Repair - excluding the cost of mesh and tacker","Abdomen/GI Surgery Procedure","TIER II","NABH","SEMI PRIVATE WARD","AG023","31500.00"
"1372","Inguinal Hernia Herniorrhaphy","Abdomen/GI Surgery Procedure","TIER II","NABH","SEMI PRIVATE WARD","AG024","25740.00"
"1373","Inguinal Hernia - Hernioplasty excluding the cost of mesh and tacker","Abdomen/GI Surgery Procedure","TIER II","NABH","SEMI PRIVATE WARD","AG025","31500.00"
"1374","Femoral Hernia Repair - excluding the cost of mesh and tacker","Abdomen/GI Surgery Procedure","TIER II","NABH","SEMI PRIVATE WARD","AG026","31500.00"
"1375","Rare Hernias Repair (Spigelian, Obturator, Lumbar, Sciatic) - excluding the cost of mesh and tacker","Abdomen/GI Surgery Procedure","TIER II","NABH","SEMI PRIVATE WARD","AG027","38700.00"
"1376","Splenectomy - For Trauma","Abdomen/GI Surgery Procedure","TIER II","NABH","SEMI PRIVATE WARD","AG028","47700.00"
"1377","Splenectomy - For Hypersplenism","Abdomen/GI Surgery Procedure","TIER II","NABH","SEMI PRIVATE WARD","AG029","56700.00"
"1378","Splenorenal Anastomosis","Abdomen/GI Surgery Procedure","TIER II","NABH","SEMI PRIVATE WARD","AG030","47700.00"
"1379","Portocaval Anastomosis","Abdomen/GI Surgery Procedure","TIER II","NABH","SEMI PRIVATE WARD","AG031","56700.00"
"1380","Direct Operation on Oesophagus for Portal Hypertension","Abdomen/GI Surgery Procedure","TIER II","NABH","SEMI PRIVATE WARD","AG032","47700.00"
"1381","Mesentericocaval Anastomosis","Abdomen/GI Surgery Procedure","TIER II","NABH","SEMI PRIVATE WARD","AG033","38700.00"
"1382","Warren Shunt (Distal Splenorenal Shunt)","Abdomen/GI Surgery Procedure","TIER II","NABH","SEMI PRIVATE WARD","AG034","47700.00"
"1383","Pancreaticoduodenectomy (Whipple's procedure)","Abdomen/GI Surgery Procedure","TIER II","NABH","SEMI PRIVATE WARD","AG035","47700.00"
"1384","Cystojejunostomy or Cystogastrostomy","Abdomen/GI Surgery Procedure","TIER II","NABH","SEMI PRIVATE WARD","AG036","38700.00"
"1385","Cholecystectomy","Abdomen/GI Surgery Procedure","TIER II","NABH","SEMI PRIVATE WARD","AG037","31500.00"
"1386","Cholecystectomy & Exploration of CBD","Abdomen/GI Surgery Procedure","TIER II","NABH","SEMI PRIVATE WARD","AG038","32670.00"
"1387","Repair of Common Bile Duct (CBD)","Abdomen/GI Surgery Procedure","TIER II","NABH","SEMI PRIVATE WARD","AG039","38700.00"
"1388","Cholecystostomy","Abdomen/GI Surgery Procedure","TIER II","NABH","SEMI PRIVATE WARD","AG040","23760.00"
"1389","Operation for Hydatid Cyst of Liver","Abdomen/GI Surgery Procedure","TIER II","NABH","SEMI PRIVATE WARD","AG041","26730.00"
"1390","Hepatic Resections (Lobectomy /Hepatectomy)","Abdomen/GI Surgery Procedure","TIER II","NABH","SEMI PRIVATE WARD","AG042","32670.00"
"1391","Operation on Adrenal Glands - Bilateral","Abdomen/GI Surgery Procedure","TIER II","NABH","SEMI PRIVATE WARD","AG043","56700.00"
"1392","Operation on Adrenal Glands - Unilateral","Abdomen/GI Surgery Procedure","TIER II","NABH","SEMI PRIVATE WARD","AG044","38700.00"
"1393","Appendicectomy","Abdomen/GI Surgery Procedure","TIER II","NABH","SEMI PRIVATE WARD","AG045","18810.00"
"1394","Appendicular Abscess - Drainage","Abdomen/GI Surgery Procedure","TIER II","NABH","SEMI PRIVATE WARD","AG046","31500.00"
"1395","Mesenteric Cyst- Excision","Abdomen/GI Surgery Procedure","TIER II","NABH","SEMI PRIVATE WARD","AG047","31500.00"
"1396","Diagnostic Peritonioscopy/Laparoscopy","Abdomen/GI Surgery Procedure","TIER II","NABH","SEMI PRIVATE WARD","AG048","18000.00"
"1397","Jejunostomy","Abdomen/GI Surgery Procedure","TIER II","NABH","SEMI PRIVATE WARD","AG049","31500.00"
"1398","Ileostomy","Abdomen/GI Surgery Procedure","TIER II","NABH","SEMI PRIVATE WARD","AG050","31500.00"
"1399","Resection & Anastomosis of Small Intestine","Abdomen/GI Surgery Procedure","TIER II","NABH","SEMI PRIVATE WARD","AG051","47025.00"
"1400","Duodenal Diverticulum","Abdomen/GI Surgery Procedure","TIER II","NABH","SEMI PRIVATE WARD","AG052","47700.00"
"1401","Operation for Intestinal Obstruction including resection , anastomosis, Adhesiolysis","Abdomen/GI Surgery Procedure","TIER II","NABH","SEMI PRIVATE WARD","AG053","47700.00"
"1402","Operation for Intestinal perforation including resection, anastomosis , Adhesiolysis","Abdomen/GI Surgery Procedure","TIER II","NABH","SEMI PRIVATE WARD","AG054","47700.00"
"1403","Operations for Benign Tumours of Small Intestine","Abdomen/GI Surgery Procedure","TIER II","NABH","SEMI PRIVATE WARD","AG055","47700.00"
"1404","Excision of Small Intestine Fistula","Abdomen/GI Surgery Procedure","TIER II","NABH","SEMI PRIVATE WARD","AG056","44550.00"
"1405","Operations for GI Bleed","Abdomen/GI Surgery Procedure","TIER II","NABH","SEMI PRIVATE WARD","AG057","47700.00"
"1406","Operations for Haemorrhage of Small Intestines","Abdomen/GI Surgery Procedure","TIER II","NABH","SEMI PRIVATE WARD","AG058","47700.00"
"1407","Operations of the Duplication of the Intestines - including Exploratory Laparotomy","Abdomen/GI Surgery Procedure","TIER II","NABH","SEMI PRIVATE WARD","AG059","40590.00"
"1408","Operations for Recurrent Intestinal Obstruction (Noble Plication & Other Operations for Adhesions)","Abdomen/GI Surgery Procedure","TIER II","NABH","SEMI PRIVATE WARD","AG060","47700.00"
"1409","Ileosigmoidostomy and related resection","Abdomen/GI Surgery Procedure","TIER II","NABH","SEMI PRIVATE WARD","AG061","47700.00"
"1410","Ileotransverse Colostomy and related resection","Abdomen/GI Surgery Procedure","TIER II","NABH","SEMI PRIVATE WARD","AG062","47700.00"
"1411","Caecostomy","Abdomen/GI Surgery Procedure","TIER II","NABH","SEMI PRIVATE WARD","AG063","31500.00"
"1412","Loop Colostomy Transverse Sigmoid","Abdomen/GI Surgery Procedure","TIER II","NABH","SEMI PRIVATE WARD","AG064","38700.00"
"1413","Terminal Colostomy","Abdomen/GI Surgery Procedure","TIER II","NABH","SEMI PRIVATE WARD","AG065","29700.00"
"1414","Closure of Colostomy","Abdomen/GI Surgery Procedure","TIER II","NABH","SEMI PRIVATE WARD","AG066","29700.00"
"1415","Right Hemicolectomy","Abdomen/GI Surgery Procedure","TIER II","NABH","SEMI PRIVATE WARD","AG067","31680.00"
"1416","Left Hemicolectomy","Abdomen/GI Surgery Procedure","TIER II","NABH","SEMI PRIVATE WARD","AG068","31680.00"
"1417","Total Colectomy","Abdomen/GI Surgery Procedure","TIER II","NABH","SEMI PRIVATE WARD","AG069","39600.00"
"1418","Operations for Volvulus of Large Bowel","Abdomen/GI Surgery Procedure","TIER II","NABH","SEMI PRIVATE WARD","AG070","47700.00"
"1419","Operations for Sigmoid Diverticulitis","Abdomen/GI Surgery Procedure","TIER II","NABH","SEMI PRIVATE WARD","AG071","38700.00"
"1420","Fissure in Ano with Internal sphincterotomy with fissurectomy.","Abdomen/GI Surgery Procedure","TIER II","NABH","SEMI PRIVATE WARD","AG072","31500.00"
"1421","Fissure in Ano - Fissurectomy","Abdomen/GI Surgery Procedure","TIER II","NABH","SEMI PRIVATE WARD","AG073","24750.00"
"1422","Rectal Polyp-Excision","Abdomen/GI Surgery Procedure","TIER II","NABH","SEMI PRIVATE WARD","AG074","13563.00"
"1423","Fistula in Ano - High Fistulectomy","Abdomen/GI Surgery Procedure","TIER II","NABH","SEMI PRIVATE WARD","AG075","31500.00"
"1424","Fistula in Ano - Low Fistulectomy","Abdomen/GI Surgery Procedure","TIER II","NABH","SEMI PRIVATE WARD","AG076","22770.00"
"1425","Prolapse Rectum - Thiersch Wiring","Abdomen/GI Surgery Procedure","TIER II","NABH","SEMI PRIVATE WARD","AG077","24750.00"
"1426","Prolapse Rectum - Rectopexy","Abdomen/GI Surgery Procedure","TIER II","NABH","SEMI PRIVATE WARD","AG078","13860.00"
"1427","Excision of Pilonidal Sinus (open)","Abdomen/GI Surgery Procedure","TIER II","NABH","SEMI PRIVATE WARD","AG079","21780.00"
"1428","Excision of Pilonidal Sinus with closure","Abdomen/GI Surgery Procedure","TIER II","NABH","SEMI PRIVATE WARD","AG080","24750.00"
"1429","Abdomino-Perineal Excision of Rectum","Abdomen/GI Surgery Procedure","TIER II","NABH","SEMI PRIVATE WARD","AG081","47700.00"
"1430","Anterior Resection of Rectum","Abdomen/GI Surgery Procedure","TIER II","NABH","SEMI PRIVATE WARD","AG082","56700.00"
"1431","Pull Through Abdominal Resection","Abdomen/GI Surgery Procedure","TIER II","NABH","SEMI PRIVATE WARD","AG083","47700.00"
"1432","Retro Peritoneal Tumour Removal","Abdomen/GI Surgery Procedure","TIER II","NABH","SEMI PRIVATE WARD","AG084","47700.00"
"1433","Laparoscopic Fundoplication","Abdomen/GI Surgery Procedure","TIER II","NABH","SEMI PRIVATE WARD","AG085","56700.00"
"1434","Laparoscopic Splenectomy","Abdomen/GI Surgery Procedure","TIER II","NABH","SEMI PRIVATE WARD","AG086","56700.00"
"1435","Laparoscopic Removal of hydatid cyst","Abdomen/GI Surgery Procedure","TIER II","NABH","SEMI PRIVATE WARD","AG087","56700.00"
"1436","Laparoscopic Treatment of Pseudo Pancreatic cyst","Abdomen/GI Surgery Procedure","TIER II","NABH","SEMI PRIVATE WARD","AG088","56700.00"
"1437","Laparoscopic Whipple's operation (Laparoscopic Pancreaticoduodenectomy)","Abdomen/GI Surgery Procedure","TIER II","NABH","SEMI PRIVATE WARD","AG089","47700.00"
"1438","Laparoscopic GI bypass operation","Abdomen/GI Surgery Procedure","TIER II","NABH","SEMI PRIVATE WARD","AG090","56700.00"
"1439","Laparoscopic Total Colectomy","Abdomen/GI Surgery Procedure","TIER II","NABH","SEMI PRIVATE WARD","AG091","56700.00"
"1440","Laparoscopic Hemicolectomy","Abdomen/GI Surgery Procedure","TIER II","NABH","SEMI PRIVATE WARD","AG092","47700.00"
"1441","Laparoscopic Anterior Resection (of Intestine/Rectum)","Abdomen/GI Surgery Procedure","TIER II","NABH","SEMI PRIVATE WARD","AG093","56700.00"
"1442","Laparoscopic Cholecystectomy","Abdomen/GI Surgery Procedure","TIER II","NABH","SEMI PRIVATE WARD","AG094","32670.00"
"1443","Laparoscopic Appendectomy","Abdomen/GI Surgery Procedure","TIER II","NABH","SEMI PRIVATE WARD","AG095","29700.00"
"1444","Laparoscopic Hernia - Inguinoplasty (excluding the cost of Tacker and Mesh)","Abdomen/GI Surgery Procedure","TIER II","NABH","SEMI PRIVATE WARD","AG096","34650.00"
"1445","Laparoscopic Ventral Hernia Repair (excluding the cost of Tacker and Mesh)","Abdomen/GI Surgery Procedure","TIER II","NABH","SEMI PRIVATE WARD","AG097","34650.00"
"1446","Laparoscopic Paraumbilical Hernia Repair (excluding the cost of Tacker and Mesh)","Abdomen/GI Surgery Procedure","TIER II","NABH","SEMI PRIVATE WARD","AG098","34650.00"
"1447","Laparoscopic Adrenalectomy","Abdomen/GI Surgery Procedure","TIER II","NABH","SEMI PRIVATE WARD","AG099","56700.00"
"1448","Diaphragmatic Hernia Repair (Thoracic or Abdominal Approach)","Paediatric Surgery Procedure","TIER II","NABH","SEMI PRIVATE WARD","PS001","47700.00"
"1449","Tracheoesophageal Fistula (Correction Surgery)","Paediatric Surgery Procedure","TIER II","NABH","SEMI PRIVATE WARD","PS002","47700.00"
"1450","Colon Replacement of Oesophagus","Paediatric Surgery Procedure","TIER II","NABH","SEMI PRIVATE WARD","PS003","38700.00"
"1451","Omphalomesenteric Cyst Excision","Paediatric Surgery Procedure","TIER II","NABH","SEMI PRIVATE WARD","PS004","38700.00"
"1452","Omphalomesenteric Duct- Excision","Paediatric Surgery Procedure","TIER II","NABH","SEMI PRIVATE WARD","PS005","38700.00"
"1453","Omphalocele 1st Stage (Hernia Repair)","Paediatric Surgery Procedure","TIER II","NABH","SEMI PRIVATE WARD","PS006","31500.00"
"1454","Omphalocele 2nd Stage (Hernia Repair)","Paediatric Surgery Procedure","TIER II","NABH","SEMI PRIVATE WARD","PS007","31500.00"
"1455","Gastroschisis Repair","Paediatric Surgery Procedure","TIER II","NABH","SEMI PRIVATE WARD","PS008","38700.00"
"1456","Inguinal Herniotomy","Paediatric Surgery Procedure","TIER II","NABH","SEMI PRIVATE WARD","PS009","31500.00"
"1457","Congenital Hydrocele","Paediatric Surgery Procedure","TIER II","NABH","SEMI PRIVATE WARD","PS010","31500.00"
"1458","Hydrocele of Cord","Paediatric Surgery Procedure","TIER II","NABH","SEMI PRIVATE WARD","PS011","24750.00"
"1459","Torsion Testis Operation","Paediatric Surgery Procedure","TIER II","NABH","SEMI PRIVATE WARD","PS012","31500.00"
"1460","Congenital Pyloric Stenosis- operation","Paediatric Surgery Procedure","TIER II","NABH","SEMI PRIVATE WARD","PS013","31500.00"
"1461","Duodenal Atresia Operation","Paediatric Surgery Procedure","TIER II","NABH","SEMI PRIVATE WARD","PS014","38700.00"
"1462","Pancreatic Ring Operation","Paediatric Surgery Procedure","TIER II","NABH","SEMI PRIVATE WARD","PS015","47700.00"
"1463","Meconium Ileus Operation","Paediatric Surgery Procedure","TIER II","NABH","SEMI PRIVATE WARD","PS016","38700.00"
"1464","Malrotation of Intestines Operation","Paediatric Surgery Procedure","TIER II","NABH","SEMI PRIVATE WARD","PS017","38700.00"
"1465","Rectal Biopsy (Megacolon)","Paediatric Surgery Procedure","TIER II","NABH","SEMI PRIVATE WARD","PS018","18000.00"
"1466","Colostomy Transverse","Paediatric Surgery Procedure","TIER II","NABH","SEMI PRIVATE WARD","PS019","38700.00"
"1467","Colostomy Left Iliac","Paediatric Surgery Procedure","TIER II","NABH","SEMI PRIVATE WARD","PS020","38700.00"
"1468","Abdominal Perineal Pull Through (Hirschsprung's Disease)","Paediatric Surgery Procedure","TIER II","NABH","SEMI PRIVATE WARD","PS021","47700.00"
"1469","Imperforate Anus Low Anomaly -Cut Back Operation","Paediatric Surgery Procedure","TIER II","NABH","SEMI PRIVATE WARD","PS022","24750.00"
"1470","Imperforate Anus Low Anomaly - Perineal Anoplasty","Paediatric Surgery Procedure","TIER II","NABH","SEMI PRIVATE WARD","PS023","31500.00"
"1471","Imperforate Anus High Anomaly -Sacroabdomino Perineal Pull Through","Paediatric Surgery Procedure","TIER II","NABH","SEMI PRIVATE WARD","PS024","47700.00"
"1472","Imperforate Anus High Anomaly - Closure of Colostomy","Paediatric Surgery Procedure","TIER II","NABH","SEMI PRIVATE WARD","PS025","31500.00"
"1473","Intussusception Operation","Paediatric Surgery Procedure","TIER II","NABH","SEMI PRIVATE WARD","PS026","38700.00"
"1474","Choledochoduodenostomy for Atresia of Extra Hepatic Biliary Duct","Paediatric Surgery Procedure","TIER II","NABH","SEMI PRIVATE WARD","PS027","47700.00"
"1475","Operation of Choledochal Cyst","Paediatric Surgery Procedure","TIER II","NABH","SEMI PRIVATE WARD","PS028","47700.00"
"1476","Nephrectomy for -Pyonephrosis","Paediatric Surgery Procedure","TIER II","NABH","SEMI PRIVATE WARD","PS029","38700.00"
"1477","Nephrectomy for - Hydronephrosis","Paediatric Surgery Procedure","TIER II","NABH","SEMI PRIVATE WARD","PS030","38700.00"
"1478","Sacro-Coccygeal Teratoma Excision","Paediatric Surgery Procedure","TIER II","NABH","SEMI PRIVATE WARD","PS031","38700.00"
"1479","Congenital Atresia & Stenosis of Small Intestine","Paediatric Surgery Procedure","TIER II","NABH","SEMI PRIVATE WARD","PS032","47700.00"
"1480","Malrotation & Volvulus of the Midgut","Paediatric Surgery Procedure","TIER II","NABH","SEMI PRIVATE WARD","PS033","38700.00"
"1481","Excision of Meckel-s Diverticulum","Paediatric Surgery Procedure","TIER II","NABH","SEMI PRIVATE WARD","PS034","38700.00"
"1482","Non Stress Test","Obstetrics Investigation","TIER II","NABH","SEMI PRIVATE WARD","OG001","1350.00"
"1483","Normal delivery with or without Episiotomy & P.repair/ forceps delivery /Vacuum delivery/assisted breech delivery including Routine New Born Care","Obstetrics And Gynaecology Procedure","TIER II","NABH","SEMI PRIVATE WARD","OG002","31500.00"
"1484","Normal Delivery of High Risk Pregnancy(Preeclampsia/Eclampsia/GDM/Cardiac/Vascular/Renal/Pulmonary/Twin Pregnancy/RA/SLE/IVF Conception/Severe Anaemia,)","Obstetrics And Gynaecology Procedure","TIER II","NABH","SEMI PRIVATE WARD","OG003","38700.00"
"1485","Caesarean Section(CS) with or without Sterilization including Routine New Born Care","Obstetrics And Gynaecology Procedure","TIER II","NABH","SEMI PRIVATE WARD","OG004","47700.00"
"1486","Caesarian Delivery of High Risk Pregnancy(Preeclampsia/Eclampsia/GDM/Cardiac/Vascular/Renal/Pulmonary/Twin Pregnancy/RA/SLE/IVF Conception/Severe Anaemia)","Obstetrics And Gynaecology Procedure","TIER II","NABH","SEMI PRIVATE WARD","OG005","56700.00"
"1487","Rupture Uterus Closure & Repair with Tubal Ligation","Obstetrics And Gynaecology Procedure","TIER II","NABH","SEMI PRIVATE WARD","OG006","38700.00"
"1488","Perforation of Uterus after D/E Laparotomy & Closure","Obstetrics And Gynaecology Procedure","TIER II","NABH","SEMI PRIVATE WARD","OG007","18000.00"
"1489","Laparotomy for Ectopic Pregnancy","Obstetrics And Gynaecology Procedure","TIER II","NABH","SEMI PRIVATE WARD","OG008","31500.00"
"1490","Laparotomy peritonitis Lavage and Drainage","Obstetrics And Gynaecology Procedure","TIER II","NABH","SEMI PRIVATE WARD","OG009","31500.00"
"1491","Ovarian Cystectomy - Laparoscopic.","Obstetrics And Gynaecology Procedure","TIER II","NABH","SEMI PRIVATE WARD","OG010","38700.00"
"1492","Ovarian Cystectomy - Laparotomy.","Obstetrics And Gynaecology Procedure","TIER II","NABH","SEMI PRIVATE WARD","OG011","31500.00"
"1493","Laparoscopic Broad Ligament Hematoma Drainage with repair","Obstetrics And Gynaecology Procedure","TIER II","NABH","SEMI PRIVATE WARD","OG012","12060.00"
"1494","Exploration of perineal Haematoma & Repair","Obstetrics And Gynaecology Procedure","TIER II","NABH","SEMI PRIVATE WARD","OG013","12060.00"
"1495","Exploration of abdominal Haematoma (after laparotomy/ LSCS)","Obstetrics And Gynaecology Procedure","TIER II","NABH","SEMI PRIVATE WARD","OG014","24750.00"
"1496","Manual Removal of Placenta","Obstetrics And Gynaecology Procedure","TIER II","NABH","SEMI PRIVATE WARD","OG015","8280.00"
"1497","Examination under anaesthesia (EUA)","Obstetrics And Gynaecology Procedure","TIER II","NABH","SEMI PRIVATE WARD","OG016","4500.00"
"1498","Burst-Abdomen Repair","Obstetrics And Gynaecology Procedure","TIER II","NABH","SEMI PRIVATE WARD","OG017","31500.00"
"1499","Gaping Perineal Wound Secondary Suturing","Obstetrics And Gynaecology Procedure","TIER II","NABH","SEMI PRIVATE WARD","OG018","4500.00"
"1500","Gaping Abdominal Wound Secondary Suturing","Obstetrics And Gynaecology Procedure","TIER II","NABH","SEMI PRIVATE WARD","OG019","7650.00"
"1501","Complete Perineal Tear-Repair","Obstetrics And Gynaecology Procedure","TIER II","NABH","SEMI PRIVATE WARD","OG020","8280.00"
"1502","Pelvic Floor Repair(Rectocele +/- Cystocele +/- Enterocele)","Obstetrics And Gynaecology Procedure","TIER II","NABH","SEMI PRIVATE WARD","OG021","31500.00"
"1503","Suction Evacuation Vesicular Mole","Obstetrics And Gynaecology Procedure","TIER II","NABH","SEMI PRIVATE WARD","OG022","24750.00"
"1504","Colpotomy/Post-Coital Tear Repair","Obstetrics And Gynaecology Procedure","TIER II","NABH","SEMI PRIVATE WARD","OG023","8280.00"
"1505","Excision of urethral carbuncle","Obstetrics And Gynaecology Procedure","TIER II","NABH","SEMI PRIVATE WARD","OG024","12060.00"
"1506","Shirodkar/ McDonald stitch//Cervical Stitch(Cerclage)","Obstetrics And Gynaecology Procedure","TIER II","NABH","SEMI PRIVATE WARD","OG025","12060.00"
"1507","Abdominal Hysterectomy with or without salpingo-oophorectomy","Obstetrics And Gynaecology Procedure","TIER II","NABH","SEMI PRIVATE WARD","OG026","38700.00"
"1508","Non-descent Vaginal Hysterectomy (NDVH) with or without BSO","Obstetrics And Gynaecology Procedure","TIER II","NABH","SEMI PRIVATE WARD","OG027","38700.00"
"1509","Vaginal Hysterectomy ( including of BSO) with or without repairs","Obstetrics And Gynaecology Procedure","TIER II","NABH","SEMI PRIVATE WARD","OG028","38700.00"
"1510","Myomectomy -laparotomy","Obstetrics And Gynaecology Procedure","TIER II","NABH","SEMI PRIVATE WARD","OG029","31500.00"
"1511","Myomectomy -laparoscopic","Obstetrics And Gynaecology Procedure","TIER II","NABH","SEMI PRIVATE WARD","OG030","38700.00"
"1512","Vaginoplasty","Obstetrics And Gynaecology Procedure","TIER II","NABH","SEMI PRIVATE WARD","OG031","38700.00"
"1513","Vulvectomy -Simple","Obstetrics And Gynaecology Procedure","TIER II","NABH","SEMI PRIVATE WARD","OG032","31500.00"
"1514","Rectovaginal Fistula (RVF) Repair","Obstetrics And Gynaecology Procedure","TIER II","NABH","SEMI PRIVATE WARD","OG033","38700.00"
"1515","Manchester/Fothergill-s operation","Obstetrics And Gynaecology Procedure","TIER II","NABH","SEMI PRIVATE WARD","OG034","31500.00"
"1516","Shirodkar-s sling Operation or other sling operations for prolapse uterus","Obstetrics And Gynaecology Procedure","TIER II","NABH","SEMI PRIVATE WARD","OG035","18000.00"
"1517","Laparoscopic sling operations for prolapse uterus","Obstetrics And Gynaecology Procedure","TIER II","NABH","SEMI PRIVATE WARD","OG036","38700.00"
"1518","Dilatation and Curettage(diagnostic/therapeutic) with or without Polypectomy","Obstetrics And Gynaecology Procedure","TIER II","NABH","SEMI PRIVATE WARD","OG037","12060.00"
"1519","Cervical Biopsy","Obstetrics And Gynaecology Procedure","TIER II","NABH","SEMI PRIVATE WARD","OG038","8280.00"
"1520","Transcervical/Hysteroscopic Polypectomy","Obstetrics And Gynaecology Procedure","TIER II","NABH","SEMI PRIVATE WARD","OG039","12060.00"
"1521","Excision of Vaginal Cyst/Bartholin Cyst/Gartner Cyst","Obstetrics And Gynaecology Procedure","TIER II","NABH","SEMI PRIVATE WARD","OG040","8280.00"
"1522","Excision of Vaginal/Uterus Septum","Obstetrics And Gynaecology Procedure","TIER II","NABH","SEMI PRIVATE WARD","OG041","18000.00"
"1523","Diagnostic hysterolaparoscopy(DHL) with or without chromopertubation/Adhesiolysis/ovarian drilling","Obstetrics And Gynaecology Procedure","TIER II","NABH","SEMI PRIVATE WARD","OG042","18000.00"
"1524","Laparoscopy Sterilization/Laproscopic tubal occlusion(LTO)","Obstetrics And Gynaecology Procedure","TIER II","NABH","SEMI PRIVATE WARD","OG043","24750.00"
"1525","Laparoscopically Assisted Vaginal Hysterectomy (LAVH) with or without BSO","Obstetrics And Gynaecology Procedure","TIER II","NABH","SEMI PRIVATE WARD","OG044","56700.00"
"1526","Balloon Tamponade for Post Partum Haemorrhage/Conservative management of PPH(Atonic/traumatic PPH)","Obstetrics And Gynaecology Procedure","TIER II","NABH","SEMI PRIVATE WARD","OG045","7650.00"
"1527","Total Laparoscopic Hysterectomy with or without BSO","Obstetrics And Gynaecology Procedure","TIER II","NABH","SEMI PRIVATE WARD","OG046","56700.00"
"1528","Laparoscopic Treatment of Ectopic Pregnancy-Milking/Salpingotomy/Salpingectomy","Obstetrics And Gynaecology Procedure","TIER II","NABH","SEMI PRIVATE WARD","OG047","38700.00"
"1529","Conisation of cervix/Chemical Cautery of Cervical Ectopy/Erosion","Obstetrics And Gynaecology Procedure","TIER II","NABH","SEMI PRIVATE WARD","OG048","8280.00"
"1530","Diagnostic hysteroscopy with or without polypectomy/endometrial curettage","Obstetrics And Gynaecology Procedure","TIER II","NABH","SEMI PRIVATE WARD","OG049","18000.00"
"1531","Laparotomy recanalization of Fallopian tubes-(Tuboplasty)","Obstetrics And Gynaecology Procedure","TIER II","NABH","SEMI PRIVATE WARD","OG050","47700.00"
"1532","Laparoscopic recanalization of Fallopian tubes-(Tuboplasty)","Obstetrics And Gynaecology Procedure","TIER II","NABH","SEMI PRIVATE WARD","OG051","47700.00"
"1533","Colposcopy","Obstetrics And Gynaecology Procedure","TIER II","NABH","SEMI PRIVATE WARD","OG052","4500.00"
"1534","Inversion of Uterus - Vaginal Reposition","Obstetrics And Gynaecology Procedure","TIER II","NABH","SEMI PRIVATE WARD","OG053","5400.00"
"1535","Inversion of Uterus - Abdominal Reposition","Obstetrics And Gynaecology Procedure","TIER II","NABH","SEMI PRIVATE WARD","OG054","5400.00"
"1536","Vaginal Vesicovaginal Fistula (VVF) Repair","Obstetrics And Gynaecology Procedure","TIER II","NABH","SEMI PRIVATE WARD","OG055","56700.00"
"1537","Interventional Ultrasonography- Chorionic villus sampling (CVS)","Obstetrics And Gynaecology Procedure","TIER II","NABH","SEMI PRIVATE WARD","OG056","4500.00"
"1538","Amniocentesis","Obstetrics And Gynaecology Procedure","TIER II","NABH","SEMI PRIVATE WARD","OG057","12060.00"
"1539","Thermal balloon ablation.","Obstetrics And Gynaecology Procedure","TIER II","NABH","SEMI PRIVATE WARD","OG058","31500.00"
"1540","Ultrasonographic myolysis","Obstetrics And Gynaecology Procedure","TIER II","NABH","SEMI PRIVATE WARD","OG059","24750.00"
"1541","Vaginal/Cervical Myomectomy","Obstetrics And Gynaecology Procedure","TIER II","NABH","SEMI PRIVATE WARD","OG060","38700.00"
"1542","Intra Uterine Insemination","Obstetrics And Gynaecology Procedure","TIER II","NABH","SEMI PRIVATE WARD","OG061","4500.00"
"1543","Intracytoplasmic sperm injection (ICSI)","Obstetrics And Gynaecology Procedure","TIER II","NABH","SEMI PRIVATE WARD","OG062","18000.00"
"1544","Laparotomy abdominal sacro-colpopexy","Obstetrics And Gynaecology Procedure","TIER II","NABH","SEMI PRIVATE WARD","OG063","47700.00"
"1545","Vaginal Colpopexy/colpopexy-abdominal","Obstetrics And Gynaecology Procedure","TIER II","NABH","SEMI PRIVATE WARD","OG064","38700.00"
"1546","Laparoscopic abdominal colpopexy/sacro-colpopexy","Obstetrics And Gynaecology Procedure","TIER II","NABH","SEMI PRIVATE WARD","OG065","47700.00"
"1547","Endometrial aspiration cytology/biopsy (including Pipelle Charges)","Obstetrics And Gynaecology Procedure","TIER II","NABH","SEMI PRIVATE WARD","OG066","2700.00"
"1548","Laparoscopic treatment for stress incontinence","Obstetrics And Gynaecology Procedure","TIER II","NABH","SEMI PRIVATE WARD","OG067","38700.00"
"1549","Transvaginal tapes for Stress incontinence","Obstetrics And Gynaecology Procedure","TIER II","NABH","SEMI PRIVATE WARD","OG068","31500.00"
"1550","Trans-obturator tapes for Stress incontinence","Obstetrics And Gynaecology Procedure","TIER II","NABH","SEMI PRIVATE WARD","OG069","38700.00"
"1551","Interventional radiographic arterial embolization/Uterine artery embolization(UAE)","Obstetrics And Gynaecology Procedure","TIER II","NABH","SEMI PRIVATE WARD","OG070","31500.00"
"1552","Internal Iliac Artery ligation","Obstetrics And Gynaecology Procedure","TIER II","NABH","SEMI PRIVATE WARD","OG071","7650.00"
"1553","Surgical management of PPH (Uterine compression stitches/stepwise devascularisation)/peripartum hysterectomy","Obstetrics And Gynaecology Procedure","TIER II","NABH","SEMI PRIVATE WARD","OG072","18000.00"
"1554","Intra-uterine fetal blood transfusion","Obstetrics And Gynaecology Procedure","TIER II","NABH","SEMI PRIVATE WARD","OG073","47700.00"
"1555","Hysteroscopy Transcervical Resection of Endometrium (TCRE)","Obstetrics And Gynaecology Procedure","TIER II","NABH","SEMI PRIVATE WARD","OG074","31500.00"
"1556","Hysteroscopy Removal of Intra-Uterine Contraceptive Device (IUCD)","Obstetrics And Gynaecology Procedure","TIER II","NABH","SEMI PRIVATE WARD","OG075","18000.00"
"1557","hysteroscopic resection of uterine septum","Obstetrics And Gynaecology Procedure","TIER II","NABH","SEMI PRIVATE WARD","OG076","31500.00"
"1558","Diagnostic Hysteroscopy with or without endometrial Biopsy","Obstetrics And Gynaecology Procedure","TIER II","NABH","SEMI PRIVATE WARD","OG077","18000.00"
"1559","Sterilization (minilap)-post partum/post abortion","Obstetrics And Gynaecology Procedure","TIER II","NABH","SEMI PRIVATE WARD","OG078","8280.00"
"1560","Interval Sterilization(minilap)-BAT / Male Sterilization(Vasectomy)","Obstetrics And Gynaecology Procedure","TIER II","NABH","SEMI PRIVATE WARD","OG079","18000.00"
"1561","Medical Termination of Pregnancy (MTP)- 1st Trimester with Medicine /Manual Vacuum Aspiration /Check Curettage","Obstetrics And Gynaecology Procedure","TIER II","NABH","SEMI PRIVATE WARD","OG080","12060.00"
"1562","Medical Termination of Pregnancy (MTP) - 2nd Trimester /Suction and Evacuation/Dilatation and Curettage/Dilatation and expulsion","Obstetrics And Gynaecology Procedure","TIER II","NABH","SEMI PRIVATE WARD","OG081","18000.00"
"1563","Insertion of IUD/IUCD/Pessary","Obstetrics And Gynaecology Procedure","TIER II","NABH","SEMI PRIVATE WARD","OG082","3600.00"
"1564","Removal of IUD/IUCD/Pessary","Obstetrics And Gynaecology Procedure","TIER II","NABH","SEMI PRIVATE WARD","OG083","900.00"
"1565","Ultrasound guided kidney Biopsy","Nephrology And Urology - Biopsy","TIER II","NABH","SEMI PRIVATE WARD","NU001","8280.00"
"1566","Testicular Biopsy","Nephrology And Urology - Biopsy","TIER II","NABH","SEMI PRIVATE WARD","NU002","12060.00"
"1567","Transrectal Ultrasound (TRUS) guided prostate biopsy","Nephrology And Urology - Biopsy","TIER II","NABH","SEMI PRIVATE WARD","NU003","8280.00"
"1568","Uroflow Study (Uroflowmetry)","Nephrology And Urology Investigation","TIER II","NABH","SEMI PRIVATE WARD","NU004","900.00"
"1569","Urodynamic Study (Cystometry)","Nephrology And Urology Investigation","TIER II","NABH","SEMI PRIVATE WARD","NU005","2700.00"
"1570","Voiding-cysto-urethrogram and retrograde urethrogram (Nephrostogram)","Nephrology And Urology Investigation","TIER II","NABH","SEMI PRIVATE WARD","NU006","7650.00"
"1571","Fistulogram for Arteriovenous Fistula","Nephrology And Urology Investigation","TIER II","NABH","SEMI PRIVATE WARD","NU007","8280.00"
"1572","Partial Nephrectomy -open","Nephrology And Urology Procedure","TIER II","NABH","SEMI PRIVATE WARD","NU008","38700.00"
"1573","Partial Nephrectomy-Laparoscopic/Endoscopic","Nephrology And Urology Procedure","TIER II","NABH","SEMI PRIVATE WARD","NU009","47700.00"
"1574","Nephrectomy Simple -Open","Nephrology And Urology Procedure","TIER II","NABH","SEMI PRIVATE WARD","NU010","56700.00"
"1575","Laparoscopic Nephrectomy","Nephrology And Urology Procedure","TIER II","NABH","SEMI PRIVATE WARD","NU011","56700.00"
"1576","Nephrolithotomy -open","Nephrology And Urology Procedure","TIER II","NABH","SEMI PRIVATE WARD","NU012","38700.00"
"1577","Nephrolithotomy -Laparoscopic/endoscopic","Nephrology And Urology Procedure","TIER II","NABH","SEMI PRIVATE WARD","NU013","47700.00"
"1578","Pyelolithotomy-open","Nephrology And Urology Procedure","TIER II","NABH","SEMI PRIVATE WARD","NU014","56700.00"
"1579","Pyelolithotomy -Laparoscopic/endoscopic","Nephrology And Urology Procedure","TIER II","NABH","SEMI PRIVATE WARD","NU015","47700.00"
"1580","Operations for Hydronephrosis -pyeloplasty open","Nephrology And Urology Procedure","TIER II","NABH","SEMI PRIVATE WARD","NU016","47700.00"
"1581","Operations for Hydronephrosis -pyeloplasty Lap/endoscopic","Nephrology And Urology Procedure","TIER II","NABH","SEMI PRIVATE WARD","NU017","56700.00"
"1582","Operations for Hydronephrosis Endopyelotomy antegrade","Nephrology And Urology Procedure","TIER II","NABH","SEMI PRIVATE WARD","NU018","38700.00"
"1583","Operations for Hydronephrosis Endopyelotomy retrograde","Nephrology And Urology Procedure","TIER II","NABH","SEMI PRIVATE WARD","NU019","38700.00"
"1584","Operations for Hydronephrosis ureterocalicostomy","Nephrology And Urology Procedure","TIER II","NABH","SEMI PRIVATE WARD","NU020","38700.00"
"1585","Operations for Hydronephrosis-Ileal ureter","Nephrology And Urology Procedure","TIER II","NABH","SEMI PRIVATE WARD","NU021","47700.00"
"1586","Open Drainage of Perinephric Abscess","Nephrology And Urology Procedure","TIER II","NABH","SEMI PRIVATE WARD","NU022","31500.00"
"1587","Percutaneous Drainage of Perinephric Abscess -Ultrasound guided","Nephrology And Urology Procedure","TIER II","NABH","SEMI PRIVATE WARD","NU023","12060.00"
"1588","Cavernostomy","Nephrology And Urology Procedure","TIER II","NABH","SEMI PRIVATE WARD","NU024","24750.00"
"1589","Operations for Cyst of the Kidney -open","Nephrology And Urology Procedure","TIER II","NABH","SEMI PRIVATE WARD","NU025","38700.00"
"1590","Operations for Cyst of the Kidney Lap/endoscopic","Nephrology And Urology Procedure","TIER II","NABH","SEMI PRIVATE WARD","NU026","47700.00"
"1591","Ureterolithotomy -open","Nephrology And Urology Procedure","TIER II","NABH","SEMI PRIVATE WARD","NU027","38700.00"
"1592","Ureterolithotomy-Lap/Endoscopic","Nephrology And Urology Procedure","TIER II","NABH","SEMI PRIVATE WARD","NU028","47700.00"
"1593","Nephroureterectomy open","Nephrology And Urology Procedure","TIER II","NABH","SEMI PRIVATE WARD","NU029","47700.00"
"1594","Operations for Ureter for -Double Ureters","Nephrology And Urology Procedure","TIER II","NABH","SEMI PRIVATE WARD","NU030","47700.00"
"1595","Operations for Ureter -for Ectopia of Single Ureter","Nephrology And Urology Procedure","TIER II","NABH","SEMI PRIVATE WARD","NU031","38700.00"
"1596","Operations for Vesicoureteral Reflux (VUR) -Open","Nephrology And Urology Procedure","TIER II","NABH","SEMI PRIVATE WARD","NU032","38700.00"
"1597","Operations for Vesicoureteral Reflux (VUR)-Lap/Endoscopic","Nephrology And Urology Procedure","TIER II","NABH","SEMI PRIVATE WARD","NU033","47700.00"
"1598","Operations for Vesicoureteral Reflux (VUR)/ Urinary incontinence with bulking agents","Nephrology And Urology Procedure","TIER II","NABH","SEMI PRIVATE WARD","NU034","38700.00"
"1599","Ureterostomy - Cutaneous","Nephrology And Urology Procedure","TIER II","NABH","SEMI PRIVATE WARD","NU035","31500.00"
"1600","Uretero-Colic anastomosis","Nephrology And Urology Procedure","TIER II","NABH","SEMI PRIVATE WARD","NU036","38700.00"
"1601","Formation of an Ileal Conduit","Nephrology And Urology Procedure","TIER II","NABH","SEMI PRIVATE WARD","NU037","47700.00"
"1602","Ureteric Catheterisation/DJ Stenting","Nephrology And Urology Procedure","TIER II","NABH","SEMI PRIVATE WARD","NU038","18000.00"
"1603","DJ stent removal","Nephrology And Urology Procedure","TIER II","NABH","SEMI PRIVATE WARD","NU039","8613.00"
"1604","Biopsy of Bladder (Cystoscopic) including (Cold Cup Biopsy)","Nephrology And Urology Procedure","TIER II","NABH","SEMI PRIVATE WARD","NU040","12060.00"
"1605","Cysto-Litholapaxy","Nephrology And Urology Procedure","TIER II","NABH","SEMI PRIVATE WARD","NU041","31500.00"
"1606","Operations for Injuries of the Bladder","Nephrology And Urology Procedure","TIER II","NABH","SEMI PRIVATE WARD","NU042","38700.00"
"1607","Suprapubic Drainage (Cystostomy/vesicostomy)","Nephrology And Urology Procedure","TIER II","NABH","SEMI PRIVATE WARD","NU043","18000.00"
"1608","Simple Cystectomy","Nephrology And Urology Procedure","TIER II","NABH","SEMI PRIVATE WARD","NU044","38700.00"
"1609","Diverticulectomy -open","Nephrology And Urology Procedure","TIER II","NABH","SEMI PRIVATE WARD","NU045","38700.00"
"1610","Diverticulectomy- Lap/Endoscopic","Nephrology And Urology Procedure","TIER II","NABH","SEMI PRIVATE WARD","NU046","47700.00"
"1611","Diverticulectomy -Endoscopic incision of neck","Nephrology And Urology Procedure","TIER II","NABH","SEMI PRIVATE WARD","NU047","31500.00"
"1612","Augmentation Cystoplasty","Nephrology And Urology Procedure","TIER II","NABH","SEMI PRIVATE WARD","NU048","47700.00"
"1613","Operations for Exstrophy of the Bladder- Single stage repair","Nephrology And Urology Procedure","TIER II","NABH","SEMI PRIVATE WARD","NU049","38700.00"
"1614","Operations for Exstrophy of the Bladder- Multistage repair","Nephrology And Urology Procedure","TIER II","NABH","SEMI PRIVATE WARD","NU050","38700.00"
"1615","Operations for Exstrophy of the Bladder- simple cystectomy with urinary diversion","Nephrology And Urology Procedure","TIER II","NABH","SEMI PRIVATE WARD","NU051","56700.00"
"1616","Repair of Ureterocele -Open","Nephrology And Urology Procedure","TIER II","NABH","SEMI PRIVATE WARD","NU052","38700.00"
"1617","Repair of Ureterocele -Lap/Endoscopic","Nephrology And Urology Procedure","TIER II","NABH","SEMI PRIVATE WARD","NU053","38700.00"
"1618","Repair of Ureterocele -Endoscopic incision","Nephrology And Urology Procedure","TIER II","NABH","SEMI PRIVATE WARD","NU054","31500.00"
"1619","Vesicovaginal Fistula (VVF) Repair (Open)","Nephrology And Urology Procedure","TIER II","NABH","SEMI PRIVATE WARD","NU055","38700.00"
"1620","Vesicovaginal Fistula (VVF) Repair (Laparoscopic)","Nephrology And Urology Procedure","TIER II","NABH","SEMI PRIVATE WARD","NU056","47700.00"
"1621","Open Suprapubic Prostatectomy","Nephrology And Urology Procedure","TIER II","NABH","SEMI PRIVATE WARD","NU057","38700.00"
"1622","Open Retropubic Prostatectomy","Nephrology And Urology Procedure","TIER II","NABH","SEMI PRIVATE WARD","NU058","38700.00"
"1623","Transurethral Resection of Prostate (TURP)","Nephrology And Urology Procedure","TIER II","NABH","SEMI PRIVATE WARD","NU059","56700.00"
"1624","Urethroscopy/ Cystopanendoscopy","Nephrology And Urology Procedure","TIER II","NABH","SEMI PRIVATE WARD","NU060","12060.00"
"1625","Internal urethrotomy -optical","Nephrology And Urology Procedure","TIER II","NABH","SEMI PRIVATE WARD","NU061","24750.00"
"1626","Internal urethrotomy -Core through urethroplasty","Nephrology And Urology Procedure","TIER II","NABH","SEMI PRIVATE WARD","NU062","38700.00"
"1627","Urethral Reconstruction -End to end anastomosis","Nephrology And Urology Procedure","TIER II","NABH","SEMI PRIVATE WARD","NU063","38700.00"
"1628","Urethral Reconstruction - substitution urethroplasty (Transpubic urethroplasty)","Nephrology And Urology Procedure","TIER II","NABH","SEMI PRIVATE WARD","NU064","47700.00"
"1629","Abdomino Perineal urethroplasty","Nephrology And Urology Procedure","TIER II","NABH","SEMI PRIVATE WARD","NU065","47700.00"
"1630","Posterior Urethral Valve fulguration.","Nephrology And Urology Procedure","TIER II","NABH","SEMI PRIVATE WARD","NU066","31500.00"
"1631","Operations for Incontinence of Urine - Male -Open","Nephrology And Urology Procedure","TIER II","NABH","SEMI PRIVATE WARD","NU067","38700.00"
"1632","Operations for Incontinence of Urine - Male -Sling","Nephrology And Urology Procedure","TIER II","NABH","SEMI PRIVATE WARD","NU068","47700.00"
"1633","Operations for Incontinence of Urine - Male-Bulking agent","Nephrology And Urology Procedure","TIER II","NABH","SEMI PRIVATE WARD","NU069","38700.00"
"1634","Operations for Incontinence of Urine - Female -Open","Nephrology And Urology Procedure","TIER II","NABH","SEMI PRIVATE WARD","NU070","38700.00"
"1635","Operations for Incontinence of Urine - Female-Sling","Nephrology And Urology Procedure","TIER II","NABH","SEMI PRIVATE WARD","NU071","47700.00"
"1636","Operations for Incontinence of Urine - Female-Bulking agent","Nephrology And Urology Procedure","TIER II","NABH","SEMI PRIVATE WARD","NU072","38700.00"
"1637","Reduction of Paraphimosis","Nephrology And Urology Procedure","TIER II","NABH","SEMI PRIVATE WARD","NU073","5400.00"
"1638","Circumcision","Nephrology And Urology Procedure","TIER II","NABH","SEMI PRIVATE WARD","NU074","12060.00"
"1639","Meatotomy","Nephrology And Urology Procedure","TIER II","NABH","SEMI PRIVATE WARD","NU075","7650.00"
"1640","Meatoplasty","Nephrology And Urology Procedure","TIER II","NABH","SEMI PRIVATE WARD","NU076","12060.00"
"1641","Operations for Hypospadias + Chordee Correction","Nephrology And Urology Procedure","TIER II","NABH","SEMI PRIVATE WARD","NU077","31500.00"
"1642","Operations for Hypospadias - Second Stage","Nephrology And Urology Procedure","TIER II","NABH","SEMI PRIVATE WARD","NU078","38700.00"
"1643","Operations for Hypospadias - One Stage Repair","Nephrology And Urology Procedure","TIER II","NABH","SEMI PRIVATE WARD","NU079","38700.00"
"1644","Operations for Crippled Hypospadias","Nephrology And Urology Procedure","TIER II","NABH","SEMI PRIVATE WARD","NU080","38700.00"
"1645","Operations for Epispadias -primary repair","Nephrology And Urology Procedure","TIER II","NABH","SEMI PRIVATE WARD","NU081","38700.00"
"1646","Operations for Epispadias-crippled epispadias","Nephrology And Urology Procedure","TIER II","NABH","SEMI PRIVATE WARD","NU082","47700.00"
"1647","Partial Amputation of the Penis","Nephrology And Urology Procedure","TIER II","NABH","SEMI PRIVATE WARD","NU083","31500.00"
"1648","Total amputation of the Penis","Nephrology And Urology Procedure","TIER II","NABH","SEMI PRIVATE WARD","NU084","38700.00"
"1649","Orchidectomy-Simple","Nephrology And Urology Procedure","TIER II","NABH","SEMI PRIVATE WARD","NU085","24750.00"
"1650","Epididymectomy","Nephrology And Urology Procedure","TIER II","NABH","SEMI PRIVATE WARD","NU086","18000.00"
"1651","Operations for Hydrocele - Unilateral","Nephrology And Urology Procedure","TIER II","NABH","SEMI PRIVATE WARD","NU087","24750.00"
"1652","Operations for Hydrocele - Bilateral","Nephrology And Urology Procedure","TIER II","NABH","SEMI PRIVATE WARD","NU088","31500.00"
"1653","Operation for Torsion of Testis","Nephrology And Urology Procedure","TIER II","NABH","SEMI PRIVATE WARD","NU089","24750.00"
"1654","Micro-surgical Vasovasostomy /Vaso epididymal anastomosis .","Nephrology And Urology Procedure","TIER II","NABH","SEMI PRIVATE WARD","NU090","24750.00"
"1655","Operations for Varicocele Unilateral Microsurgical","Nephrology And Urology Procedure","TIER II","NABH","SEMI PRIVATE WARD","NU091","31500.00"
"1656","Operations for Varicocele Palomo-s Unilateral -Laparoscopic","Nephrology And Urology Procedure","TIER II","NABH","SEMI PRIVATE WARD","NU092","31500.00"
"1657","Operations for Varicocele Bilateral --Microsurgical","Nephrology And Urology Procedure","TIER II","NABH","SEMI PRIVATE WARD","NU093","38700.00"
"1658","Operations for Varicocele Palomo-s Bilateral - Laparoscopic","Nephrology And Urology Procedure","TIER II","NABH","SEMI PRIVATE WARD","NU094","38700.00"
"1659","Excision of Filarial Scrotum","Nephrology And Urology Procedure","TIER II","NABH","SEMI PRIVATE WARD","NU095","24750.00"
"1660","Kidney Transplantation (related)","Nephrology And Urology Procedure","TIER II","NABH","SEMI PRIVATE WARD","NU096","336600.00"
"1661","Kidney Transplantation (Spousal/ unrelated) Including immunosuppressant therapy","Nephrology And Urology Procedure","TIER II","NABH","SEMI PRIVATE WARD","NU097","382500.00"
"1662","Kidney Transplantation (Cadaver)","Nephrology And Urology Procedure","TIER II","NABH","SEMI PRIVATE WARD","NU098","315000.00"
"1663","ABO incompatible Transplantation","Nephrology And Urology Procedure","TIER II","NABH","SEMI PRIVATE WARD","NU099","540000.00"
"1664","Kidney Transplant Graft Nephrectomy","Nephrology And Urology Procedure","TIER II","NABH","SEMI PRIVATE WARD","NU100","73800.00"
"1665","Donor Nephrectomy (Open)","Nephrology And Urology Procedure","TIER II","NABH","SEMI PRIVATE WARD","NU101","56700.00"
"1666","Donor Nephrectomy (Laparoscopic)","Nephrology And Urology Procedure","TIER II","NABH","SEMI PRIVATE WARD","NU102","99000.00"
"1667","Post-Transplant Collection drainage for Lymphocele (open)","Nephrology And Urology Procedure","TIER II","NABH","SEMI PRIVATE WARD","NU103","8280.00"
"1668","Post-Transplant Collection drainage for Lymphocele (percutaneous)","Nephrology And Urology Procedure","TIER II","NABH","SEMI PRIVATE WARD","NU104","12060.00"
"1669","Post-Transplant Collection drainage for Lymphocele (Laparoscopic)","Nephrology And Urology Procedure","TIER II","NABH","SEMI PRIVATE WARD","NU105","18000.00"
"1670","Arteriovenous Fistula for Haemodialysis","Nephrology And Urology Procedure","TIER II","NABH","SEMI PRIVATE WARD","NU106","18000.00"
"1671","Arteriovenous Shunt for Haemodialysis","Nephrology And Urology Procedure","TIER II","NABH","SEMI PRIVATE WARD","NU107","18000.00"
"1672","Jugular Catheterization for Haemodialysis","Nephrology And Urology Procedure","TIER II","NABH","SEMI PRIVATE WARD","NU108","5400.00"
"1673","Subclavian Catheterization for Haemodialysis","Nephrology And Urology Procedure","TIER II","NABH","SEMI PRIVATE WARD","NU109","5400.00"
"1674","One Sided (single Lumen) Femoral Catheterization for Haemodialysis","Nephrology And Urology Procedure","TIER II","NABH","SEMI PRIVATE WARD","NU110","3600.00"
"1675","Bilateral (single Lumen) Femoral Catheterization for Haemodialysis","Nephrology And Urology Procedure","TIER II","NABH","SEMI PRIVATE WARD","NU111","5400.00"
"1676","Double Lumen Femoral Catheterization for Haemodialysis","Nephrology And Urology Procedure","TIER II","NABH","SEMI PRIVATE WARD","NU112","12060.00"
"1677","Permcath Insertion excluding the cost of the catheter","Nephrology And Urology Procedure","TIER II","NABH","SEMI PRIVATE WARD","NU113","7650.00"
"1678","Arterio Venous Prosthetic Graft","Nephrology And Urology Procedure","TIER II","NABH","SEMI PRIVATE WARD","NU114","38700.00"
"1679","Single lumen Jugular Catheterization","Nephrology And Urology Procedure","TIER II","NABH","SEMI PRIVATE WARD","NU115","4500.00"
"1680","Single lumen Subclavian Catheterization","Nephrology And Urology Procedure","TIER II","NABH","SEMI PRIVATE WARD","NU116","4500.00"
"1681","Plasma Exchange/ Plasmapheresis","Nephrology And Urology Procedure","TIER II","NABH","SEMI PRIVATE WARD","NU117","18000.00"
"1682","Continuous Ambulatory Peritoneal Dialysis (CAPD) catheter insertion- Open method","Nephrology And Urology Procedure","TIER II","NABH","SEMI PRIVATE WARD","NU118","18000.00"
"1683","Continuous Ambulatory Peritoneal Dialysis (CAPD) catheter insertion- Schlendinger/ Seldinger method","Nephrology And Urology Procedure","TIER II","NABH","SEMI PRIVATE WARD","NU119","18000.00"
"1684","Sustained low efficiency haemodialysis /haemodialysis","Nephrology And Urology Procedure","TIER II","NABH","SEMI PRIVATE WARD","NU120","8280.00"
"1685","Continuous Veno venous/Arteriovenous Haemofiltration /Haemofiltration/CRRT per day","Nephrology And Urology Procedure","TIER II","NABH","SEMI PRIVATE WARD","NU121","15300.00"
"1686","Haemodialysis / Haemodialysis for Sero negative cases including Dialyser and all other Consumables","Nephrology And Urology Procedure","TIER II","NABH","SEMI PRIVATE WARD","NU122","2250.00"
"1687","Haemodialysis / Haemodialysis for Sero Positive cases including Dialyser and all other Consumables","Nephrology And Urology Procedure","TIER II","NABH","SEMI PRIVATE WARD","NU123","2700.00"
"1688","Acute Peritoneal Dialysis","Nephrology And Urology Procedure","TIER II","NABH","SEMI PRIVATE WARD","NU124","4770.00"
"1689","Peritoneal Dialysis","Nephrology And Urology Procedure","TIER II","NABH","SEMI PRIVATE WARD","NU125","3240.00"
"1690","Fistula stenosis dilation","Nephrology And Urology Procedure","TIER II","NABH","SEMI PRIVATE WARD","NU126","12060.00"
"1691","Slow continuous Ultrafiltration","Nephrology And Urology Procedure","TIER II","NABH","SEMI PRIVATE WARD","NU127","7650.00"
"1692","Percutaneous Nephrolithotomy (PCNL) - Unilateral","Nephrology And Urology Procedure","TIER II","NABH","SEMI PRIVATE WARD","NU128","47700.00"
"1693","Percutaneous Nephrolithotomy (PCNL) - Bilateral","Nephrology And Urology Procedure","TIER II","NABH","SEMI PRIVATE WARD","NU129","56700.00"
"1694","Endoscopic Bulking agent Inject (including cost of bulking agent)","Nephrology And Urology Procedure","TIER II","NABH","SEMI PRIVATE WARD","NU130","31500.00"
"1695","Nephrostomy -Open","Nephrology And Urology Procedure","TIER II","NABH","SEMI PRIVATE WARD","NU131","31500.00"
"1696","Nephrostomy -Lap/Endoscopic","Nephrology And Urology Procedure","TIER II","NABH","SEMI PRIVATE WARD","NU132","31500.00"
"1697","Ureteric Reimplant for Megaureter/ Vesicoureteric reflux/ureterocele (Open)","Nephrology And Urology Procedure","TIER II","NABH","SEMI PRIVATE WARD","NU133","38700.00"
"1698","Ureteric Reimplant for Megaureter / Vesicoureteric reflux/ ureterocele (Laparoscopic)","Nephrology And Urology Procedure","TIER II","NABH","SEMI PRIVATE WARD","NU134","38700.00"
"1699","Partial Cystectomy","Nephrology And Urology Procedure","TIER II","NABH","SEMI PRIVATE WARD","NU135","47700.00"
"1700","Transurethral Resection of Prostate (TURP) with Cystolithotripsy","Nephrology And Urology Procedure","TIER II","NABH","SEMI PRIVATE WARD","NU136","56700.00"
"1701","Closure of Urethral Fistula","Nephrology And Urology Procedure","TIER II","NABH","SEMI PRIVATE WARD","NU137","31500.00"
"1702","Orchidopexy - Unilateral -Open","Nephrology And Urology Procedure","TIER II","NABH","SEMI PRIVATE WARD","NU138","31500.00"
"1703","Orchidopexy - Unilateral- Lap/Endoscopic","Nephrology And Urology Procedure","TIER II","NABH","SEMI PRIVATE WARD","NU139","38700.00"
"1704","Orchidopexy - Bilateral -Open","Nephrology And Urology Procedure","TIER II","NABH","SEMI PRIVATE WARD","NU140","38700.00"
"1705","Orchidopexy - Bilateral -Lap/Endoscopic","Nephrology And Urology Procedure","TIER II","NABH","SEMI PRIVATE WARD","NU141","47700.00"
"1706","Cystolithotomy -Suprapubic","Nephrology And Urology Procedure","TIER II","NABH","SEMI PRIVATE WARD","NU142","24750.00"
"1707","Endoscopic Removal of Stone in Bladder","Nephrology And Urology Procedure","TIER II","NABH","SEMI PRIVATE WARD","NU143","31500.00"
"1708","Resection Bladder Neck Endoscopic / Bladder neck incision / transurethral incision on prostrate","Nephrology And Urology Procedure","TIER II","NABH","SEMI PRIVATE WARD","NU144","38700.00"
"1709","Ureteroscopic Surgery","Nephrology And Urology Procedure","TIER II","NABH","SEMI PRIVATE WARD","NU145","31500.00"
"1710","Urethroplasty 1st Stage","Nephrology And Urology Procedure","TIER II","NABH","SEMI PRIVATE WARD","NU146","38700.00"
"1711","Scrotal Exploration","Nephrology And Urology Procedure","TIER II","NABH","SEMI PRIVATE WARD","NU147","24750.00"
"1712","Perineal Urethrostomy","Nephrology And Urology Procedure","TIER II","NABH","SEMI PRIVATE WARD","NU148","31500.00"
"1713","Dilatation of Stricture Urethra under G.A.","Nephrology And Urology Procedure","TIER II","NABH","SEMI PRIVATE WARD","NU149","4500.00"
"1714","Laparoscopic pyelolithotomy","Nephrology And Urology Procedure","TIER II","NABH","SEMI PRIVATE WARD","NU150","56700.00"
"1715","Laparoscopic Pyeloplasty","Nephrology And Urology Procedure","TIER II","NABH","SEMI PRIVATE WARD","NU151","56700.00"
"1716","Laparoscopic surgery for Renal cyst","Nephrology And Urology Procedure","TIER II","NABH","SEMI PRIVATE WARD","NU152","56700.00"
"1717","Laparoscopic ureterolithotomy","Nephrology And Urology Procedure","TIER II","NABH","SEMI PRIVATE WARD","NU153","56700.00"
"1718","Laparoscopic Nephroureterectomy","Nephrology And Urology Procedure","TIER II","NABH","SEMI PRIVATE WARD","NU154","47700.00"
"1719","Extracorporeal Shock Wave Lithotripsy (ESWL)","Nephrology And Urology Procedure","TIER II","NABH","SEMI PRIVATE WARD","NU155","38700.00"
"1720","Diagnostic Cystoscopy","Nephrology And Urology Procedure","TIER II","NABH","SEMI PRIVATE WARD","NU156","7650.00"
"1721","Cystoscopy with Retrograde Catheter -Unilateral/RGP","Nephrology And Urology Procedure","TIER II","NABH","SEMI PRIVATE WARD","NU157","18000.00"
"1722","Cystoscopy with Retrograde Catheter - Bilateral/RGP","Nephrology And Urology Procedure","TIER II","NABH","SEMI PRIVATE WARD","NU158","24750.00"
"1723","Retrograde Intrarenal Surgery (RIRS)/ Flexible Ureteroscopy","Nephrology And Urology Procedure","TIER II","NABH","SEMI PRIVATE WARD","NU159","56700.00"
"1724","Holmium YAG Prostate Surgery","Nephrology And Urology Procedure","TIER II","NABH","SEMI PRIVATE WARD","NU160","68400.00"
"1725","Holmium YAG Optical Internal Urethrotomy (OIU)","Nephrology And Urology Procedure","TIER II","NABH","SEMI PRIVATE WARD","NU161","38700.00"
"1726","Holmium YAG Core through internal Urethrotomy","Nephrology And Urology Procedure","TIER II","NABH","SEMI PRIVATE WARD","NU162","47700.00"
"1727","Holmium YAG Stone Lithotripsy","Nephrology And Urology Procedure","TIER II","NABH","SEMI PRIVATE WARD","NU163","68400.00"
"1728","Green Light Laser for Prostate","Nephrology And Urology Procedure","TIER II","NABH","SEMI PRIVATE WARD","NU164","68400.00"
"1729","Cystoscopic Botulinum Toxin Injection ( Over active bladder/ Neurogenic bladder) -excluding cost of drug","Nephrology And Urology Procedure","TIER II","NABH","SEMI PRIVATE WARD","NU165","12060.00"
"1730","Peyronie-s Disease - Plaque excision with grafting","Nephrology And Urology Procedure","TIER II","NABH","SEMI PRIVATE WARD","NU166","31500.00"
"1731","Prosthetic Surgery for urinary incontinence","Nephrology And Urology Procedure","TIER II","NABH","SEMI PRIVATE WARD","NU167","38700.00"
"1732","Ultrasound Guided Percutaneous Nephrostomy (PCN)","Nephrology And Urology Procedure","TIER II","NABH","SEMI PRIVATE WARD","NU168","18000.00"
"1733","Electroencephalogram (EEG)/ Video EEG","Neurology Investigation","TIER II","NABH","SEMI PRIVATE WARD","NI001","900.00"
"1734","Electromyography (EMG)","Neurology Investigation","TIER II","NABH","SEMI PRIVATE WARD","NI002","1350.00"
"1735","Nerve conduction velocity (NCV), -two or more limbs","Neurology Investigation","TIER II","NABH","SEMI PRIVATE WARD","NI003","1350.00"
"1736","Repetitive nerve stimulation (RNS)-Decremental response (before and after neostigmine)","Neurology Investigation","TIER II","NABH","SEMI PRIVATE WARD","NI004","1350.00"
"1737","Repetitive nerve stimulation (RNS)-Incremental response","Neurology Investigation","TIER II","NABH","SEMI PRIVATE WARD","NI005","1350.00"
"1738","Somatosensory evoked potentials (SSEP)","Neurology Investigation","TIER II","NABH","SEMI PRIVATE WARD","NI006","1350.00"
"1739","Polysomnography (PSG) / Level I Sleep study including Room Rent and Titration","Neurology Investigation","TIER II","NABH","SEMI PRIVATE WARD","NI007","8100.00"
"1740","Brachial plexus study","Neurology Investigation","TIER II","NABH","SEMI PRIVATE WARD","NI008","1350.00"
"1741","RNS( Repetitive Nerve stimulation)","Neurology Investigation","TIER II","NABH","SEMI PRIVATE WARD","NI009","1440.00"
"1742","Lumbar Pressure Monitoring","Neuro-Surgery Investigation","TIER II","NABH","SEMI PRIVATE WARD","NS001","8280.00"
"1743","Brain Mapping","Neuro-Surgery Investigation","TIER II","NABH","SEMI PRIVATE WARD","NS002","24750.00"
"1744","Nerve Biopsy","Neuro-Surgery Biopsy","TIER II","NABH","SEMI PRIVATE WARD","NS003","18000.00"
"1745","Brain Biopsy","Neuro-Surgery Biopsy","TIER II","NABH","SEMI PRIVATE WARD","NS004","38700.00"
"1746","Craniotomy and Evacuation of Haematoma -Subdural","Neuro-Surgery Procedure","TIER II","NABH","SEMI PRIVATE WARD","NS005","73800.00"
"1747","Craniotomy and Evacuation of Haematoma - Extradural","Neuro-Surgery Procedure","TIER II","NABH","SEMI PRIVATE WARD","NS006","73800.00"
"1748","Evacuation /Excision of Brain Abscess by craniotomy","Neuro-Surgery Procedure","TIER II","NABH","SEMI PRIVATE WARD","NS007","73800.00"
"1749","Excision of Lobe (Frontal Temporal Cerebellum etc.)","Neuro-Surgery Procedure","TIER II","NABH","SEMI PRIVATE WARD","NS008","73800.00"
"1750","Twist Drill Craniostomy","Neuro-Surgery Procedure","TIER II","NABH","SEMI PRIVATE WARD","NS009","38700.00"
"1751","Subdural Tapping","Neuro-Surgery Procedure","TIER II","NABH","SEMI PRIVATE WARD","NS010","12060.00"
"1752","Ventricular Tapping","Neuro-Surgery Procedure","TIER II","NABH","SEMI PRIVATE WARD","NS011","31500.00"
"1753","Brain Abscess Tapping","Neuro-Surgery Procedure","TIER II","NABH","SEMI PRIVATE WARD","NS012","24750.00"
"1754","Placement of Intracranial pressure (ICP) Monitor","Neuro-Surgery Procedure","TIER II","NABH","SEMI PRIVATE WARD","NS013","24750.00"
"1755","Skull Traction Application","Neuro-Surgery Procedure","TIER II","NABH","SEMI PRIVATE WARD","NS014","8280.00"
"1756","Vascular Malformations","Neuro-Surgery Procedure","TIER II","NABH","SEMI PRIVATE WARD","NS015","87300.00"
"1757","Meningoencephalocele excision and repair","Neuro-Surgery Procedure","TIER II","NABH","SEMI PRIVATE WARD","NS016","68400.00"
"1758","Meningomyelocele Repair","Neuro-Surgery Procedure","TIER II","NABH","SEMI PRIVATE WARD","NS017","56700.00"
"1759","CSF Rhinorrhoea Repair","Neuro-Surgery Procedure","TIER II","NABH","SEMI PRIVATE WARD","NS018","56700.00"
"1760","Cranioplasty","Neuro-Surgery Procedure","TIER II","NABH","SEMI PRIVATE WARD","NS019","56700.00"
"1761","Anterior Cervical Discectomy","Neuro-Surgery Procedure","TIER II","NABH","SEMI PRIVATE WARD","NS020","56700.00"
"1762","Brachial Plexus Exploration and neurotization","Neuro-Surgery Procedure","TIER II","NABH","SEMI PRIVATE WARD","NS021","56700.00"
"1763","Median Nerve Decompression","Neuro-Surgery Procedure","TIER II","NABH","SEMI PRIVATE WARD","NS022","38700.00"
"1764","Peripheral Nerve Surgery - Major","Neuro-Surgery Procedure","TIER II","NABH","SEMI PRIVATE WARD","NS023","56700.00"
"1765","Peripheral Nerve Surgery Minor","Neuro-Surgery Procedure","TIER II","NABH","SEMI PRIVATE WARD","NS024","47700.00"
"1766","Ventriculoatrial /Ventriculoperitoneal Shunt","Neuro-Surgery Procedure","TIER II","NABH","SEMI PRIVATE WARD","NS025","47700.00"
"1767","Anterior Cervical Spine Surgery with fusion","Neuro-Surgery Procedure","TIER II","NABH","SEMI PRIVATE WARD","NS026","68400.00"
"1768","Anterio Lateral Decompression of spine","Neuro-Surgery Procedure","TIER II","NABH","SEMI PRIVATE WARD","NS027","73800.00"
"1769","Cervical or Dorsal or Lumbar Laminectomy","Neuro-Surgery Procedure","TIER II","NABH","SEMI PRIVATE WARD","NS028","47700.00"
"1770","Combined Trans-Oral Surgery & Craniovertebral (CV) Junction Fusion","Neuro-Surgery Procedure","TIER II","NABH","SEMI PRIVATE WARD","NS029","56700.00"
"1771","Craniovertebral Junction (CVJ) Fusion procedures","Neuro-Surgery Procedure","TIER II","NABH","SEMI PRIVATE WARD","NS030","68400.00"
"1772","Depressed Fracture Elevation","Neuro-Surgery Procedure","TIER II","NABH","SEMI PRIVATE WARD","NS031","47700.00"
"1773","Lumbar Discectomy","Neuro-Surgery Procedure","TIER II","NABH","SEMI PRIVATE WARD","NS032","56700.00"
"1774","Endarterectomy (Carotid)","Neuro-Surgery Procedure","TIER II","NABH","SEMI PRIVATE WARD","NS033","56700.00"
"1775","Radiofrequency (RF) Lesion for Trigeminal Neuralgia","Neuro-Surgery Procedure","TIER II","NABH","SEMI PRIVATE WARD","NS034","47700.00"
"1776","Spasticity Surgery","Neuro-Surgery Procedure","TIER II","NABH","SEMI PRIVATE WARD","NS035","47700.00"
"1777","Spinal Fusion Procedure","Neuro-Surgery Procedure","TIER II","NABH","SEMI PRIVATE WARD","NS036","68400.00"
"1778","Spinal Bifida Surgery Major","Neuro-Surgery Procedure","TIER II","NABH","SEMI PRIVATE WARD","NS037","56700.00"
"1779","Spinal Bifida Surgery Minor","Neuro-Surgery Procedure","TIER II","NABH","SEMI PRIVATE WARD","NS038","47700.00"
"1780","Stereotaxic Procedures- biopsy/aspiration of cyst","Neuro-Surgery Procedure","TIER II","NABH","SEMI PRIVATE WARD","NS039","38700.00"
"1781","Trans Sphenoidal Surgery","Neuro-Surgery Procedure","TIER II","NABH","SEMI PRIVATE WARD","NS040","47700.00"
"1782","Trans Oral Surgery","Neuro-Surgery Procedure","TIER II","NABH","SEMI PRIVATE WARD","NS041","47700.00"
"1783","Implantation of Deep Brain Stimulation (DBS) -One electrode (as per guidelines mentioned in OM.No.Z15025/44/2023/DIR/CGHS/EHS Dated 09.09.2024)","Neuro-Surgery Procedure","TIER II","NABH","SEMI PRIVATE WARD","NS042","56700.00"
"1784","Implantation of Deep Brain Stimulation (DBS) -two electrodes (as per guidelines mentioned in OM.No.Z15025/44/2023/DIR/CGHS/EHS Dated 09.09.2024)","Neuro-Surgery Procedure","TIER II","NABH","SEMI PRIVATE WARD","NS043","68400.00"
"1785","Endoscopic aqueductoplasty","Neuro-Surgery Procedure","TIER II","NABH","SEMI PRIVATE WARD","NS044","47700.00"
"1786","Facial nerve reconstruction","Neuro-Surgery Procedure","TIER II","NABH","SEMI PRIVATE WARD","NS045","68400.00"
"1787","Carotid Stenting excluding the cost of Stent","Neuro-Surgery Procedure","TIER II","NABH","SEMI PRIVATE WARD","NS046","56700.00"
"1788","Cervical disc arthroplasty","Neuro-Surgery Procedure","TIER II","NABH","SEMI PRIVATE WARD","NS047","56700.00"
"1789","Lumbar disc arthroplasty","Neuro-Surgery Procedure","TIER II","NABH","SEMI PRIVATE WARD","NS048","47700.00"
"1790","Corpus callostomy for Epilepsy","Neuro-Surgery Procedure","TIER II","NABH","SEMI PRIVATE WARD","NS049","73800.00"
"1791","Hemispherotomy for Epilepsy","Neuro-Surgery Procedure","TIER II","NABH","SEMI PRIVATE WARD","NS050","73800.00"
"1792","Endoscopic CSF rhinorrhoea repair","Neuro-Surgery Procedure","TIER II","NABH","SEMI PRIVATE WARD","NS051","47700.00"
"1793","Burr hole evacuation of chronic subdural haematoma","Neuro-Surgery Procedure","TIER II","NABH","SEMI PRIVATE WARD","NS052","56700.00"
"1794","Epilepsy surgery other than at Code No. NS049 and NS050","Neuro-Surgery Procedure","TIER II","NABH","SEMI PRIVATE WARD","NS053","87300.00"
"1795","Radiofrequency (RF) lesion for facet joint pain syndrome","Neuro-Surgery Procedure","TIER II","NABH","SEMI PRIVATE WARD","NS054","56700.00"
"1796","Cervical Laminoplasty","Neuro-Surgery Procedure","TIER II","NABH","SEMI PRIVATE WARD","NS055","68400.00"
"1797","Lateral mass C1-C2 screw fixation","Neuro-Surgery Procedure","TIER II","NABH","SEMI PRIVATE WARD","NS056","68400.00"
"1798","Microsurgical decompression for Trigeminal nerve","Neuro-Surgery Procedure","TIER II","NABH","SEMI PRIVATE WARD","NS057","56700.00"
"1799","Microsurgical decompression for hemifacial spasm","Neuro-Surgery Procedure","TIER II","NABH","SEMI PRIVATE WARD","NS058","56700.00"
"1800","Extracranial-Intracranial Bypass Procedures (EC-IC) bypass procedures","Neuro-Surgery Procedure","TIER II","NABH","SEMI PRIVATE WARD","NS059","56700.00"
"1801","Image Guided Craniotomy","Neuro-Surgery Procedure","TIER II","NABH","SEMI PRIVATE WARD","NS060","73800.00"
"1802","Baclofen pump implantation lesioning for movement disorder including Parkinsonism/Spinal Cord Stimulator Implantation","Neuro-Surgery Procedure","TIER II","NABH","SEMI PRIVATE WARD","NS061","68400.00"
"1803","Programmable Ventriculo-Peritoneal (VP) shunt excluding the cost of the Device","Neuro-Surgery Procedure","TIER II","NABH","SEMI PRIVATE WARD","NS062","56700.00"
"1804","Endoscopic Sympathectomy","Neuro-Surgery Procedure","TIER II","NABH","SEMI PRIVATE WARD","NS063","56700.00"
"1805","Lumbar Puncture","Neuro-Surgery Procedure","TIER II","NABH","SEMI PRIVATE WARD","NS064","2700.00"
"1806","External Ventricular Drainage (EVD)","Neuro-Surgery Procedure","TIER II","NABH","SEMI PRIVATE WARD","NS065","24750.00"
"1807","Endoscopic 3rd ventriculostomy","Neuro-Surgery Procedure","TIER II","NABH","SEMI PRIVATE WARD","NS066","47700.00"
"1808","Endoscopic cranial surgery/Biopsy/aspiration","Neuro-Surgery Procedure","TIER II","NABH","SEMI PRIVATE WARD","NS067","56700.00"
"1809","Endoscopic discectomy (Lumbar, Cervical)","Neuro-Surgery Procedure","TIER II","NABH","SEMI PRIVATE WARD","NS068","56700.00"
"1810","Aneurysm coiling (Endovascular)","Neuro-Surgery Procedure","TIER II","NABH","SEMI PRIVATE WARD","NS069","56700.00"
"1811","Surgery for Skull Fractures","Neuro-Surgery Procedure","TIER II","NABH","SEMI PRIVATE WARD","NS070","68400.00"
"1812","Carpel Tunnel decompression","Neuro-Surgery Procedure","TIER II","NABH","SEMI PRIVATE WARD","NS071","38700.00"
"1813","Clipping of intracranial aneurysm","Neuro-Surgery Procedure","TIER II","NABH","SEMI PRIVATE WARD","NS072","73800.00"
"1814","Surgery for intracranial Arteriovenous malformations (AVM)","Neuro-Surgery Procedure","TIER II","NABH","SEMI PRIVATE WARD","NS073","87300.00"
"1815","Foramen magnum decompression for Chiari Malformation","Neuro-Surgery Procedure","TIER II","NABH","SEMI PRIVATE WARD","NS074","116100.00"
"1816","Dorsal column stimulation for backache in failed back syndrome","Neuro-Surgery Procedure","TIER II","NABH","SEMI PRIVATE WARD","NS075","56700.00"
"1817","Surgery for recurrent disc prolapse/epidural fibrosis","Neuro-Surgery Procedure","TIER II","NABH","SEMI PRIVATE WARD","NS076","56700.00"
"1818","Decompressive craniotomy for hemispherical acute subdural haematoma/ brain swelling/large infarct","Neuro-Surgery Procedure","TIER II","NABH","SEMI PRIVATE WARD","NS077","73800.00"
"1819","Intra-arterial thrombolysis with Tissue Plasminogen Activator (TPA) (for ischemic stroke )","Neuro-Surgery Procedure","TIER II","NABH","SEMI PRIVATE WARD","NS078","31500.00"
"1820","Stereotactic aspiration of intracerebral haematoma","Neuro-Surgery Procedure","TIER II","NABH","SEMI PRIVATE WARD","NS079","68400.00"
"1821","Endoscopic aspiration of intracerebellar haematoma","Neuro-Surgery Procedure","TIER II","NABH","SEMI PRIVATE WARD","NS080","68400.00"
"1822","Stereotactic Radiosurgery for brain pathology (X knife/Gamma) - ONE session","Neuro-Surgery Procedure","TIER II","NABH","SEMI PRIVATE WARD","NS081","47700.00"
"1823","Stereotactic Radiosurgery for brain pathology (X knife / Gamma knife -Two or more sessions)","Neuro-Surgery Procedure","TIER II","NABH","SEMI PRIVATE WARD","NS082","68400.00"
"1824","Battery Placement for Deep Brain Stimulation (DBS)","Neuro-Surgery Procedure","TIER II","NABH","SEMI PRIVATE WARD","NS083","31500.00"
"1825","Baclofen pump implantation for spasticity/Intra-thecal Pump Implantation","Neuro-Surgery Procedure","TIER II","NABH","SEMI PRIVATE WARD","NS084","31500.00"
"1826","Surgery for Scalp Arteriovenous Malformations (AVMs)","Neuro-Surgery Procedure","TIER II","NABH","SEMI PRIVATE WARD","NS085","56700.00"
"1827","Kyphoplasty excluding the cost of implants","Neuro-Surgery Procedure","TIER II","NABH","SEMI PRIVATE WARD","NS086","47700.00"
"1828","Balloon Kyphoplasty","Neuro-Surgery Procedure","TIER II","NABH","SEMI PRIVATE WARD","NS087","56700.00"
"1829","Lesioning procedures for Parkinson-s disease,Dystonia etc.","Neuro-Surgery Procedure","TIER II","NABH","SEMI PRIVATE WARD","NS088","47700.00"
"1830","Joints Aspiration","Orthopaedics Procedure","TIER II","NABH","SEMI PRIVATE WARD","OR001","1440.00"
"1831","Plaster Work","Orthopaedics Procedure","TIER II","NABH","SEMI PRIVATE WARD","OR002","4500.00"
"1832","Fingers (post slab)","Orthopaedics Procedure","TIER II","NABH","SEMI PRIVATE WARD","OR003","900.00"
"1833","Fingers full plaster","Orthopaedics Procedure","TIER II","NABH","SEMI PRIVATE WARD","OR004","1350.00"
"1834","Colles Fracture - Below elbow","Orthopaedics Procedure","TIER II","NABH","SEMI PRIVATE WARD","OR005","5400.00"
"1835","Colles Fracture - Full plaster","Orthopaedics Procedure","TIER II","NABH","SEMI PRIVATE WARD","OR006","4050.00"
"1836","Colles fracture Ant. Or post. slab","Orthopaedics Procedure","TIER II","NABH","SEMI PRIVATE WARD","OR007","2700.00"
"1837","Above elbow full plaster","Orthopaedics Procedure","TIER II","NABH","SEMI PRIVATE WARD","OR008","3600.00"
"1838","Above Knee post-slab","Orthopaedics Procedure","TIER II","NABH","SEMI PRIVATE WARD","OR009","2700.00"
"1839","Below Knee full plaster","Orthopaedics Procedure","TIER II","NABH","SEMI PRIVATE WARD","OR010","3600.00"
"1840","Below Knee post-slab","Orthopaedics Procedure","TIER II","NABH","SEMI PRIVATE WARD","OR011","4500.00"
"1841","Tube Plaster (or plaster cylinder)","Orthopaedics Procedure","TIER II","NABH","SEMI PRIVATE WARD","OR012","4500.00"
"1842","Above knee full plaster","Orthopaedics Procedure","TIER II","NABH","SEMI PRIVATE WARD","OR013","4500.00"
"1843","Above knee full slab","Orthopaedics Procedure","TIER II","NABH","SEMI PRIVATE WARD","OR014","3150.00"
"1844","Minerva Jacket","Orthopaedics Procedure","TIER II","NABH","SEMI PRIVATE WARD","OR015","8280.00"
"1845","Plaster Jacket","Orthopaedics Procedure","TIER II","NABH","SEMI PRIVATE WARD","OR016","5400.00"
"1846","Shoulder spica","Orthopaedics Procedure","TIER II","NABH","SEMI PRIVATE WARD","OR017","7650.00"
"1847","Single Hip spica","Orthopaedics Procedure","TIER II","NABH","SEMI PRIVATE WARD","OR018","6300.00"
"1848","Double Hip spica","Orthopaedics Procedure","TIER II","NABH","SEMI PRIVATE WARD","OR019","7650.00"
"1849","Strapping of Finger","Orthopaedics Procedure","TIER II","NABH","SEMI PRIVATE WARD","OR020","450.00"
"1850","Strapping of Toes","Orthopaedics Procedure","TIER II","NABH","SEMI PRIVATE WARD","OR021","540.00"
"1851","Strapping of Wrist","Orthopaedics Procedure","TIER II","NABH","SEMI PRIVATE WARD","OR022","675.00"
"1852","Strapping of Elbow","Orthopaedics Procedure","TIER II","NABH","SEMI PRIVATE WARD","OR023","1350.00"
"1853","Strapping of Knee","Orthopaedics Procedure","TIER II","NABH","SEMI PRIVATE WARD","OR024","900.00"
"1854","Strapping of Ankle","Orthopaedics Procedure","TIER II","NABH","SEMI PRIVATE WARD","OR025","720.00"
"1855","Strapping of Chest","Orthopaedics Procedure","TIER II","NABH","SEMI PRIVATE WARD","OR026","1350.00"
"1856","Strapping of Shoulder","Orthopaedics Procedure","TIER II","NABH","SEMI PRIVATE WARD","OR027","1350.00"
"1857","Figure of 8 bandage","Orthopaedics Procedure","TIER II","NABH","SEMI PRIVATE WARD","OR028","900.00"
"1858","Collar and cuff sling","Orthopaedics Procedure","TIER II","NABH","SEMI PRIVATE WARD","OR029","450.00"
"1859","Ball bandage","Orthopaedics Procedure","TIER II","NABH","SEMI PRIVATE WARD","OR030","720.00"
"1860","Application of POP Casts for Upper & Lower Limbs","Orthopaedics Procedure","TIER II","NABH","SEMI PRIVATE WARD","OR031","5400.00"
"1861","Application of Functional Cast Brace","Orthopaedics Procedure","TIER II","NABH","SEMI PRIVATE WARD","OR032","3600.00"
"1862","Application of Skin Traction","Orthopaedics Procedure","TIER II","NABH","SEMI PRIVATE WARD","OR033","2250.00"
"1863","Application of Skeletal Tractions","Orthopaedics Procedure","TIER II","NABH","SEMI PRIVATE WARD","OR034","5400.00"
"1864","Bandage & Strappings for Fractures","Orthopaedics Procedure","TIER II","NABH","SEMI PRIVATE WARD","OR035","1800.00"
"1865","Aspiration & Intra Articular Injections","Orthopaedics Procedure","TIER II","NABH","SEMI PRIVATE WARD","OR036","4500.00"
"1866","Application of POP Spices & Jackets","Orthopaedics Procedure","TIER II","NABH","SEMI PRIVATE WARD","OR037","5400.00"
"1867","Close Reduction of Fractures of Limb & POP","Orthopaedics Procedure","TIER II","NABH","SEMI PRIVATE WARD","OR038","12060.00"
"1868","Open Reduction & Internal Fixation (ORIF) of Fingers & Toes","Orthopaedics Procedure","TIER II","NABH","SEMI PRIVATE WARD","OR039","18000.00"
"1869","Open Reduction of fracture of Long Bones of Upper / Lower Limb -Nailing & External Fixation","Orthopaedics Procedure","TIER II","NABH","SEMI PRIVATE WARD","OR040","38700.00"
"1870","Open Reduction of fracture of Long Bones of Upper /Lower Limb -AO Procedures","Orthopaedics Procedure","TIER II","NABH","SEMI PRIVATE WARD","OR041","38700.00"
"1871","Tension Band Wirings","Orthopaedics Procedure","TIER II","NABH","SEMI PRIVATE WARD","OR042","24750.00"
"1872","Bone Grafting","Orthopaedics Procedure","TIER II","NABH","SEMI PRIVATE WARD","OR043","24750.00"
"1873","Excision or other Operations for Scaphoid Fractures","Orthopaedics Procedure","TIER II","NABH","SEMI PRIVATE WARD","OR044","31500.00"
"1874","Sequestrectomy & Saucerisation","Orthopaedics Procedure","TIER II","NABH","SEMI PRIVATE WARD","OR045","31500.00"
"1875","Sequestrectomy & Saucerizations -Arthrotomy","Orthopaedics Procedure","TIER II","NABH","SEMI PRIVATE WARD","OR046","31500.00"
"1876","Multiple Pinning Fracture Neck Femur","Orthopaedics Procedure","TIER II","NABH","SEMI PRIVATE WARD","OR047","47700.00"
"1877","Plate Fixations for Fracture Neck Femur","Orthopaedics Procedure","TIER II","NABH","SEMI PRIVATE WARD","OR048","47700.00"
"1878","AO Compression Procedures for Fracture Neck Femur","Orthopaedics Procedure","TIER II","NABH","SEMI PRIVATE WARD","OR049","47700.00"
"1879","Open Reduction of Fracture Neck Femur Muscle Pedicle Graft and Internal Fixations","Orthopaedics Procedure","TIER II","NABH","SEMI PRIVATE WARD","OR050","47700.00"
"1880","Close Reduction of Dislocations","Orthopaedics Procedure","TIER II","NABH","SEMI PRIVATE WARD","OR051","18000.00"
"1881","Open Reduction of Dislocations","Orthopaedics Procedure","TIER II","NABH","SEMI PRIVATE WARD","OR052","31500.00"
"1882","Open Reduction & Internal Fixation (ORIF) of Fracture Dislocation","Orthopaedics Procedure","TIER II","NABH","SEMI PRIVATE WARD","OR053","38700.00"
"1883","Neurolysis/Nerve repair","Orthopaedics Procedure","TIER II","NABH","SEMI PRIVATE WARD","OR054","38700.00"
"1884","Nerve Repair with Grafting","Orthopaedics Procedure","TIER II","NABH","SEMI PRIVATE WARD","OR055","56700.00"
"1885","Tendon with Transplant or Graft","Orthopaedics Procedure","TIER II","NABH","SEMI PRIVATE WARD","OR056","38700.00"
"1886","Tendon Lengthening/Tendon repair","Orthopaedics Procedure","TIER II","NABH","SEMI PRIVATE WARD","OR057","24750.00"
"1887","Tendon Transfer","Orthopaedics Procedure","TIER II","NABH","SEMI PRIVATE WARD","OR058","31500.00"
"1888","Split Osteotomy and Internal Fixations","Orthopaedics Procedure","TIER II","NABH","SEMI PRIVATE WARD","OR059","47700.00"
"1889","Anterolateral decompression for tuberculosis/ Costo-Transversectomy","Orthopaedics Procedure","TIER II","NABH","SEMI PRIVATE WARD","OR060","38700.00"
"1890","Anterolateral Decompression and Spine Fusion","Orthopaedics Procedure","TIER II","NABH","SEMI PRIVATE WARD","OR061","56700.00"
"1891","Corrective Osteotomy & Internal Fixation- short bones","Orthopaedics Procedure","TIER II","NABH","SEMI PRIVATE WARD","OR062","31500.00"
"1892","Corrective Osteotomy & Internal Fixation- long bones","Orthopaedics Procedure","TIER II","NABH","SEMI PRIVATE WARD","OR063","38700.00"
"1893","Arthrodesis of - Minor Joints","Orthopaedics Procedure","TIER II","NABH","SEMI PRIVATE WARD","OR064","31500.00"
"1894","Arthrodesis of - Major Joints","Orthopaedics Procedure","TIER II","NABH","SEMI PRIVATE WARD","OR065","38700.00"
"1895","Soft Tissue Operations for Congenital Talipes Equinovarus (CTEV)","Orthopaedics Procedure","TIER II","NABH","SEMI PRIVATE WARD","OR066","31500.00"
"1896","Hemiarthroplasty- Hip","Orthopaedics Procedure","TIER II","NABH","SEMI PRIVATE WARD","OR067","56700.00"
"1897","Hemiarthroplasty- Shoulder","Orthopaedics Procedure","TIER II","NABH","SEMI PRIVATE WARD","OR068","47700.00"
"1898","Operations for Brachial Plexus & Cervical Rib","Orthopaedics Procedure","TIER II","NABH","SEMI PRIVATE WARD","OR069","68400.00"
"1899","Amputations - Below Knee","Orthopaedics Procedure","TIER II","NABH","SEMI PRIVATE WARD","OR070","38700.00"
"1900","Amputations - Below Elbow","Orthopaedics Procedure","TIER II","NABH","SEMI PRIVATE WARD","OR071","31500.00"
"1901","Amputations - Above Knee","Orthopaedics Procedure","TIER II","NABH","SEMI PRIVATE WARD","OR072","47700.00"
"1902","Amputations - Above Elbow","Orthopaedics Procedure","TIER II","NABH","SEMI PRIVATE WARD","OR073","38700.00"
"1903","Amputations - Forequarter","Orthopaedics Procedure","TIER II","NABH","SEMI PRIVATE WARD","OR074","56700.00"
"1904","Amputations -Hind Quarter and Hemipelvectomy","Orthopaedics Procedure","TIER II","NABH","SEMI PRIVATE WARD","OR075","68400.00"
"1905","Disarticulations - Major joint","Orthopaedics Procedure","TIER II","NABH","SEMI PRIVATE WARD","OR076","38700.00"
"1906","Disarticulations - Minor joint","Orthopaedics Procedure","TIER II","NABH","SEMI PRIVATE WARD","OR077","31500.00"
"1907","Arthrography","Orthopaedics Investigation","TIER II","NABH","SEMI PRIVATE WARD","OR078","18000.00"
"1908","Arthroscopy - Diagnostic","Orthopaedics Procedure","TIER II","NABH","SEMI PRIVATE WARD","OR079","31500.00"
"1909","Arthroscopy-therapeutic: without implant","Orthopaedics Procedure","TIER II","NABH","SEMI PRIVATE WARD","OR080","38700.00"
"1910","Arthroscopy-therapeutic: with implant","Orthopaedics Procedure","TIER II","NABH","SEMI PRIVATE WARD","OR081","47700.00"
"1911","Soft Tissue Operation on Joints -Small","Orthopaedics Procedure","TIER II","NABH","SEMI PRIVATE WARD","OR082","24750.00"
"1912","Soft Tissue Operation on Joints -Large","Orthopaedics Procedure","TIER II","NABH","SEMI PRIVATE WARD","OR083","38700.00"
"1913","Myocutaneous and Fasciocutaneous Flap Procedures for Limbs","Orthopaedics Procedure","TIER II","NABH","SEMI PRIVATE WARD","OR084","47700.00"
"1914","Removal of Wires & Screw","Orthopaedics Procedure","TIER II","NABH","SEMI PRIVATE WARD","OR085","12060.00"
"1915","Removal of Plates","Orthopaedics Procedure","TIER II","NABH","SEMI PRIVATE WARD","OR086","24750.00"
"1916","Total Hip Replacement (THR)","Orthopaedics Procedure","TIER II","NABH","SEMI PRIVATE WARD","OR087","116100.00"
"1917","Total Ankle Joint Replacement (TAR) - Unilateral","Orthopaedics Procedure","TIER II","NABH","SEMI PRIVATE WARD","OR088","116100.00"
"1918","Total Knee Joint Replacement (TKR) - Unilateral","Orthopaedics Procedure","TIER II","NABH","SEMI PRIVATE WARD","OR089","136800.00"
"1919","Total Shoulder Joint Replacement - Unilateral","Orthopaedics Procedure","TIER II","NABH","SEMI PRIVATE WARD","OR090","116100.00"
"1920","Total Elbow Joint Replacement - Unilateral","Orthopaedics Procedure","TIER II","NABH","SEMI PRIVATE WARD","OR091","99000.00"
"1921","Total Wrist Joint Replacement - Unilateral","Orthopaedics Procedure","TIER II","NABH","SEMI PRIVATE WARD","OR092","116100.00"
"1922","Total Finger Joint Replacement","Orthopaedics Procedure","TIER II","NABH","SEMI PRIVATE WARD","OR093","56700.00"
"1923","Tubular external fixator","Orthopaedics Procedure","TIER II","NABH","SEMI PRIVATE WARD","OR094","31500.00"
"1924","Ilizarov's External Fixator","Orthopaedics Procedure","TIER II","NABH","SEMI PRIVATE WARD","OR095","47700.00"
"1925","Pelvi-acetabular fracture -Internal fixation","Orthopaedics Procedure","TIER II","NABH","SEMI PRIVATE WARD","OR096","56700.00"
"1926","Meniscectomy","Orthopaedics Procedure","TIER II","NABH","SEMI PRIVATE WARD","OR097","47700.00"
"1927","Meniscus Repair","Orthopaedics Procedure","TIER II","NABH","SEMI PRIVATE WARD","OR098","56700.00"
"1928","Anterior Cruciate Ligament (ACL) Reconstruction","Orthopaedics Procedure","TIER II","NABH","SEMI PRIVATE WARD","OR099","56700.00"
"1929","Posterior Cruciate Ligament (PCL) Reconstruction","Orthopaedics Procedure","TIER II","NABH","SEMI PRIVATE WARD","OR100","68400.00"
"1930","Knee Collateral Ligament Reconstruction","Orthopaedics Procedure","TIER II","NABH","SEMI PRIVATE WARD","OR101","68400.00"
"1931","Bankart Repair Shoulder","Orthopaedics Procedure","TIER II","NABH","SEMI PRIVATE WARD","OR102","56700.00"
"1932","Rotator cuff repair / RC repair","Orthopaedics Procedure","TIER II","NABH","SEMI PRIVATE WARD","OR103","56700.00"
"1933","Biceps Tenodesis","Orthopaedics Procedure","TIER II","NABH","SEMI PRIVATE WARD","OR104","47700.00"
"1934","Distal biceps tendon repair","Orthopaedics Procedure","TIER II","NABH","SEMI PRIVATE WARD","OR105","47700.00"
"1935","Arthrolysis of knee","Orthopaedics Procedure","TIER II","NABH","SEMI PRIVATE WARD","OR106","47700.00"
"1936","Capsulotomy of Shoulder","Orthopaedics Procedure","TIER II","NABH","SEMI PRIVATE WARD","OR107","47700.00"
"1937","Conservative Plaster of Paris (POP)","Orthopaedics Procedure","TIER II","NABH","SEMI PRIVATE WARD","OR108","3600.00"
"1938","Application for CTEV per sitting","Orthopaedics Procedure","TIER II","NABH","SEMI PRIVATE WARD","OR109","7650.00"
"1939","Total Hip Replacement (THR) Revision Stage-I","Orthopaedics Procedure","TIER II","NABH","SEMI PRIVATE WARD","OR110","87300.00"
"1940","Total Hip Replacement (THR) Revision Stage-II","Orthopaedics Procedure","TIER II","NABH","SEMI PRIVATE WARD","OR111","116100.00"
"1941","Total Knee Replacement (TKR) Revision Stage-I","Orthopaedics Procedure","TIER II","NABH","SEMI PRIVATE WARD","OR112","87300.00"
"1942","Total Knee Replacement (TKR) Revision Stage-II","Orthopaedics Procedure","TIER II","NABH","SEMI PRIVATE WARD","OR113","116100.00"
"1943","Illizarov/ external fixation for limb lengthening/deformity correction","Orthopaedics Procedure","TIER II","NABH","SEMI PRIVATE WARD","OR114","56700.00"
"1944","Discectomy/ Micro Discectomy","Orthopaedics Procedure","TIER II","NABH","SEMI PRIVATE WARD","OR115","73800.00"
"1945","Spinal Fixation Cervical/dorsolumbar/ lumbosacral","Orthopaedics Procedure","TIER II","NABH","SEMI PRIVATE WARD","OR116","136800.00"
"1946","Fusion Surgery Cervical/ Lumbar Spine up to 2 Level","Orthopaedics Procedure","TIER II","NABH","SEMI PRIVATE WARD","OR117","56700.00"
"1947","Spinal Fusion Surgery Cervical/ Lumbar Spine -More than 2 Level","Orthopaedics Procedure","TIER II","NABH","SEMI PRIVATE WARD","OR118","73800.00"
"1948","Scoliosis Surgery/ Deformity Correction of Spine","Orthopaedics Procedure","TIER II","NABH","SEMI PRIVATE WARD","OR119","87300.00"
"1949","Vertebroplasty","Orthopaedics Procedure","TIER II","NABH","SEMI PRIVATE WARD","OR120","68400.00"
"1950","Spinal Injections","Orthopaedics Procedure","TIER II","NABH","SEMI PRIVATE WARD","OR121","4500.00"
"1951","Dynamic Hip Screw (DHS) for Fracture Neck Femur","Orthopaedics Procedure","TIER II","NABH","SEMI PRIVATE WARD","OR122","47700.00"
"1952","Proximal Femur Nail (PFN) for IT fracture (Intertrochanteric Fractures)","Orthopaedics Procedure","TIER II","NABH","SEMI PRIVATE WARD","OR123","47700.00"
"1953","Spinal Osteotomy","Orthopaedics Procedure","TIER II","NABH","SEMI PRIVATE WARD","OR124","47700.00"
"1954","Illizarov-s / External Fixation for Trauma","Orthopaedics Procedure","TIER II","NABH","SEMI PRIVATE WARD","OR125","47700.00"
"1955","Soft Tissue Operations for Polio/ Cerebral Palsy","Orthopaedics Procedure","TIER II","NABH","SEMI PRIVATE WARD","OR126","31500.00"
"1956","Mini Fixator for Hand/Foot","Orthopaedics Procedure","TIER II","NABH","SEMI PRIVATE WARD","OR127","31500.00"
"1957","Injection of Keloids - Ganglion","Burns And Plastic Surgery Procedure","TIER II","NABH","SEMI PRIVATE WARD","BP001","3600.00"
"1958","Injection of Keloids - Haemangioma","Burns And Plastic Surgery Procedure","TIER II","NABH","SEMI PRIVATE WARD","BP002","3600.00"
"1959","Free Grafts - Wolfe Grafts","Burns And Plastic Surgery Procedure","TIER II","NABH","SEMI PRIVATE WARD","BP003","18000.00"
"1960","Free Grafts - Thiersch- Small Area 5%","Burns And Plastic Surgery Procedure","TIER II","NABH","SEMI PRIVATE WARD","BP004","18000.00"
"1961","Free Grafts - Large Area 10%","Burns And Plastic Surgery Procedure","TIER II","NABH","SEMI PRIVATE WARD","BP005","31500.00"
"1962","Free Grafts - Very Large Area 20% and above.","Burns And Plastic Surgery Procedure","TIER II","NABH","SEMI PRIVATE WARD","BP006","38700.00"
"1963","Skin Flaps - Rotation Flaps","Burns And Plastic Surgery Procedure","TIER II","NABH","SEMI PRIVATE WARD","BP007","24750.00"
"1964","Skin Flaps - Advancement Flaps","Burns And Plastic Surgery Procedure","TIER II","NABH","SEMI PRIVATE WARD","BP008","31500.00"
"1965","Skin Flaps - Direct- cross Leg Flaps- Cross Arm Flap","Burns And Plastic Surgery Procedure","TIER II","NABH","SEMI PRIVATE WARD","BP009","38700.00"
"1966","Skin Flaps - Cross Finger","Burns And Plastic Surgery Procedure","TIER II","NABH","SEMI PRIVATE WARD","BP010","31500.00"
"1967","Skin Flaps - Abdominal","Burns And Plastic Surgery Procedure","TIER II","NABH","SEMI PRIVATE WARD","BP011","31500.00"
"1968","Skin Flaps - Thoracic","Burns And Plastic Surgery Procedure","TIER II","NABH","SEMI PRIVATE WARD","BP012","24750.00"
"1969","Skin Flaps - Arm Etc.","Burns And Plastic Surgery Procedure","TIER II","NABH","SEMI PRIVATE WARD","BP013","24750.00"
"1970","Subcutaneous Pedicle Flaps Raising","Burns And Plastic Surgery Procedure","TIER II","NABH","SEMI PRIVATE WARD","BP014","24750.00"
"1971","Subcutaneous Pedicle Flaps Delay","Burns And Plastic Surgery Procedure","TIER II","NABH","SEMI PRIVATE WARD","BP015","24750.00"
"1972","Subcutaneous Pedicle Flaps Transfer","Burns And Plastic Surgery Procedure","TIER II","NABH","SEMI PRIVATE WARD","BP016","24750.00"
"1973","Cartilage Grafting","Burns And Plastic Surgery Procedure","TIER II","NABH","SEMI PRIVATE WARD","BP017","38700.00"
"1974","Cleft Lip - Repair.","Burns And Plastic Surgery Procedure","TIER II","NABH","SEMI PRIVATE WARD","BP018","31500.00"
"1975","Cleft Palate Repair","Burns And Plastic Surgery Procedure","TIER II","NABH","SEMI PRIVATE WARD","BP019","38700.00"
"1976","Primary Bone Grafting for Alveolar Cleft in Cleft Lip","Burns And Plastic Surgery Procedure","TIER II","NABH","SEMI PRIVATE WARD","BP020","38700.00"
"1977","Secondary Surgery for Cleft Lip Deformity","Burns And Plastic Surgery Procedure","TIER II","NABH","SEMI PRIVATE WARD","BP021","38700.00"
"1978","Secondary Surgery for Cleft Palate","Burns And Plastic Surgery Procedure","TIER II","NABH","SEMI PRIVATE WARD","BP022","38700.00"
"1979","Reconstruction of Eyelid Defects - Minor","Burns And Plastic Surgery Procedure","TIER II","NABH","SEMI PRIVATE WARD","BP023","24750.00"
"1980","Reconstruction of Eyelid Defects - Major","Burns And Plastic Surgery Procedure","TIER II","NABH","SEMI PRIVATE WARD","BP024","31500.00"
"1981","Plastic Surgery of Different Regions of the Ear -Minor","Burns And Plastic Surgery Procedure","TIER II","NABH","SEMI PRIVATE WARD","BP025","31500.00"
"1982","Plastic Surgery of Different Regions of the Ear -Major","Burns And Plastic Surgery Procedure","TIER II","NABH","SEMI PRIVATE WARD","BP026","38700.00"
"1983","Plastic Surgery of the Nose - Minor","Burns And Plastic Surgery Procedure","TIER II","NABH","SEMI PRIVATE WARD","BP027","24750.00"
"1984","Plastic Surgery of the Nose - Major","Burns And Plastic Surgery Procedure","TIER II","NABH","SEMI PRIVATE WARD","BP028","38700.00"
"1985","Plastic Surgery for Facial Paralysis (Support with Reanimation)","Burns And Plastic Surgery Procedure","TIER II","NABH","SEMI PRIVATE WARD","BP029","38700.00"
"1986","After Mastectomy (Reconstruction) Mammoplasty","Burns And Plastic Surgery Procedure","TIER II","NABH","SEMI PRIVATE WARD","BP030","38700.00"
"1987","Syndactyly Repair","Burns And Plastic Surgery Procedure","TIER II","NABH","SEMI PRIVATE WARD","BP031","31500.00"
"1988","Dermabrasion Face","Burns And Plastic Surgery Procedure","TIER II","NABH","SEMI PRIVATE WARD","BP032","38700.00"
"1989","Flap Reconstructive Surgery - Head and Neck","Burns and Plastic Surgery","TIER II","NABH","SEMI PRIVATE WARD","BP033","56700.00"
"1990","up to 30% Burns 1st Dressing","Burns And Plastic Surgery Procedure","TIER II","NABH","SEMI PRIVATE WARD","BP034","2700.00"
"1991","up to 30% Burns Subsequent Dressing","Burns And Plastic Surgery Procedure","TIER II","NABH","SEMI PRIVATE WARD","BP035","2250.00"
"1992","30% to 50% Burns 1st Dressing","Burns And Plastic Surgery Procedure","TIER II","NABH","SEMI PRIVATE WARD","BP036","4500.00"
"1993","30% to 50% Burns Subsequent Dressing","Burns And Plastic Surgery Procedure","TIER II","NABH","SEMI PRIVATE WARD","BP037","3150.00"
"1994","Extensive Burn -above 50% Frist Dressing","Burns And Plastic Surgery Procedure","TIER II","NABH","SEMI PRIVATE WARD","BP038","5400.00"
"1995","Extensive Burn -above 50% Subsequent dressing","Burns And Plastic Surgery Procedure","TIER II","NABH","SEMI PRIVATE WARD","BP039","3150.00"
"1996","VAC Therapy/Dressing including all Consumables","Burns And Plastic Surgery Procedure","TIER II","NABH","SEMI PRIVATE WARD","BP040","9000.00"
"1997","Annual Health Check-up - CCS Group A Officer of above 40 years of age / Pensioner primary card holder 75 years of age and above-Male,","Annual Health Check-up","TIER II","NABH","SEMI PRIVATE WARD","HC001","2000.00"
"1998","Annual Health Check-up - CCS Group A Officer of above 40 years of age / Pensioner primary card holder 75 years of age and above - Female","Annual Health Check-up","TIER II","NABH","SEMI PRIVATE WARD","HC002","2200.00"
"1999","Per Day Ward charges","Ward charges","TIER II","NABH","SEMI PRIVATE WARD","WC001","3000.00"
"2000","Cost of the Needle - Endo bronchial Ultrasound (EBUS) -Trans bronchial needle aspiration (TBNA)","Pulmonology","TIER II","NABH","SEMI PRIVATE WARD","IMPP01U100","Unlisted.00"
"2001","USG Guided Intervention - Specialized Procedures excluding cost of Catheter or biopsy gun","Interventional Radiology","TIER II","NABH","SEMI PRIVATE WARD","IMRP01U100","Unlisted.00"
"2002","CT Guided Intervention - Percutaneous catheter drainage/tube placement excluding the cost of tube /catheter","Interventional Radiology","TIER II","NABH","SEMI PRIVATE WARD","IMRP02U100","Unlisted.00"
"2003","Cost of the Graft Used in Segmental / Hemi Mandibulectomy with graft","Dentistry","TIER II","NABH","SEMI PRIVATE WARD","IMDP01U100","Unlisted.00"
"2004","Cost of the Graft Used in Sub-Total mandibulectomy with graft","Dentistry","TIER II","NABH","SEMI PRIVATE WARD","IMDP02U100","Unlisted.00"
"2005","Cost of the Graft Used in Maxillectomy/Mandibulectomy- Total with graft","Dentistry","TIER II","NABH","SEMI PRIVATE WARD","IMDP03U100","Unlisted.00"
"2006","Cost of the Graft Used in Maxillectomy- partial with graft","Dentistry","TIER II","NABH","SEMI PRIVATE WARD","IMDP04U100","Unlisted.00"
"2007","Cost of the Implants Used in Facial bones - Complicated Reduction with fixation","Dentistry","TIER II","NABH","SEMI PRIVATE WARD","IMDP05U100","Unlisted.00"
"2008","Unspecified Implant - Dentistry","Dentistry","TIER II","NABH","SEMI PRIVATE WARD","IMDP06U100","Unlisted.00"
"2009","Cost of the Lacrimal Implants per eye","Ophthalmology","TIER II","NABH","SEMI PRIVATE WARD","IMOP01U100","Unlisted.00"
"2010","Cost of the Trabeculotomy /kahook dual blade goniotomy excluding blade cost per eye","Ophthalmology","TIER II","NABH","SEMI PRIVATE WARD","IMOP02U100","Unlisted.00"
"2011","Cost of the CAIRS Corneal allogenic intrastromal ring segments per eye","Ophthalmology","TIER II","NABH","SEMI PRIVATE WARD","IMOP03U100","Unlisted.00"
"2012","Hydrophobic Foldable IOL (Multi Piece/Single Piece Aspheric)","Ophthalmology","TIER II","NABH","SEMI PRIVATE WARD","IMOP05","5,800 (Inclusive of GST).00"
"2013","Hydrophilic Acrylic Lens","Ophthalmology","TIER II","NABH","SEMI PRIVATE WARD","IMOP06","4,500(Inclusive of GST).00"
"2014","PMMA IOL","Ophthalmology","TIER II","NABH","SEMI PRIVATE WARD","IMOP07","500(Inclusive of GST).00"
"2015","Scleral Fixated IOL","Ophthalmology","TIER II","NABH","SEMI PRIVATE WARD","IMOP08","3,500(Inclusive of GST).00"
"2016","Unspecified Implant - Ophthalmology","Ophthalmology","TIER II","NABH","SEMI PRIVATE WARD","IMOP09U100","Unlisted.00"
"2017","Drug eluting coronary stents( All DCGI approved, DCGI and FDA approved , All DCGI and CE approved)","Cardiology","TIER II","NABH","SEMI PRIVATE WARD","IMCP01","Rs 23,625(Inclusive of GST).00"
"2018","Bare Metal Coronary stents (cobalt and other coated stents)","Cardiology","TIER II","NABH","SEMI PRIVATE WARD","IMCP02","Rs 12,000(Inclusive of GST).00"
"2019","Stainless Steel Bare Coronary Metal Stents","Cardiology","TIER II","NABH","SEMI PRIVATE WARD","IMCP03","Rs 10,000(Inclusive of GST).00"
"2020","Stainless Steel Bare metal - Non Coronary Vascular Stents","Cardiology","TIER II","NABH","SEMI PRIVATE WARD","IMCP04","20000(Inclusive of GST).00"
"2021","Cobalt Bare metal - Non Coronary Vascular Stents","Cardiology","TIER II","NABH","SEMI PRIVATE WARD","IMCP05","22000(Inclusive of GST).00"
"2022","Nitinol/Other Bare metal - Non Coronary Vascular Stents","Cardiology","TIER II","NABH","SEMI PRIVATE WARD","IMCP06","25000(Inclusive of GST).00"
"2023","Single Chamber Cardiac Pacemaker without rate response","Cardiology","TIER II","NABH","SEMI PRIVATE WARD","IMCP07","34,840+GST.00"
"2024","Single Chamber Cardiac Pacemaker with rate response","Cardiology","TIER II","NABH","SEMI PRIVATE WARD","IMCP08","44,928+GST.00"
"2025","Dual Chamber Cardiac Pacemaker","Cardiology","TIER II","NABH","SEMI PRIVATE WARD","IMCP09","83,200+GST.00"
"2026","Bi-Ventricular Pacemaker (CRT-P)","Cardiology","TIER II","NABH","SEMI PRIVATE WARD","IMCP10","1,95,000+GST.00"
"2027","Implantable Cardioverter Defibrillator (Single Chamber) (ICD/AICD- Single Chamber)","Cardiology","TIER II","NABH","SEMI PRIVATE WARD","IMCP11","1,75,786+GST.00"
"2028","Implantable Cardioverter Defibrillator (Dual  Chamber) (ICD/AICD- Dual Chamber)","Cardiology","TIER II","NABH","SEMI PRIVATE WARD","IMCP12","3,75,000+GST.00"
"2029","Combo Device (CRT-D)","Cardiology","TIER II","NABH","SEMI PRIVATE WARD","IMCP13","4,90,000+GST.00"
"2030","Rotablator with Advancer","Cardiology","TIER II","NABH","SEMI PRIVATE WARD","IMCP14","49,920+GST.00"
"2031","Rotablator Burr","Cardiology","TIER II","NABH","SEMI PRIVATE WARD","IMCP15","23,920+GST.00"
"2032","Intra aortic balloon pump (IABP)","Cardiology","TIER II","NABH","SEMI PRIVATE WARD","IMCP16U100","Unlisted.00"
"2033","Cost of the Intra Vascular Coils","Cardiology","TIER II","NABH","SEMI PRIVATE WARD","IMCP17U100","Unlisted.00"
"2034","Unspecified Implant - Cardiology","Cardiology","TIER II","NABH","SEMI PRIVATE WARD","IMCP18U100","Unlisted.00"
"2035","Cost of RFA Ablation Catheter for Varicose Veins","Cardiovascular And Cardiac Surgery","TIER II","NABH","SEMI PRIVATE WARD","IMCV01U100","Unlisted.00"
"2036","Atrial Septal Defect (ASD) Closure Device","Cardiovascular And Cardiac Surgery","TIER II","NABH","SEMI PRIVATE WARD","IMCV02U100","Unlisted.00"
"2037","VSD Closure Device","Cardiovascular And Cardiac Surgery","TIER II","NABH","SEMI PRIVATE WARD","IMCV03U100","Unlisted.00"
"2038","Patent Ductus Arteriosus (PDA) Closure Device","Cardiovascular And Cardiac Surgery","TIER II","NABH","SEMI PRIVATE WARD","IMCV04U100","Unlisted.00"
"2039","Aortic Valve - Mechanical","Cardiovascular And Cardiac Surgery","TIER II","NABH","SEMI PRIVATE WARD","IMCV05U100","Unlisted.00"
"2040","Aortic Valve - Biological","Cardiovascular And Cardiac Surgery","TIER II","NABH","SEMI PRIVATE WARD","IMCV06U100","Unlisted.00"
"2041","Mitral Valve - Mechanical","Cardiovascular And Cardiac Surgery","TIER II","NABH","SEMI PRIVATE WARD","IMCV07U100","Unlisted.00"
"2042","Mitral Valve - Biological","Cardiovascular And Cardiac Surgery","TIER II","NABH","SEMI PRIVATE WARD","IMCV08U100","Unlisted.00"
"2043","Tricuspid Valve - Mechanical","Cardiovascular And Cardiac Surgery","TIER II","NABH","SEMI PRIVATE WARD","IMCV09U100","Unlisted.00"
"2044","Tricuspid Valve - Biological","Cardiovascular And Cardiac Surgery","TIER II","NABH","SEMI PRIVATE WARD","IMCV10U100","Unlisted.00"
"2045","Pulmonary Valve - Mechanical","Cardiovascular And Cardiac Surgery","TIER II","NABH","SEMI PRIVATE WARD","IMCV11U100","Unlisted.00"
"2046","Pulmonary Valve - Biological","Cardiovascular And Cardiac Surgery","TIER II","NABH","SEMI PRIVATE WARD","IMCV12U100","Unlisted.00"
"2047","Cost of Conduit","Cardiovascular And Cardiac Surgery","TIER II","NABH","SEMI PRIVATE WARD","IMCV13U100","Unlisted.00"
"2048","Aorta Femoral Bypass Graft","Cardiovascular And Cardiac Surgery","TIER II","NABH","SEMI PRIVATE WARD","IMCV14U100","Unlisted.00"
"2049","Aortic Graft(Ascending Aorta/Arch of Aorta/Descending Aorta(Thoracic/Abdominal)","Cardiovascular And Cardiac Surgery","TIER II","NABH","SEMI PRIVATE WARD","IMCV15U100","Unlisted.00"
"2050","Aortic Stent Graft (expandable, bifurcated and including delivery system)","Cardiovascular And Cardiac Surgery","TIER II","NABH","SEMI PRIVATE WARD","IMCV16","4,40,960+GST.00"
"2051","Graft Used in Bentall Repair","Cardiovascular And Cardiac Surgery","TIER II","NABH","SEMI PRIVATE WARD","IMCV17U100","Unlisted.00"
"2052","Cost of the Balloon used in Balloon dilatation of Aortic coarctation","Cardiovascular And Cardiac Surgery","TIER II","NABH","SEMI PRIVATE WARD","IMCV18U100","Unlisted.00"
"2053","Cost of the Stent used in Coarctation Dilatation with Stenting","Cardiovascular And Cardiac Surgery","TIER II","NABH","SEMI PRIVATE WARD","IMCV19U100","Unlisted.00"
"2054","Inferior Vena Cava (IVC) Filter","Cardiovascular And Cardiac Surgery","TIER II","NABH","SEMI PRIVATE WARD","IMCV20U100","Unlisted.00"
"2055","Unspecified Implant - Cardiovascular And Cardiac Surgery","Cardiovascular And Cardiac Surgery","TIER II","NABH","SEMI PRIVATE WARD","IMCV21U100","Unlisted.00"
"2056","Cost of Haemorrhoidectomy Stappler","General Surgery","TIER II","NABH","SEMI PRIVATE WARD","IMGS01U100","Unlisted.00"
"2057","Unspecified Implant - General Surgery","General Surgery","TIER II","NABH","SEMI PRIVATE WARD","IMGS02U100","Unlisted.00"
"2058","Cost of the Oesophageal Stent","Medical Gastroenterology","TIER II","NABH","SEMI PRIVATE WARD","IMMG01U100","Unlisted.00"
"2059","Cost of the Enteral Stent","Medical Gastroenterology","TIER II","NABH","SEMI PRIVATE WARD","IMMG02U100","Unlisted.00"
"2060","Cost of the Endoscopy Capsule","Medical Gastroenterology","TIER II","NABH","SEMI PRIVATE WARD","IMMG03U100","Unlisted.00"
"2061","Cost of the Colonic Stent","Medical Gastroenterology","TIER II","NABH","SEMI PRIVATE WARD","IMMG04U100","Unlisted.00"
"2062","Cost of the Biliary Stent - Plastic","Medical Gastroenterology","TIER II","NABH","SEMI PRIVATE WARD","IMMG05U100","Unlisted.00"
"2063","Cost of the Biliary Stent - Metallic","Medical Gastroenterology","TIER II","NABH","SEMI PRIVATE WARD","IMMG06U100","Unlisted.00"
"2064","Cost of the Stent used in Transjugular Intrahepatic Portosystemic Shunt (TIPS)","Medical Gastroenterology","TIER II","NABH","SEMI PRIVATE WARD","IMMG07U100","Unlisted.00"
"2065","Cost of the EUS (Endoscopic Ultrasound) Needle","Medical Gastroenterology","TIER II","NABH","SEMI PRIVATE WARD","IMMG08U100","Unlisted.00"
"2066","Unspecified Implant - Medical Gastroenterology","Medical Gastroenterology","TIER II","NABH","SEMI PRIVATE WARD","IMMG09U100","Unlisted.00"
"2067","Cost of the Simple Mesh","Abdomen/GI Surgery","TIER II","NABH","SEMI PRIVATE WARD","IMAG01U100","Unlisted.00"
"2068","Cost of the Composite Mesh","Abdomen/GI Surgery","TIER II","NABH","SEMI PRIVATE WARD","IMAG02U100","Unlisted.00"
"2069","Cost of the Tacker","Abdomen/GI Surgery","TIER II","NABH","SEMI PRIVATE WARD","IMAG03U100","Unlisted.00"
"2070","Unspecified Implant - Abdomen/GI Surgery","Abdomen/GI Surgery","TIER II","NABH","SEMI PRIVATE WARD","IMAG04U100","Unlisted.00"
"2071","Cost of the DJ Stent","Nephrology And Urology","TIER II","NABH","SEMI PRIVATE WARD","IMNU01U100","Unlisted.00"
"2072","Cost of the Permcath catheter","Nephrology And Urology","TIER II","NABH","SEMI PRIVATE WARD","IMNU02U100","Unlisted.00"
"2073","Cost of the Arterio Venous Prosthetic Graft","Nephrology And Urology","TIER II","NABH","SEMI PRIVATE WARD","IMNU03U100","Unlisted.00"
"2074","Unspecified Implant - Nephrology And Urology","Nephrology And Urology","TIER II","NABH","SEMI PRIVATE WARD","IMNU04U100","Unlisted.00"
"2075","Cranioplasty Implants","Neuro-Surgery","TIER II","NABH","SEMI PRIVATE WARD","IMNS01U100","Unlisted.00"
"2076","Stent Used in Ventriculoatrial /Ventriculoperitoneal Shunt","Neuro-Surgery","TIER II","NABH","SEMI PRIVATE WARD","IMNS02U100","Unlisted.00"
"2077","Cost of the Implants Used in Anterior Cervical Spine Surgery with fusion","Neuro-Surgery","TIER II","NABH","SEMI PRIVATE WARD","IMNS03U100","Unlisted.00"
"2078","Cost of the Implants Used in Anterio Lateral Decompression of spine","Neuro-Surgery","TIER II","NABH","SEMI PRIVATE WARD","IMNS04U100","Unlisted.00"
"2079","Cost of the Implants Used in Cervical or Dorsal or Lumbar Laminectomy","Neuro-Surgery","TIER II","NABH","SEMI PRIVATE WARD","IMNS05U100","Unlisted.00"
"2080","Cost of the Implants Used in Combined Trans-Oral Surgery & Craniovertebral (CV) Junction Fusion","Neuro-Surgery","TIER II","NABH","SEMI PRIVATE WARD","IMNS06U100","Unlisted.00"
"2081","Cost of the Implants Used in Craniovertebral Junction (CVJ) Fusion procedures","Neuro-Surgery","TIER II","NABH","SEMI PRIVATE WARD","IMNS07U100","Unlisted.00"
"2082","Cost of the Implants Used in Depressed Fracture Elevation","Neuro-Surgery","TIER II","NABH","SEMI PRIVATE WARD","IMNS08U100","Unlisted.00"
"2083","Cost of the Implants Used in Lumbar Discectomy","Neuro-Surgery","TIER II","NABH","SEMI PRIVATE WARD","IMNS09U100","Unlisted.00"
"2084","Cost of the Graft Used in Carotid Endarterectomy","Neuro-Surgery","TIER II","NABH","SEMI PRIVATE WARD","IMNS10U100","Unlisted.00"
"2085","Cost of the Implants Used in Spinal Fusion Procedure","Neuro-Surgery","TIER II","NABH","SEMI PRIVATE WARD","IMNS11U100","Unlisted.00"
"2086","DBS-Non-Rechargeable Device with Non-Directional Leads","Neuro-Surgery","TIER II","NABH","SEMI PRIVATE WARD","IMNS12","837497(Inclusive of GST).00"
"2087","DBS-Non-Rechargeable Device with Directional Leads","Neuro-Surgery","TIER II","NABH","SEMI PRIVATE WARD","IMNS13","1032586(Inclusive of GST).00"
"2088","DBS-Rechargeable Device with Non-Directional Leads","Neuro-Surgery","TIER II","NABH","SEMI PRIVATE WARD","IMNS14","1124049(Inclusive of GST).00"
"2089","DBS-Rechargeable Device with Directional Leads","Neuro-Surgery","TIER II","NABH","SEMI PRIVATE WARD","IMNS15","1389936(Inclusive of GST).00"
"2090","New Battery (Implantable Pulse Generator)","Neuro-Surgery","TIER II","NABH","SEMI PRIVATE WARD","IMNS16","549450(Inclusive of GST).00"
"2091","Intra-thecal Pump","Neuro-Surgery","TIER II","NABH","SEMI PRIVATE WARD","IMNS17","529898(Inclusive of GST).00"
"2092","Spinal Cord Stimulator","Neuro-Surgery","TIER II","NABH","SEMI PRIVATE WARD","IMNS18","1390243(Inclusive of GST).00"
"2093","Cost of the Implants Used in Endoscopic aqueductoplasty","Neuro-Surgery","TIER II","NABH","SEMI PRIVATE WARD","IMNS19U100","Unlisted.00"
"2094","Cost of the Stent Used in Carotid Stenting","Neuro-Surgery","TIER II","NABH","SEMI PRIVATE WARD","IMNS20U100","Unlisted.00"
"2095","Cost of the Implants Used in Cervical disc arthroplasty","Neuro-Surgery","TIER II","NABH","SEMI PRIVATE WARD","IMNS21U100","Unlisted.00"
"2096","Cost of the Implants Used in Lumbar disc arthroplasty","Neuro-Surgery","TIER II","NABH","SEMI PRIVATE WARD","IMNS22U100","Unlisted.00"
"2097","Cost of the Implants Used in Cervical Laminoplasty","Neuro-Surgery","TIER II","NABH","SEMI PRIVATE WARD","IMNS23U100","Unlisted.00"
"2098","Cost of the Implants Used in Lateral mass C1-C2 screw fixation","Neuro-Surgery","TIER II","NABH","SEMI PRIVATE WARD","IMNS24U100","Unlisted.00"
"2099","Baclofen pump implantation lesioning for movement disorder including Parkinsonism","Neuro-Surgery","TIER II","NABH","SEMI PRIVATE WARD","IMNS25U100","Unlisted.00"
"2100","Cost of the Device Used in Programmable Ventriculo-Peritoneal (VP) shunt","Neuro-Surgery","TIER II","NABH","SEMI PRIVATE WARD","IMNS26U100","Unlisted.00"
"2101","External Ventricular Drainage (EVD)","Neuro-Surgery","TIER II","NABH","SEMI PRIVATE WARD","IMNS27U100","Unlisted.00"
"2102","Cost of the Implants Used in Endoscopic discectomy (Lumbar, Cervical)","Neuro-Surgery","TIER II","NABH","SEMI PRIVATE WARD","IMNS28U100","Unlisted.00"
"2103","Cost of the Endovascular Aneurysm Coils","Neuro-Surgery","TIER II","NABH","SEMI PRIVATE WARD","IMNS29U100","Unlisted.00"
"2104","Cost of the Implants Used in Surgery for Skull Fractures","Neuro-Surgery","TIER II","NABH","SEMI PRIVATE WARD","IMNS30U100","Unlisted.00"
"2105","Clipping of intracranial aneurysm","Neuro-Surgery","TIER II","NABH","SEMI PRIVATE WARD","IMNS31U100","Unlisted.00"
"2106","Cost of the Implants Used in Surgery for intracranial Arteriovenous malformations (AVM)","Neuro-Surgery","TIER II","NABH","SEMI PRIVATE WARD","IMNS32U100","Unlisted.00"
"2107","Cost of the Implants Used in Foramen magnum decompression for Chiari Malformation","Neuro-Surgery","TIER II","NABH","SEMI PRIVATE WARD","IMNS33U100","Unlisted.00"
"2108","Cost of the Implants Used in Dorsal column stimulation for backache in failed back syndrome","Neuro-Surgery","TIER II","NABH","SEMI PRIVATE WARD","IMNS34U100","Unlisted.00"
"2109","Cost of the Implants Used in Surgery for recurrent disc prolapse/epidural fibrosis","Neuro-Surgery","TIER II","NABH","SEMI PRIVATE WARD","IMNS35U100","Unlisted.00"
"2110","Cost of the Implants Used in Baclofen pump implantation for spasticity","Neuro-Surgery","TIER II","NABH","SEMI PRIVATE WARD","IMNS36U100","Unlisted.00"
"2111","Cost of the Implants Used in Kyphoplasty","Neuro-Surgery","TIER II","NABH","SEMI PRIVATE WARD","IMNS37U100","Unlisted.00"
"2112","Cost of the Implants Used in Balloon Kyphoplasty","Neuro-Surgery","TIER II","NABH","SEMI PRIVATE WARD","IMNS38U100","Unlisted.00"
"2113","Unspecified Implant - Neuro-Surgery","Neuro-Surgery","TIER II","NABH","SEMI PRIVATE WARD","IMNS39U100","Unlisted.00"
"2114","Cost of the Implants Used in Open Reduction & Internal Fixation (ORIF) of Fingers & Toes","Orthopaedics","TIER II","NABH","SEMI PRIVATE WARD","IMOR01U100","Unlisted.00"
"2115","Cost of the Implants Used in Open Reduction of fracture of Long Bones of Upper / Lower Limb -Nailing & External Fixation","Orthopaedics","TIER II","NABH","SEMI PRIVATE WARD","IMOR02U100","Unlisted.00"
"2116","Cost of the Implants Used in Open Reduction of fracture of Long Bones of Upper /Lower Limb -AO Procedures","Orthopaedics","TIER II","NABH","SEMI PRIVATE WARD","IMOR03U100","Unlisted.00"
"2117","Cost of the Implants Used in Tension Band Wirings","Orthopaedics","TIER II","NABH","SEMI PRIVATE WARD","IMOR04U100","Unlisted.00"
"2118","Cost of the Implants Used in Multiple Pinning Fracture Neck Femur","Orthopaedics","TIER II","NABH","SEMI PRIVATE WARD","IMOR05U100","Unlisted.00"
"2119","Cost of the Implants Used in Plate Fixations for Fracture Neck Femur","Orthopaedics","TIER II","NABH","SEMI PRIVATE WARD","IMOR06U100","Unlisted.00"
"2120","Cost of the Implants Used in AO Compression Procedures for Fracture Neck Femur","Orthopaedics","TIER II","NABH","SEMI PRIVATE WARD","IMOR07U100","Unlisted.00"
"2121","Cost of the Implants Used in Open Reduction of Fracture Neck Femur Muscle Pedicle Graft and Internal Fixations","Orthopaedics","TIER II","NABH","SEMI PRIVATE WARD","IMOR08U100","Unlisted.00"
"2122","Cost of the Implants Used in Open Reduction & Internal Fixation (ORIF) of Fracture Dislocation","Orthopaedics","TIER II","NABH","SEMI PRIVATE WARD","IMOR09U100","Unlisted.00"
"2123","Cost of the Implants Used in Split Osteotomy and Internal Fixations","Orthopaedics","TIER II","NABH","SEMI PRIVATE WARD","IMOR10U100","Unlisted.00"
"2124","Cost of the Implants Used in Anterolateral decompression for tuberculosis/ Costo-Transversectomy","Orthopaedics","TIER II","NABH","SEMI PRIVATE WARD","IMOR11U100","Unlisted.00"
"2125","Cost of the Implants Used in Anterolateral Decompression and Spine Fusion","Orthopaedics","TIER II","NABH","SEMI PRIVATE WARD","IMOR12U100","Unlisted.00"
"2126","Cost of the Implants Used in Corrective Osteotomy & Internal Fixation- short bones","Orthopaedics","TIER II","NABH","SEMI PRIVATE WARD","IMOR13U100","Unlisted.00"
"2127","Cost of the Implants Used in Corrective Osteotomy & Internal Fixation- long bones","Orthopaedics","TIER II","NABH","SEMI PRIVATE WARD","IMOR14U100","Unlisted.00"
"2128","Cost of the Implants Used in Arthrodesis of - Minor Joints","Orthopaedics","TIER II","NABH","SEMI PRIVATE WARD","IMOR15U100","Unlisted.00"
"2129","Cost of the Implants Used in Arthrodesis of - Major Joints","Orthopaedics","TIER II","NABH","SEMI PRIVATE WARD","IMOR16U100","Unlisted.00"
"2130","Cost of the Implants Used in Hemiarthroplasty- Hip","Orthopaedics","TIER II","NABH","SEMI PRIVATE WARD","IMOR17U100","Unlisted.00"
"2131","Cost of the Implants Used in Hemiarthroplasty- Shoulder","Orthopaedics","TIER II","NABH","SEMI PRIVATE WARD","IMOR18U100","Unlisted.00"
"2132","Cost of the Implants Used in Arthroscopy-therapeutic: with implant","Orthopaedics","TIER II","NABH","SEMI PRIVATE WARD","IMOR19U100","Unlisted.00"
"2133","Cost of the Implants Used in Total Hip Replacement (THR)","Orthopaedics","TIER II","NABH","SEMI PRIVATE WARD","IMOR20","40000+GST.00"
"2134","Cost of the Implants Used in Total Ankle Joint Replacement (TAR) - Unilateral","Orthopaedics","TIER II","NABH","SEMI PRIVATE WARD","IMOR21U100","Unlisted.00"
"2135","Primary TKR - Titanium Alloy Coated-Femoral Component By Whatsoever Name/ Specifications","Orthopaedics","TIER II","NABH","SEMI PRIVATE WARD","IMOR22","38740+GST.00"
"2136","Primary TKR - Oxidized Zirconium (OxZr) Alloy -Femoral Component By Whatsoever Name/ Specifications","Orthopaedics","TIER II","NABH","SEMI PRIVATE WARD","IMOR23","38740+GST.00"
"2137","Primary TKR - Hi-Flex -Femoral Component By Whatsoever Name/ Specifications","Orthopaedics","TIER II","NABH","SEMI PRIVATE WARD","IMOR24","25860+GST.00"
"2138","Primary TKR - Cobalt Chromium (CoCr) Alloy and other than at 1, 2 and 3 above -Femoral Component By Whatsoever Name/ Specifications","Orthopaedics","TIER II","NABH","SEMI PRIVATE WARD","IMOR25","24090+GST.00"
"2139","Primary TKR - Titanium Alloy Coated-Tibial Component By Whatsoever Name/ Specifications","Orthopaedics","TIER II","NABH","SEMI PRIVATE WARD","IMOR26","24280+GST.00"
"2140","Primary TKR - Oxidized Zirconium (OxZr) Alloy -Tibial Component By Whatsoever Name/ Specifications","Orthopaedics","TIER II","NABH","SEMI PRIVATE WARD","IMOR27","24280+GST.00"
"2141","Primary TKR - Cobalt Chromium (CoCr) Alloy and other than Titanium Alloy Coated/Oxidized Zirconium (OxZr) Alloy/Hi-Flex -Tibial Component By Whatsoever Name/ Specifications","Orthopaedics","TIER II","NABH","SEMI PRIVATE WARD","IMOR28","16960+GST.00"
"2142","Primary TKR - Articular Surface / Insert By Whatsoever Name / Specification (Any Material)","Orthopaedics","TIER II","NABH","SEMI PRIVATE WARD","IMOR29","9550+GST.00"
"2143","Patella Component By Whatsoever Name / Specifications","Orthopaedics","TIER II","NABH","SEMI PRIVATE WARD","IMOR30","4090+GST.00"
"2144","Primary TKR - Component Having Tibial Tray and Insert Combined as Single Unit By Whatsoever Name Specification -Polyethylene or cross linked polyethylene or highly cross linked polyethylene or any other material","Orthopaedics","TIER II","NABH","SEMI PRIVATE WARD","IMOR31","12960+GST.00"
"2145","Primary TKR - Component Having Tibial Tray and Insert Combined as Single Unit By Whatsoever Name Specification -Tibial : Metallic,                                                                                                               Insert : Polyethylene or cross linked polyethylene or any other material.","Orthopaedics","TIER II","NABH","SEMI PRIVATE WARD","IMOR32","26546+GST.00"
"2146","Revision Knee Implant System - Femoral Component By Whatsoever Name/ Specifications","Orthopaedics","TIER II","NABH","SEMI PRIVATE WARD","IMOR33","62770+GST.00"
"2147","Revision Knee Implant System - Tibial Component By Whatsoever Name/ Specifications","Orthopaedics","TIER II","NABH","SEMI PRIVATE WARD","IMOR34","31220+GST.00"
"2148","Revision Knee Implant System - Articular Surface / Insert By Whatsoever Name / Specification (Any Material)","Orthopaedics","TIER II","NABH","SEMI PRIVATE WARD","IMOR35","15870+GST.00"
"2149","Revision Knee Implant System - Patella Component By Whatsoever Name / Specifications","Orthopaedics","TIER II","NABH","SEMI PRIVATE WARD","IMOR36","4090+GST.00"
"2150","Cost of the Implants Used in Total Hip Replacement (THR) Revision Stage-II","Orthopaedics","TIER II","NABH","SEMI PRIVATE WARD","IMOR37U100","Unlisted.00"
"2151","Cost of the Implants Used in Total Shoulder Joint Replacement - Unilateral","Orthopaedics","TIER II","NABH","SEMI PRIVATE WARD","IMOR38U100","Unlisted.00"
"2152","Cost of the Implants Used in Total Elbow Joint Replacement - Unilateral","Orthopaedics","TIER II","NABH","SEMI PRIVATE WARD","IMOR39U100","Unlisted.00"
"2153","Cost of the Implants Used in Total Wrist Joint Replacement - Unilateral","Orthopaedics","TIER II","NABH","SEMI PRIVATE WARD","IMOR40U100","Unlisted.00"
"2154","Cost of the Implants Used in Total Finger Joint Replacement","Orthopaedics","TIER II","NABH","SEMI PRIVATE WARD","IMOR41U100","Unlisted.00"
"2155","Cost of the Implants Used in Pelvi-acetabular fracture -Internal fixation","Orthopaedics","TIER II","NABH","SEMI PRIVATE WARD","IMOR42U100","Unlisted.00"
"2156","Cost of the Implants Used in Meniscus Repair","Orthopaedics","TIER II","NABH","SEMI PRIVATE WARD","IMOR43U100","Unlisted.00"
"2157","Cost of the Implants Used in Anterior Cruciate Ligament (ACL) Reconstruction","Orthopaedics","TIER II","NABH","SEMI PRIVATE WARD","IMOR44U100","Unlisted.00"
"2158","Cost of the Implants Used in Posterior Cruciate Ligament (PCL) Reconstruction","Orthopaedics","TIER II","NABH","SEMI PRIVATE WARD","IMOR45U100","Unlisted.00"
"2159","Cost of the Implants Used in Knee Collateral Ligament Reconstruction","Orthopaedics","TIER II","NABH","SEMI PRIVATE WARD","IMOR46U100","Unlisted.00"
"2160","Cost of the Implants Used in Bankart Repair Shoulder","Orthopaedics","TIER II","NABH","SEMI PRIVATE WARD","IMOR47U100","Unlisted.00"
"2161","Cost of the Implants Used in Rotator cuff repair / RC repair","Orthopaedics","TIER II","NABH","SEMI PRIVATE WARD","IMOR48U100","Unlisted.00"
"2162","Cost of the Implants Used in Biceps Tenodesis","Orthopaedics","TIER II","NABH","SEMI PRIVATE WARD","IMOR49U100","Unlisted.00"
"2163","Cost of the Implants Used in Distal biceps tendon repair","Orthopaedics","TIER II","NABH","SEMI PRIVATE WARD","IMOR50U100","Unlisted.00"
"2164","Cost of the Implants Used in Spinal Fixation Cervical/dorsolumbar/ lumbosacral","Orthopaedics","TIER II","NABH","SEMI PRIVATE WARD","IMOR51U100","Unlisted.00"
"2165","Cost of the Implants Used in Fusion Surgery Cervical/ Lumbar Spine upto 2 Level","Orthopaedics","TIER II","NABH","SEMI PRIVATE WARD","IMOR52U100","Unlisted.00"
"2166","Cost of the Implants Used in Spinal Fusion Surgery Cervical/ Lumbar Spine -More than 2 Level","Orthopaedics","TIER II","NABH","SEMI PRIVATE WARD","IMOR53U100","Unlisted.00"
"2167","Cost of the Implants Used in Scoliosis Surgery/ Deformity Correction of Spine","Orthopaedics","TIER II","NABH","SEMI PRIVATE WARD","IMOR54U100","Unlisted.00"
"2168","Cost of the Implants Used in Vertebroplasty","Orthopaedics","TIER II","NABH","SEMI PRIVATE WARD","IMOR55U100","Unlisted.00"
"2169","Cost of the Implants Used in Dynamic Hip Screw (DHS) for Fracture Neck Femur","Orthopaedics","TIER II","NABH","SEMI PRIVATE WARD","IMOR56U100","Unlisted.00"
"2170","Cost of the Implants Used in Proximal Femur Nail (PFN) for IT fracture (Intertrochanteric Fractures)","Orthopaedics","TIER II","NABH","SEMI PRIVATE WARD","IMOR57U100","Unlisted.00"
"2171","Cost of the Implants Used in Spinal Osteotomy","Orthopaedics","TIER II","NABH","SEMI PRIVATE WARD","IMOR58U100","Unlisted.00"
"2172","Unspecified Implant - Orthopaedics","Orthopaedics","TIER II","NABH","SEMI PRIVATE WARD","IMOR59U100","Unlisted.00"
"2173","Unspecified Code","All specialities","TIER II","NABH","SEMI PRIVATE WARD","US001","Unlisted.00"
"2174","Eye Consultation(857,873,877 cannot be booked )","Consultation","TIER II","NABH","SEMI PRIVATE WARD","CN004","350.00"
"2175","Caldwell Luc Operation (TMH - Head & Neck) (G1S1)","Cancer Surgery","TIER II","NABH","SEMI PRIVATE WARD","TMH001","4500.00"
"2176","Evaluation under anaesthesia (TMH - Head & Neck) (G1S2)","Cancer Surgery","TIER II","NABH","SEMI PRIVATE WARD","TMH002","4500.00"
"2177","Knife/Punch/ Excision Biopsy of Tumour (TMH - Head & Neck) (G1S3)","Cancer Surgery","TIER II","NABH","SEMI PRIVATE WARD","TMH003","4500.00"
"2178","Laryngoscopy Direct (TMH - Head & Neck) (G1S4)","Cancer Surgery","TIER II","NABH","SEMI PRIVATE WARD","TMH004","4500.00"
"2179","Laser Fulguration for recurrent lesions (TMH - Head & Neck) (G1S5)","Cancer Surgery","TIER II","NABH","SEMI PRIVATE WARD","TMH005","4500.00"
"2180","Neck Biopsy-Excisional (TMH - Head & Neck) (G1S6)","Cancer Surgery","TIER II","NABH","SEMI PRIVATE WARD","TMH006","4500.00"
"2181","Node Biopsy (TMH - Head & Neck) (G1S7)","Cancer Surgery","TIER II","NABH","SEMI PRIVATE WARD","TMH007","4500.00"
"2182","Oral Cavity Fulguration (Laser) (TMH - Head & Neck) (G1S8)","Cancer Surgery","TIER II","NABH","SEMI PRIVATE WARD","TMH008","4500.00"
"2183","Orbital Mass Biopsy (TMH - Head & Neck) (G1S9)","Cancer Surgery","TIER II","NABH","SEMI PRIVATE WARD","TMH009","4500.00"
"2184","Gastroscopy (TMH - G.I. Surgery) (G1S10)","Cancer Surgery","TIER II","NABH","SEMI PRIVATE WARD","TMH010","4500.00"
"2185","Rigid Sigmoidoscopy (TMH - G.I. Surgery) (G1S11)","Cancer Surgery","TIER II","NABH","SEMI PRIVATE WARD","TMH011","4500.00"
"2186","Biopsy Needle  (TMH - Bone & Soft Tissue) (G1S12)","Cancer Surgery","TIER II","NABH","SEMI PRIVATE WARD","TMH012","4500.00"
"2187","Bronchoscopy Diagnostic (TMH - Thoracic & Paediatric) (G1S13)","Cancer Surgery","TIER II","NABH","SEMI PRIVATE WARD","TMH013","4500.00"
"2188","Esophagoscopy-Diagnostic (TMH - Thoracic & Paediatric) (G1S14)","Cancer Surgery","TIER II","NABH","SEMI PRIVATE WARD","TMH014","4500.00"
"2189","Hickman Catheter Removal (TMH - Thoracic & Paediatric) (G1S15)","Cancer Surgery","TIER II","NABH","SEMI PRIVATE WARD","TMH015","4500.00"
"2190","ICD Placement (TMH - Thoracic & Paediatric) (G1S16)","Cancer Surgery","TIER II","NABH","SEMI PRIVATE WARD","TMH016","4500.00"
"2191","Lymph Node Biopsy - Superficial (TMH - Thoracic & Paediatric) (G1S17)","Cancer Surgery","TIER II","NABH","SEMI PRIVATE WARD","TMH017","4500.00"
"2192","Pericardial Tap (TMH - Thoracic & Paediatric) (G1S18)","Cancer Surgery","TIER II","NABH","SEMI PRIVATE WARD","TMH018","4500.00"
"2193","Pleural Tap (TMH - Thoracic & Paediatric) (G1S19)","Cancer Surgery","TIER II","NABH","SEMI PRIVATE WARD","TMH019","4500.00"
"2194","Thorax (Trucut Biopsy) (TMH - Thoracic & Paediatric) (G1S20)","Cancer Surgery","TIER II","NABH","SEMI PRIVATE WARD","TMH020","4500.00"
"2195","Tracheostom?y (TMH - Thoracic & Paediatric) (G1S21)","Cancer Surgery","TIER II","NABH","SEMI PRIVATE WARD","TMH021","4500.00"
"2196","Trans Thoracic Needle Biopsy (TMH - Thoracic & Paediatric) (G1S22)","Cancer Surgery","TIER II","NABH","SEMI PRIVATE WARD","TMH022","4500.00"
"2197","Circumcision (TMH - Genitourinary / Gynaecology) (G1S23)","Cancer Surgery","TIER II","NABH","SEMI PRIVATE WARD","TMH023","4500.00"
"2198","Colposcopy (TMH - Genitourinary / Gynaecology) (G1S24)","Cancer Surgery","TIER II","NABH","SEMI PRIVATE WARD","TMH024","4500.00"
"2199","Dilatation & Curettage (TMH - Genitourinary / Gynaecology) (G1S25)","Cancer Surgery","TIER II","NABH","SEMI PRIVATE WARD","TMH025","4500.00"
"2200","Incision & Drainage (TMH - Genitourinary / Gynaecology) (G1S26)","Cancer Surgery","TIER II","NABH","SEMI PRIVATE WARD","TMH026","4500.00"
"2201","Testicular Biopsy (TMH - Genitourinary / Gynaecology) (G1S27)","Cancer Surgery","TIER II","NABH","SEMI PRIVATE WARD","TMH027","4500.00"
"2202","Excision Gland/Nodule (TMH - Breast) (G1S28)","Cancer Surgery","TIER II","NABH","SEMI PRIVATE WARD","TMH028","4500.00"
"2203","Alveolectomy (Upper) Per Oral (TMH - Head & Neck) (G2S1)","Cancer Surgery","TIER II","NABH","SEMI PRIVATE WARD","TMH029","11250.00"
"2204","Excision of Pinna (TMH - Head & Neck) (G2S2)","Cancer Surgery","TIER II","NABH","SEMI PRIVATE WARD","TMH030","11250.00"
"2205","Excision of Skin Malignancy - Head & Neck (TMH - Head & Neck) (G2S3)","Cancer Surgery","TIER II","NABH","SEMI PRIVATE WARD","TMH031","11250.00"
"2206","Eye Lid Tumor Excision (TMH - Head & Neck) (G2S4)","Cancer Surgery","TIER II","NABH","SEMI PRIVATE WARD","TMH032","11250.00"
"2207","Jaw Cyst Enucleation  (TMH - Head & Neck) (G2S5)","Cancer Surgery","TIER II","NABH","SEMI PRIVATE WARD","TMH033","11250.00"
"2208","Mandible Curettage (TMH - Head & Neck) (G2S6)","Cancer Surgery","TIER II","NABH","SEMI PRIVATE WARD","TMH034","11250.00"
"2209","Maxilla Curettage (TMH - Head & Neck) (G2S7)","Cancer Surgery","TIER II","NABH","SEMI PRIVATE WARD","TMH035","11250.00"
"2210","Neck Exploration (TMH - Head & Neck) (G2S8)","Cancer Surgery","TIER II","NABH","SEMI PRIVATE WARD","TMH036","11250.00"
"2211","Panendoscopy (TMH - Head & Neck) (G2S9)","Cancer Surgery","TIER II","NABH","SEMI PRIVATE WARD","TMH037","11250.00"
"2212","Submandibular gland excision (TMH - Head & Neck) (G2S10)","Cancer Surgery","TIER II","NABH","SEMI PRIVATE WARD","TMH038","11250.00"
"2213","Tongue wide excision per oral (TMH - Head & Neck) (G2S11)","Cancer Surgery","TIER II","NABH","SEMI PRIVATE WARD","TMH039","11250.00"
"2214","Tonsillectomy (TMH - Head & Neck) (G2S12)","Cancer Surgery","TIER II","NABH","SEMI PRIVATE WARD","TMH040","11250.00"
"2215","Wide Excision - Lip Lesion (TMH - Head & Neck) (G2S13)","Cancer Surgery","TIER II","NABH","SEMI PRIVATE WARD","TMH041","11250.00"
"2216","Oral cavity excision-Small lesion -Laser (TMH - Head & Neck) (G2S14)","Cancer Surgery","TIER II","NABH","SEMI PRIVATE WARD","TMH042","11250.00"
"2217","Colostomy Closure (TMH - G.I. Surgery) (G2S15)","Cancer Surgery","TIER II","NABH","SEMI PRIVATE WARD","TMH043","11250.00"
"2218","Gastrostomy (TMH - G.I. Surgery) (G2S16)","Cancer Surgery","TIER II","NABH","SEMI PRIVATE WARD","TMH044","11250.00"
"2219","Gastrotomy (TMH - G.I. Surgery) (G2S17)","Cancer Surgery","TIER II","NABH","SEMI PRIVATE WARD","TMH045","11250.00"
"2220","Ileostomy (TMH - G.I. Surgery) (G2S18)","Cancer Surgery","TIER II","NABH","SEMI PRIVATE WARD","TMH046","11250.00"
"2221","Closure Of Ileostomy (TMH - G.I. Surgery) (G2S19)","Cancer Surgery","TIER II","NABH","SEMI PRIVATE WARD","TMH047","11250.00"
"2222","Internal Stenting (TMH - G.I. Surgery) (G2S20)","Cancer Surgery","TIER II","NABH","SEMI PRIVATE WARD","TMH048","11250.00"
"2223","Exploratory Laparotomy (TMH - G.I. Surgery) (G2S21)","Cancer Surgery","TIER II","NABH","SEMI PRIVATE WARD","TMH049","11250.00"
"2224","Laparoscopy Diagnostic (TMH - G.I. Surgery) (G2S22)","Cancer Surgery","TIER II","NABH","SEMI PRIVATE WARD","TMH050","11250.00"
"2225","Amputation Of Fingers/Toes (TMH - Bone & Soft Tissue) (G2S23)","Cancer Surgery","TIER II","NABH","SEMI PRIVATE WARD","TMH051","11250.00"
"2226","Biopsy Open (TMH - Bone & Soft Tissue) (G2S24)","Cancer Surgery","TIER II","NABH","SEMI PRIVATE WARD","TMH052","11250.00"
"2227","Bronchoscopy +Esophagoscopy (Diagnostic) (TMH - Thoracic & Paediatric) (G2S25)","Cancer Surgery","TIER II","NABH","SEMI PRIVATE WARD","TMH053","11250.00"
"2228","Bronchoscopy - Therapeutic (TMH - Thoracic & Paediatric) (G2S26)","Cancer Surgery","TIER II","NABH","SEMI PRIVATE WARD","TMH054","11250.00"
"2229","Esophagoscopy - Therapeutic (TMH - Thoracic & Paediatric) (G2S27)","Cancer Surgery","TIER II","NABH","SEMI PRIVATE WARD","TMH055","11250.00"
"2230","Exploratory Laparotomy/Thoracotomy (Inoperable) (TMH - Thoracic & Paediatric) (G2S28)","Cancer Surgery","TIER II","NABH","SEMI PRIVATE WARD","TMH056","11250.00"
"2231","Hickman Catheterisation (TMH - Thoracic & Paediatric) (G2S29)","Cancer Surgery","TIER II","NABH","SEMI PRIVATE WARD","TMH057","11250.00"
"2232","Nonresectable Esophageal Ca. Exploration (TMH - Thoracic & Paediatric) (G2S30)","Cancer Surgery","TIER II","NABH","SEMI PRIVATE WARD","TMH058","11250.00"
"2233","Pleurodesis Talc (TMH - Thoracic & Paediatric) (G2S31)","Cancer Surgery","TIER II","NABH","SEMI PRIVATE WARD","TMH059","11250.00"
"2234","Secondary Suturing (Thoracic) (TMH - Thoracic & Paediatric) (G2S32)","Cancer Surgery","TIER II","NABH","SEMI PRIVATE WARD","TMH060","11250.00"
"2235","Thoracoscopic Pleurodesis (TMH - Thoracic & Paediatric) (G2S33)","Cancer Surgery","TIER II","NABH","SEMI PRIVATE WARD","TMH061","11250.00"
"2236","Thoracoscopy-Diagnostic (TMH - Thoracic & Paediatric) (G2S34)","Cancer Surgery","TIER II","NABH","SEMI PRIVATE WARD","TMH062","11250.00"
"2237","Thoracotomy-Inoperable (TMH - Thoracic & Paediatric) (G2S35)","Cancer Surgery","TIER II","NABH","SEMI PRIVATE WARD","TMH063","11250.00"
"2238","Chest Wall Sinus Exploration (TMH - Thoracic & Paediatric) (G2S36)","Cancer Surgery","TIER II","NABH","SEMI PRIVATE WARD","TMH064","11250.00"
"2239","Peneumonectomy Partial/Total (TMH - Thoracic & Paediatric) (G2S37)","Cancer Surgery","TIER II","NABH","SEMI PRIVATE WARD","TMH065","11250.00"
"2240","Conisation (TMH - Genitourinary / Gynaecology) (G2S38)","Cancer Surgery","TIER II","NABH","SEMI PRIVATE WARD","TMH066","11250.00"
"2241","Inoperable Laparotomy (TMH - Genitourinary / Gynaecology) (G2S39)","Cancer Surgery","TIER II","NABH","SEMI PRIVATE WARD","TMH067","11250.00"
"2242","Diagnostic Hysteroscopy (TMH - Genitourinary / Gynaecology) (G2S40)","Cancer Surgery","TIER II","NABH","SEMI PRIVATE WARD","TMH068","11250.00"
"2243","Bilateral Orchidectomy (TMH - Genitourinary / Gynaecology) (G2S41)","Cancer Surgery","TIER II","NABH","SEMI PRIVATE WARD","TMH069","11250.00"
"2244","Cystoscopy (TMH - Genitourinary / Gynaecology) (G2S42)","Cancer Surgery","TIER II","NABH","SEMI PRIVATE WARD","TMH070","11250.00"
"2245","Inguinal Node Biopsy (TMH - Genitourinary / Gynaecology) (G2S43)","Cancer Surgery","TIER II","NABH","SEMI PRIVATE WARD","TMH071","11250.00"
"2246","Meatoplasty (TMH - Genitourinary / Gynaecology) (G2S44)","Cancer Surgery","TIER II","NABH","SEMI PRIVATE WARD","TMH072","11250.00"
"2247","Prostate Biopsy (TMH - Genitourinary / Gynaecology) (G2S45)","Cancer Surgery","TIER II","NABH","SEMI PRIVATE WARD","TMH073","11250.00"
"2248","Urethral Dilatation (TMH - Genitourinary / Gynaecology) (G2S46)","Cancer Surgery","TIER II","NABH","SEMI PRIVATE WARD","TMH074","11250.00"
"2249","Reconstruction with Skin/Mucosal Graft (TMH - Plastic & Reconstructive) (G2S47)","Cancer Surgery","TIER II","NABH","SEMI PRIVATE WARD","TMH075","11250.00"
"2250","Microdochectomy (TMH - Breast) (G2S48)","Cancer Surgery","TIER II","NABH","SEMI PRIVATE WARD","TMH076","11250.00"
"2251","S/C Fossa Gland Dissection (TMH - Breast) (G2S49)","Cancer Surgery","TIER II","NABH","SEMI PRIVATE WARD","TMH077","11250.00"
"2252","Breast Lumpectomy Alone (TMH - Breast) (G2S50)","Cancer Surgery","TIER II","NABH","SEMI PRIVATE WARD","TMH078","11250.00"
"2253","Buccal/Mucosa wide excision Cheek Flap (TMH - Head & Neck) (G3S1)","Cancer Surgery","TIER II","NABH","SEMI PRIVATE WARD","TMH079","18000.00"
"2254","Central Compartment Clearance (TMH - Head & Neck) (G3S2)","Cancer Surgery","TIER II","NABH","SEMI PRIVATE WARD","TMH080","18000.00"
"2255","Ethmoidectomy (TMH - Head & Neck) (G3S3)","Cancer Surgery","TIER II","NABH","SEMI PRIVATE WARD","TMH081","18000.00"
"2256","Excision of parapharyngeal mass (TMH - Head & Neck) (G3S4)","Cancer Surgery","TIER II","NABH","SEMI PRIVATE WARD","TMH082","18000.00"
"2257","Excision STS Neck / Mass Neck (TMH - Head & Neck) (G3S5)","Cancer Surgery","TIER II","NABH","SEMI PRIVATE WARD","TMH083","18000.00"
"2258","Jaw Tumour Excision (TMH - Head & Neck) (G3S6)","Cancer Surgery","TIER II","NABH","SEMI PRIVATE WARD","TMH084","18000.00"
"2259","Laser Subglottic Tracheal Stenosis (TMH - Head & Neck) (G3S8)","Cancer Surgery","TIER II","NABH","SEMI PRIVATE WARD","TMH085","18000.00"
"2260","Laser Fulguration - Respiratory Papilloma (TMH - Head & Neck) (G3S9)","Cancer Surgery","TIER II","NABH","SEMI PRIVATE WARD","TMH086","18000.00"
"2261","Neck Dissection-Functional/Modified/Supra omohyoid (TMH - Head & Neck) (G3S10)","Cancer Surgery","TIER II","NABH","SEMI PRIVATE WARD","TMH087","18000.00"
"2262","Orbital mass excision (TMH - Head & Neck) (G3S11)","Cancer Surgery","TIER II","NABH","SEMI PRIVATE WARD","TMH088","18000.00"
"2263","Parathyroid excision (TMH - Head & Neck) (G3S12)","Cancer Surgery","TIER II","NABH","SEMI PRIVATE WARD","TMH089","18000.00"
"2264","Pharyngectomy-Partial (TMH - Head & Neck) (G3S13)","Cancer Surgery","TIER II","NABH","SEMI PRIVATE WARD","TMH090","18000.00"
"2265","Premaxillectomy (TMH - Head & Neck) (G3S14)","Cancer Surgery","TIER II","NABH","SEMI PRIVATE WARD","TMH091","18000.00"
"2266","Scalp tumor+skull bone excision (TMH - Head & Neck) (G3S15)","Cancer Surgery","TIER II","NABH","SEMI PRIVATE WARD","TMH092","18000.00"
"2267","Thyroid-Hemi/Subtotal/Total Thyroidectomy (TMH - Head & Neck) (G3S16)","Cancer Surgery","TIER II","NABH","SEMI PRIVATE WARD","TMH093","18000.00"
"2268","Tongue wide excision per oral with neck dissection (TMH - Head & Neck) (G3S17)","Cancer Surgery","TIER II","NABH","SEMI PRIVATE WARD","TMH094","18000.00"
"2269","Tracheal wall partial resection (TMH - Head & Neck) (G3S18)","Cancer Surgery","TIER II","NABH","SEMI PRIVATE WARD","TMH095","18000.00"
"2270","Wide excision floor of the mouth/Neck (TMH - Head & Neck) (G3S19)","Cancer Surgery","TIER II","NABH","SEMI PRIVATE WARD","TMH096","18000.00"
"2271","Wide excision -Lip and Neck (TMH - Head & Neck) (G3S20)","Cancer Surgery","TIER II","NABH","SEMI PRIVATE WARD","TMH097","18000.00"
"2272","Laser exciston-Supraglottic (TMH - Head & Neck) (G3S21)","Cancer Surgery","TIER II","NABH","SEMI PRIVATE WARD","TMH098","18000.00"
"2273","Buccal/Mucosa wide excision - Peroral (TMH - Head & Neck) (G3S22)","Cancer Surgery","TIER II","NABH","SEMI PRIVATE WARD","TMH099","18000.00"
"2274","Enucleation of the Eye (TMH - Head & Neck) (G3S23)","Cancer Surgery","TIER II","NABH","SEMI PRIVATE WARD","TMH100","18000.00"
"2275","Eye lid (upper/lower) Excision with reconstruction (TMH - Head & Neck) (G3S24)","Cancer Surgery","TIER II","NABH","SEMI PRIVATE WARD","TMH101","18000.00"
"2276","Floor of the Mouth - Wide excision (TMH - Head & Neck) (G3S25)","Cancer Surgery","TIER II","NABH","SEMI PRIVATE WARD","TMH102","18000.00"
"2277","Laser Aretynoidectomy (TMH - Head & Neck) (G3S26)","Cancer Surgery","TIER II","NABH","SEMI PRIVATE WARD","TMH103","18000.00"
"2278","Hemiglossectomy - Peroral (TMH - Head & Neck) (G3S27)","Cancer Surgery","TIER II","NABH","SEMI PRIVATE WARD","TMH104","18000.00"
"2279","Micro laryngoscopy Chord stripping (Laser)/Laser excision Chordectomy (TMH - Head & Neck) (G3S28)","Cancer Surgery","TIER II","NABH","SEMI PRIVATE WARD","TMH105","18000.00"
"2280","Oral cavity excision-Large lesion Laser (TMH - Head & Neck) (G3S29)","Cancer Surgery","TIER II","NABH","SEMI PRIVATE WARD","TMH106","18000.00"
"2281","Abdominal Mass Excision (TMH - G.I. Surgery) (G3S30)","Cancer Surgery","TIER II","NABH","SEMI PRIVATE WARD","TMH107","18000.00"
"2282","Cholecystectomy (TMH - G.I. Surgery) (G3S31)","Cancer Surgery","TIER II","NABH","SEMI PRIVATE WARD","TMH108","18000.00"
"2283","Cholecysto-Jejunostomy (TMH - G.I. Surgery) (G3S32)","Cancer Surgery","TIER II","NABH","SEMI PRIVATE WARD","TMH109","18000.00"
"2284","Choledocho-Duodenostomy (TMH - G.I. Surgery) (G3S33)","Cancer Surgery","TIER II","NABH","SEMI PRIVATE WARD","TMH110","18000.00"
"2285","Colectomy Revision (TMH - G.I. Surgery) (G3S34)","Cancer Surgery","TIER II","NABH","SEMI PRIVATE WARD","TMH111","18000.00"
"2286","Colon (Resection Anastomosis) (TMH - G.I. Surgery) (G3S35)","Cancer Surgery","TIER II","NABH","SEMI PRIVATE WARD","TMH112","18000.00"
"2287","Colon (Left Hemicolectomy/Right Hemicolectomy/Sigmoid Colectomy/Transverse-Colectomy) (TMH - G.I. Surgery) (G3S36)","Cancer Surgery","TIER II","NABH","SEMI PRIVATE WARD","TMH113","18000.00"
"2288","Colonic By-Pass (Multiple/Single) (TMH - G.I. Surgery) (G3S37)","Cancer Surgery","TIER II","NABH","SEMI PRIVATE WARD","TMH114","18000.00"
"2289","Colostomy With Closure (TMH - G.I. Surgery) (G3S38)","Cancer Surgery","TIER II","NABH","SEMI PRIVATE WARD","TMH115","18000.00"
"2290","Duodenotomy (TMH - G.I. Surgery) (G3S39)","Cancer Surgery","TIER II","NABH","SEMI PRIVATE WARD","TMH116","18000.00"
"2291","Gastric Wedge Resection (TMH - G.I. Surgery) (G3S40)","Cancer Surgery","TIER II","NABH","SEMI PRIVATE WARD","TMH117","18000.00"
"2292","Gastro-Jejunostomy (TMH - G.I. Surgery) (G3S41)","Cancer Surgery","TIER II","NABH","SEMI PRIVATE WARD","TMH118","18000.00"
"2293","Hepatic Excision (TMH - G.I. Surgery) (G3S42)","Cancer Surgery","TIER II","NABH","SEMI PRIVATE WARD","TMH119","18000.00"
"2294","Hepatic Port Placement/Port Removal (TMH - G.I. Surgery) (G3S43)","Cancer Surgery","TIER II","NABH","SEMI PRIVATE WARD","TMH120","18000.00"
"2295","Laparoscopy Therapeutic/ Exploratory (TMH - G.I. Surgery) (G3S44)","Cancer Surgery","TIER II","NABH","SEMI PRIVATE WARD","TMH121","18000.00"
"2296","Laparotomy For Staging (TMH - G.I. Surgery) (G3S45)","Cancer Surgery","TIER II","NABH","SEMI PRIVATE WARD","TMH122","18000.00"
"2297","Pancreas Triple Bypass (TMH - G.I. Surgery) (G3S46)","Cancer Surgery","TIER II","NABH","SEMI PRIVATE WARD","TMH123","18000.00"
"2298","Rectum Local Excision (TMH - G.I. Surgery) (G3S47)","Cancer Surgery","TIER II","NABH","SEMI PRIVATE WARD","TMH124","18000.00"
"2299","Small Bowel By-Pass (Multiple)/(Single) (TMH - G.I. Surgery) (G3S48)","Cancer Surgery","TIER II","NABH","SEMI PRIVATE WARD","TMH125","18000.00"
"2300","Small Bowel Resection Anastomosis (TMH - G.I. Surgery) (G3S49)","Cancer Surgery","TIER II","NABH","SEMI PRIVATE WARD","TMH126","18000.00"
"2301","Splenectomy (TMH - G.I. Surgery) (G3S50)","Cancer Surgery","TIER II","NABH","SEMI PRIVATE WARD","TMH127","18000.00"
"2302","Amputation Above Elbow/Below Elbow (TMH - Bone & Soft Tissue) (G3S51)","Cancer Surgery","TIER II","NABH","SEMI PRIVATE WARD","TMH128","18000.00"
"2303","Amputation Above Knee/Below Knee (TMH - Bone & Soft Tissue) (G3S52)","Cancer Surgery","TIER II","NABH","SEMI PRIVATE WARD","TMH129","18000.00"
"2304","Clavicle Excision (TMH - Bone & Soft Tissue) (G3S53)","Cancer Surgery","TIER II","NABH","SEMI PRIVATE WARD","TMH130","18000.00"
"2305","Extracorporeal Irradiation (TMH - Bone & Soft Tissue) (G3S54)","Cancer Surgery","TIER II","NABH","SEMI PRIVATE WARD","TMH131","18000.00"
"2306","Fibula Lower End Reconstruction (TMH - Bone & Soft Tissue) (G3S55)","Cancer Surgery","TIER II","NABH","SEMI PRIVATE WARD","TMH132","18000.00"
"2307","Fibulectomy (TMH - Bone & Soft Tissue) (G3S56)","Cancer Surgery","TIER II","NABH","SEMI PRIVATE WARD","TMH133","18000.00"
"2308","Groin + Iliac Node Dissection (TMH - Bone & Soft Tissue) (G3S57)","Cancer Surgery","TIER II","NABH","SEMI PRIVATE WARD","TMH134","18000.00"
"2309","Groin Node Dissection (TMH - Bone & Soft Tissue) (G3S58)","Cancer Surgery","TIER II","NABH","SEMI PRIVATE WARD","TMH135","18000.00"
"2310","Knee Arthrodesis (TMH - Bone & Soft Tissue) (G3S59)","Cancer Surgery","TIER II","NABH","SEMI PRIVATE WARD","TMH136","18000.00"
"2311","Muscle Group Excision (TMH - Bone & Soft Tissue) (G3S60)","Cancer Surgery","TIER II","NABH","SEMI PRIVATE WARD","TMH137","18000.00"
"2312","Open Biopsy of Vertebra (TMH - Bone & Soft Tissue) (G3S61)","Cancer Surgery","TIER II","NABH","SEMI PRIVATE WARD","TMH138","18000.00"
"2313","Radius Lower End Excision (TMH - Bone & Soft Tissue) (G3S62)","Cancer Surgery","TIER II","NABH","SEMI PRIVATE WARD","TMH139","18000.00"
"2314","Ray Amputation (TMH - Bone & Soft Tissue) (G3S63)","Cancer Surgery","TIER II","NABH","SEMI PRIVATE WARD","TMH140","18000.00"
"2315","Scapulectomy Partial/Total (TMH - Bone & Soft Tissue) (G3S64)","Cancer Surgery","TIER II","NABH","SEMI PRIVATE WARD","TMH141","18000.00"
"2316","Shoulder Disarticulation (TMH - Bone & Soft Tissue) (G3S65)","Cancer Surgery","TIER II","NABH","SEMI PRIVATE WARD","TMH142","18000.00"
"2317","Soft Tissue Wide Excision (TMH - Bone & Soft Tissue) (G3S66)","Cancer Surgery","TIER II","NABH","SEMI PRIVATE WARD","TMH143","18000.00"
"2318","Soft Tissue Wide Excision + Implant (TMH - Bone & Soft Tissue) (G3S67)","Cancer Surgery","TIER II","NABH","SEMI PRIVATE WARD","TMH144","18000.00"
"2319","Soft Tissue Wide Excision + SSG (TMH - Bone & Soft Tissue) (G3S68)","Cancer Surgery","TIER II","NABH","SEMI PRIVATE WARD","TMH145","18000.00"
"2320","Ulna Lower End Excision (TMH - Bone & Soft Tissue) (G3S69)","Cancer Surgery","TIER II","NABH","SEMI PRIVATE WARD","TMH146","18000.00"
"2321","External Fixation (TMH - Bone & Soft Tissue) (G3S70)","Cancer Surgery","TIER II","NABH","SEMI PRIVATE WARD","TMH147","18000.00"
"2322","Talar/Calcaneal Resection (TMH - Bone & Soft Tissue) (G3S71)","Cancer Surgery","TIER II","NABH","SEMI PRIVATE WARD","TMH148","18000.00"
"2323","Percutaneous Vertebral Biopsy (TMH - Bone & Soft Tissue) (G3S72)","Cancer Surgery","TIER II","NABH","SEMI PRIVATE WARD","TMH149","18000.00"
"2324","Bone Grafting (TMH - Bone & Soft Tissue) (G3S73)","Cancer Surgery","TIER II","NABH","SEMI PRIVATE WARD","TMH150","18000.00"
"2325","Popliteal Clearance of Nodes (TMH - Bone & Soft Tissue) (G3S74)","Cancer Surgery","TIER II","NABH","SEMI PRIVATE WARD","TMH151","18000.00"
"2326","Amputation (Paediatric) (TMH - Thoracic & Paediatric) (G3S75)","Cancer Surgery","TIER II","NABH","SEMI PRIVATE WARD","TMH152","18000.00"
"2327","Anterior Mediastinotomy (TMH - Thoracic & Paediatric) (G3S76)","Cancer Surgery","TIER II","NABH","SEMI PRIVATE WARD","TMH153","18000.00"
"2328","Bronchial Stent Placement (TMH - Thoracic & Paediatric) (G3S77)","Cancer Surgery","TIER II","NABH","SEMI PRIVATE WARD","TMH154","18000.00"
"2329","Bulla Stapling (TMH - Thoracic & Paediatric) (G3S78)","Cancer Surgery","TIER II","NABH","SEMI PRIVATE WARD","TMH155","18000.00"
"2330","Cervical Esophagostomy (TMH - Thoracic & Paediatric) (G3S79)","Cancer Surgery","TIER II","NABH","SEMI PRIVATE WARD","TMH156","18000.00"
"2331","Chest Wall Excision Without Reconstruction (TMH - Thoracic & Paediatric) (G3S80)","Cancer Surgery","TIER II","NABH","SEMI PRIVATE WARD","TMH157","18000.00"
"2332","Esophagoscopic Stent (TMH - Thoracic & Paediatric) (G3S81)","Cancer Surgery","TIER II","NABH","SEMI PRIVATE WARD","TMH158","18000.00"
"2333","Excision/Pericardiac Window Open (TMH - Thoracic & Paediatric) (G3S82)","Cancer Surgery","TIER II","NABH","SEMI PRIVATE WARD","TMH159","18000.00"
"2334","Gastric By-Pass (TMH - Thoracic & Paediatric) (G3S83)","Cancer Surgery","TIER II","NABH","SEMI PRIVATE WARD","TMH160","18000.00"
"2335","Lung Wedge Resection (TMH - Thoracic & Paediatric) (G3S84)","Cancer Surgery","TIER II","NABH","SEMI PRIVATE WARD","TMH161","18000.00"
"2336","Mediastinal Lymph Node Dissection (TMH - Thoracic & Paediatric) (G3S85)","Cancer Surgery","TIER II","NABH","SEMI PRIVATE WARD","TMH162","18000.00"
"2337","Mediastinoscopy (TMH - Thoracic & Paediatric) (G3S86)","Cancer Surgery","TIER II","NABH","SEMI PRIVATE WARD","TMH163","18000.00"
"2338","Metastatectomy (Single Lung) (TMH - Thoracic & Paediatric) (G3S87)","Cancer Surgery","TIER II","NABH","SEMI PRIVATE WARD","TMH164","18000.00"
"2339","Palliative Bowel Bypass (TMH - Thoracic & Paediatric) (G3S88)","Cancer Surgery","TIER II","NABH","SEMI PRIVATE WARD","TMH165","18000.00"
"2340","Pericardiectomy (TMH - Thoracic & Paediatric) (G3S89)","Cancer Surgery","TIER II","NABH","SEMI PRIVATE WARD","TMH166","18000.00"
"2341","Retinoblastoma Excision (Paediatric) (TMH - Thoracic & Paediatric) (G3S90)","Cancer Surgery","TIER II","NABH","SEMI PRIVATE WARD","TMH167","18000.00"
"2342","Retroperitoneal Lymph Node Biopsy (Exploration) (TMH - Thoracic & Paediatric) (G3S91)","Cancer Surgery","TIER II","NABH","SEMI PRIVATE WARD","TMH168","18000.00"
"2343","STS Excision (Paediatric) (TMH - Thoracic & Paediatric) (G3S92)","Cancer Surgery","TIER II","NABH","SEMI PRIVATE WARD","TMH169","18000.00"
"2344","Thoracoscopy-Therapeutic (TMH - Thoracic & Paediatric) (G3S93)","Cancer Surgery","TIER II","NABH","SEMI PRIVATE WARD","TMH170","18000.00"
"2345","Thorax Re-Exploration (TMH - Thoracic & Paediatric) (G3S94)","Cancer Surgery","TIER II","NABH","SEMI PRIVATE WARD","TMH171","18000.00"
"2346","Jejunostomy/Gastrostomy (TMH - Thoracic & Paediatric) (G3S95)","Cancer Surgery","TIER II","NABH","SEMI PRIVATE WARD","TMH172","18000.00"
"2347","Rib Excision Only (TMH - Thoracic & Paediatric) (G3S96)","Cancer Surgery","TIER II","NABH","SEMI PRIVATE WARD","TMH173","18000.00"
"2348","Burst Abdomen Suturing (TMH - Thoracic & Paediatric) (G3S97)","Cancer Surgery","TIER II","NABH","SEMI PRIVATE WARD","TMH174","18000.00"
"2349","Exploration Emergency (TMH - Genitourinary / Gynaecology) (G3S98)","Cancer Surgery","TIER II","NABH","SEMI PRIVATE WARD","TMH175","18000.00"
"2350","Groin Node Dissection (Unilateral) (TMH - Genitourinary / Gynaecology) (G3S99)","Cancer Surgery","TIER II","NABH","SEMI PRIVATE WARD","TMH176","18000.00"
"2351","Excision of Ovarian Mass/Cyst (TMH - Genitourinary / Gynaecology) (G3S100)","Cancer Surgery","TIER II","NABH","SEMI PRIVATE WARD","TMH177","18000.00"
"2352","Second Look Laparoscopy (TMH - Genitourinary / Gynaecology) (G3S101)","Cancer Surgery","TIER II","NABH","SEMI PRIVATE WARD","TMH178","18000.00"
"2353","Second Look Laparotomy (TMH - Genitourinary / Gynaecology) (G3S102)","Cancer Surgery","TIER II","NABH","SEMI PRIVATE WARD","TMH179","18000.00"
"2354","TAH (Total Abdominal Hysterectomy) (TMH - Genitourinary / Gynaecology) (G3S103)","Cancer Surgery","TIER II","NABH","SEMI PRIVATE WARD","TMH180","18000.00"
"2355","TAH+ Bilateral Salpingo-Oopherectomy (TMH - Genitourinary / Gynaecology) (G3S104)","Cancer Surgery","TIER II","NABH","SEMI PRIVATE WARD","TMH181","18000.00"
"2356","TAH + BSO + Node Sampling (TMH - Genitourinary / Gynaecology) (G3S105)","Cancer Surgery","TIER II","NABH","SEMI PRIVATE WARD","TMH182","18000.00"
"2357","Vulva Hemivulvectomy (TMH - Genitourinary / Gynaecology) (G3S106)","Cancer Surgery","TIER II","NABH","SEMI PRIVATE WARD","TMH183","18000.00"
"2358","Vulva Wide Excision (TMH - Genitourinary / Gynaecology) (G3S107)","Cancer Surgery","TIER II","NABH","SEMI PRIVATE WARD","TMH184","18000.00"
"2359","Operative Hysteroscopy (TMH - Genitourinary / Gynaecology) (G3S108)","Cancer Surgery","TIER II","NABH","SEMI PRIVATE WARD","TMH185","18000.00"
"2360","Lymphocoele Drainage (TMH - Genitourinary / Gynaecology) (G3S109)","Cancer Surgery","TIER II","NABH","SEMI PRIVATE WARD","TMH186","18000.00"
"2361","Colostomy/Ileostomy Closure (TMH - Genitourinary / Gynaecology) (G3S110)","Cancer Surgery","TIER II","NABH","SEMI PRIVATE WARD","TMH187","18000.00"
"2362","Cystoscopy + DJ Stenting (TMH - Genitourinary / Gynaecology) (G3S111)","Cancer Surgery","TIER II","NABH","SEMI PRIVATE WARD","TMH188","18000.00"
"2363","Cystostomy - Suprapubic (TMH - Genitourinary / Gynaecology) (G3S112)","Cancer Surgery","TIER II","NABH","SEMI PRIVATE WARD","TMH189","18000.00"
"2364","High Orchidectomy (TMH - Genitourinary / Gynaecology) (G3S113)","Cancer Surgery","TIER II","NABH","SEMI PRIVATE WARD","TMH190","18000.00"
"2365","Scrotectomy (TMH - Genitourinary / Gynaecology) (G3S114)","Cancer Surgery","TIER II","NABH","SEMI PRIVATE WARD","TMH191","18000.00"
"2366","Autograft Flap Reconstruction (Breast) (TMH - Plastic & Reconstructive) (G3S115)","Cancer Surgery","TIER II","NABH","SEMI PRIVATE WARD","TMH192","18000.00"
"2367","Implant Reconstruction (Breast) (TMH - Plastic & Reconstructive) (G3S116)","Cancer Surgery","TIER II","NABH","SEMI PRIVATE WARD","TMH193","18000.00"
"2368","Interpolated Flap Reconstruction-Extremity (TMH - Plastic & Reconstructive) (G3S117)","Cancer Surgery","TIER II","NABH","SEMI PRIVATE WARD","TMH194","18000.00"
"2369","Local Flap Reconstruction (Extremity) (TMH - Plastic & Reconstructive) (G3S118)","Cancer Surgery","TIER II","NABH","SEMI PRIVATE WARD","TMH195","18000.00"
"2370","Reconstruction with Anatomical Closure (TMH - Plastic & Reconstructive) (G3S119)","Cancer Surgery","TIER II","NABH","SEMI PRIVATE WARD","TMH196","18000.00"
"2371","Reconstruction with Local Skin/Mucosal Flap (TMH - Plastic & Reconstructive) (G3S120)","Cancer Surgery","TIER II","NABH","SEMI PRIVATE WARD","TMH197","18000.00"
"2372","Reconstruction with Single Flap (H & N) (TMH - Plastic & Reconstructive) (G3S121)","Cancer Surgery","TIER II","NABH","SEMI PRIVATE WARD","TMH198","18000.00"
"2373","More than 2 Intermediate Procedures (TMH - Breast) (G3S122)","Cancer Surgery","TIER II","NABH","SEMI PRIVATE WARD","TMH199","18000.00"
"2374","Alveolus Composite Resection/Commando (TMH - Head & Neck) (G4S1)","Cancer Surgery","TIER II","NABH","SEMI PRIVATE WARD","TMH200","22500.00"
"2375","Bite Excision/Composite (TMH - Head & Neck) (G4S2)","Cancer Surgery","TIER II","NABH","SEMI PRIVATE WARD","TMH201","22500.00"
"2376","Buccal/Mucosa Composite Resection/Commando (TMH - Head & Neck) (G4S3)","Cancer Surgery","TIER II","NABH","SEMI PRIVATE WARD","TMH202","22500.00"
"2377","Composite Resection - Tonsil (TMH - Head & Neck) (G4S4)","Cancer Surgery","TIER II","NABH","SEMI PRIVATE WARD","TMH203","22500.00"
"2378","Floor of the Mouth - Composite Resection (TMH - Head & Neck) (G4S5)","Cancer Surgery","TIER II","NABH","SEMI PRIVATE WARD","TMH204","22500.00"
"2379","Hemiglossectomy peroral + neck dissection (TMH - Head & Neck) (G4S6)","Cancer Surgery","TIER II","NABH","SEMI PRIVATE WARD","TMH205","22500.00"
"2380","Neck Dissection - Bilateral (TMH - Head & Neck) (G4S7)","Cancer Surgery","TIER II","NABH","SEMI PRIVATE WARD","TMH206","22500.00"
"2381","Parotidectomy with neck dissection (TMH - Head & Neck) (G4S8)","Cancer Surgery","TIER II","NABH","SEMI PRIVATE WARD","TMH207","22500.00"
"2382","Thyroidectomy (Hemi/Subtotal/Total) with neck dissection (TMH - Head & Neck) (G4S9)","Cancer Surgery","TIER II","NABH","SEMI PRIVATE WARD","TMH208","22500.00"
"2383","Tongue/Floor of the Mouth - Pull through neck (TMH - Head & Neck) (G4S10)","Cancer Surgery","TIER II","NABH","SEMI PRIVATE WARD","TMH209","22500.00"
"2384","Tongue composite resection/Commando  (TMH - Head & Neck) (G4S11)","Cancer Surgery","TIER II","NABH","SEMI PRIVATE WARD","TMH210","22500.00"
"2385","Tracheal resection with anastomosis (TMH - Head & Neck) (G4S12)","Cancer Surgery","TIER II","NABH","SEMI PRIVATE WARD","TMH211","22500.00"
"2386","Glosectomy - Anterior 2/3rd (TMH - Head & Neck) (G4S13)","Cancer Surgery","TIER II","NABH","SEMI PRIVATE WARD","TMH212","22500.00"
"2387","Endoscopic Laser excision for Hypopharynx (TMH - Head & Neck) (G4S14)","Cancer Surgery","TIER II","NABH","SEMI PRIVATE WARD","TMH213","22500.00"
"2388","Laryngectomy Near Total (TMH - Head & Neck) (G4S15)","Cancer Surgery","TIER II","NABH","SEMI PRIVATE WARD","TMH214","22500.00"
"2389","Laryngectomy - Partial (TMH - Head & Neck) (G4S16)","Cancer Surgery","TIER II","NABH","SEMI PRIVATE WARD","TMH215","22500.00"
"2390","Laryngectomy - Total (TMH - Head & Neck) (G4S17)","Cancer Surgery","TIER II","NABH","SEMI PRIVATE WARD","TMH216","22500.00"
"2391","Laser fulguration/Excision Trachea (TMH - Head & Neck) (G4S18)","Cancer Surgery","TIER II","NABH","SEMI PRIVATE WARD","TMH217","22500.00"
"2392","Mandibulectomy- Hemi./Marginal/Segmental including middle 1/3rd (TMH - Head & Neck) (G4S19)","Cancer Surgery","TIER II","NABH","SEMI PRIVATE WARD","TMH218","22500.00"
"2393","Maxillectomy - Median/Partial/Total/Total with exenteration (TMH - Head & Neck) (G4S20)","Cancer Surgery","TIER II","NABH","SEMI PRIVATE WARD","TMH219","22500.00"
"2394","Glossectomy Total (TMH - Head & Neck) (G4S21)","Cancer Surgery","TIER II","NABH","SEMI PRIVATE WARD","TMH220","22500.00"
"2395","Parotidectomy - Radical/Superficial/Total (TMH - Head & Neck) (G4S22)","Cancer Surgery","TIER II","NABH","SEMI PRIVATE WARD","TMH221","22500.00"
"2396","Abdominoperineal Resection (TMH - G.I. Surgery) (G4S23)","Cancer Surgery","TIER II","NABH","SEMI PRIVATE WARD","TMH222","22500.00"
"2397","Cholecystectomy Radical (TMH - G.I. Surgery) (G4S24)","Cancer Surgery","TIER II","NABH","SEMI PRIVATE WARD","TMH223","22500.00"
"2398","Colectomy Total (TMH - G.I. Surgery) (G4S25)","Cancer Surgery","TIER II","NABH","SEMI PRIVATE WARD","TMH224","22500.00"
"2399","Gastrectomy (Bilroth-1)/(Bilroth-2) Distal Radical (TMH - G.I. Surgery) (G4S26)","Cancer Surgery","TIER II","NABH","SEMI PRIVATE WARD","TMH225","22500.00"
"2400","Gastrectomy Proximal Radical (TMH - G.I. Surgery) (G4S27)","Cancer Surgery","TIER II","NABH","SEMI PRIVATE WARD","TMH226","22500.00"
"2401","Hepatico-Jejunostomy (TMH - G.I. Surgery) (G4S28)","Cancer Surgery","TIER II","NABH","SEMI PRIVATE WARD","TMH227","22500.00"
"2402","Rectum Anterior Resection (TMH - G.I. Surgery) (G4S29)","Cancer Surgery","TIER II","NABH","SEMI PRIVATE WARD","TMH228","22500.00"
"2403","Colostomy (TMH - G.I. Surgery) (G4S30)","Cancer Surgery","TIER II","NABH","SEMI PRIVATE WARD","TMH229","22500.00"
"2404","Colectomy Subtotal (TMH - G.I. Surgery) (G4S31)","Cancer Surgery","TIER II","NABH","SEMI PRIVATE WARD","TMH230","22500.00"
"2405","Colo-Rectal Anastomosis (TMH - G.I. Surgery) (G4S32)","Cancer Surgery","TIER II","NABH","SEMI PRIVATE WARD","TMH231","22500.00"
"2406","Cysto-Gastrostomy (TMH - G.I. Surgery) (G4S33)","Cancer Surgery","TIER II","NABH","SEMI PRIVATE WARD","TMH232","22500.00"
"2407","Duodenum Partial Excision (TMH - G.I. Surgery) (G4S34)","Cancer Surgery","TIER II","NABH","SEMI PRIVATE WARD","TMH233","22500.00"
"2408","Gastrectomy - Partial (TMH - G.I. Surgery) (G4S35)","Cancer Surgery","TIER II","NABH","SEMI PRIVATE WARD","TMH234","22500.00"
"2409","Hepatectomy - Left Lateral (TMH - G.I. Surgery) (G4S36)","Cancer Surgery","TIER II","NABH","SEMI PRIVATE WARD","TMH235","22500.00"
"2410","Hepatic Metastatectomy (TMH - G.I. Surgery) (G4S37)","Cancer Surgery","TIER II","NABH","SEMI PRIVATE WARD","TMH236","22500.00"
"2411","Hepatic Wedge Excision (TMH - G.I. Surgery) (G4S38)","Cancer Surgery","TIER II","NABH","SEMI PRIVATE WARD","TMH237","22500.00"
"2412","Pancreas Tumor Enucleation (TMH - G.I. Surgery) (G4S39)","Cancer Surgery","TIER II","NABH","SEMI PRIVATE WARD","TMH238","22500.00"
"2413","Pancreatectomy - Distal (TMH - G.I. Surgery) (G4S40)","Cancer Surgery","TIER II","NABH","SEMI PRIVATE WARD","TMH239","22500.00"
"2414","Pancreatic Fistula Closure (TMH - G.I. Surgery) (G4S41)","Cancer Surgery","TIER II","NABH","SEMI PRIVATE WARD","TMH240","22500.00"
"2415","Peustow's Procedure (TMH - G.I. Surgery) (G4S42)","Cancer Surgery","TIER II","NABH","SEMI PRIVATE WARD","TMH241","22500.00"
"2416","Re-Exploration (TMH - G.I. Surgery) (G4S43)","Cancer Surgery","TIER II","NABH","SEMI PRIVATE WARD","TMH242","22500.00"
"2417","Segmental Hepatecomy (TMH - G.I. Surgery) (G4S44)","Cancer Surgery","TIER II","NABH","SEMI PRIVATE WARD","TMH243","22500.00"
"2418","Amputation - Forequarter (TMH - Bone & Soft Tissue) (G4S45)","Cancer Surgery","TIER II","NABH","SEMI PRIVATE WARD","TMH244","22500.00"
"2419","Centralization Of Ulna With Arthrodesis (TMH - Bone & Soft Tissue) (G4S46)","Cancer Surgery","TIER II","NABH","SEMI PRIVATE WARD","TMH245","22500.00"
"2420","Elbow Replacement (TMH - Bone & Soft Tissue) (G4S47)","Cancer Surgery","TIER II","NABH","SEMI PRIVATE WARD","TMH246","22500.00"
"2421","En Bloc Upper Humerus Excision (TMH - Bone & Soft Tissue) (G4S48)","Cancer Surgery","TIER II","NABH","SEMI PRIVATE WARD","TMH247","22500.00"
"2422","Hip Replacement (TMH - Bone & Soft Tissue) (G4S49)","Cancer Surgery","TIER II","NABH","SEMI PRIVATE WARD","TMH248","22500.00"
"2423","Knee Total Replacement (TMH - Bone & Soft Tissue) (G4S50)","Cancer Surgery","TIER II","NABH","SEMI PRIVATE WARD","TMH249","22500.00"
"2424","Paraspinal Tumor Excision (TMH - Bone & Soft Tissue) (G4S51)","Cancer Surgery","TIER II","NABH","SEMI PRIVATE WARD","TMH250","22500.00"
"2425","Sacral Chordomas (TMH - Bone & Soft Tissue) (G4S52)","Cancer Surgery","TIER II","NABH","SEMI PRIVATE WARD","TMH251","22500.00"
"2426","Segmental Resection Lower Limb + Replacement (TMH - Bone & Soft Tissue) (G4S53)","Cancer Surgery","TIER II","NABH","SEMI PRIVATE WARD","TMH252","22500.00"
"2427","Silastic Replacement (TMH - Bone & Soft Tissue) (G4S54)","Cancer Surgery","TIER II","NABH","SEMI PRIVATE WARD","TMH253","22500.00"
"2428","Silastic Replacement of Hand (TMH - Bone & Soft Tissue) (G4S55)","Cancer Surgery","TIER II","NABH","SEMI PRIVATE WARD","TMH254","22500.00"
"2429","Soft Tissue Wide Excision + Reconstruction (TMH - Bone & Soft Tissue) (G4S56)","Cancer Surgery","TIER II","NABH","SEMI PRIVATE WARD","TMH255","22500.00"
"2430","Tikhoff Linberg (TMH - Bone & Soft Tissue) (G4S57)","Cancer Surgery","TIER II","NABH","SEMI PRIVATE WARD","TMH256","22500.00"
"2431","Internal Fixation of Fractures (TMH - Bone & Soft Tissue) (G4S58)","Cancer Surgery","TIER II","NABH","SEMI PRIVATE WARD","TMH257","22500.00"
"2432","Radius Lower End Excision + Wrist Fusion (TMH - Bone & Soft Tissue) (G4S59)","Cancer Surgery","TIER II","NABH","SEMI PRIVATE WARD","TMH258","22500.00"
"2433","Shoulder/Elbow Arthrodesis (TMH - Bone & Soft Tissue) (G4S60)","Cancer Surgery","TIER II","NABH","SEMI PRIVATE WARD","TMH259","22500.00"
"2434","Hip Arthrodesis (TMH - Bone & Soft Tissue) (G4S61)","Cancer Surgery","TIER II","NABH","SEMI PRIVATE WARD","TMH260","22500.00"
"2435","Ilizarov Procedure (TMH - Bone & Soft Tissue) (G4S62)","Cancer Surgery","TIER II","NABH","SEMI PRIVATE WARD","TMH261","22500.00"
"2436","Ankle Arthrodesis (TMH - Bone & Soft Tissue) (G4S63)","Cancer Surgery","TIER II","NABH","SEMI PRIVATE WARD","TMH262","22500.00"
"2437","Curettage + Cement / Bone Graft (TMH - Bone & Soft Tissue) (G4S64)","Cancer Surgery","TIER II","NABH","SEMI PRIVATE WARD","TMH263","22500.00"
"2438","Hip Disarticulation (TMH - Bone & Soft Tissue) (G4S65)","Cancer Surgery","TIER II","NABH","SEMI PRIVATE WARD","TMH264","22500.00"
"2439","Spinal Decompression (TMH - Bone & Soft Tissue) (G4S66)","Cancer Surgery","TIER II","NABH","SEMI PRIVATE WARD","TMH265","22500.00"
"2440","B.P. Fistula Repair (TMH - Thoracic & Paediatric) (G4S67)","Cancer Surgery","TIER II","NABH","SEMI PRIVATE WARD","TMH266","22500.00"
"2441","Bronchial Sleeve Resection (TMH - Thoracic & Paediatric) (G4S68)","Cancer Surgery","TIER II","NABH","SEMI PRIVATE WARD","TMH267","22500.00"
"2442","Chest Wall Excision With Any Lung Operation (TMH - Thoracic & Paediatric) (G4S69)","Cancer Surgery","TIER II","NABH","SEMI PRIVATE WARD","TMH268","22500.00"
"2443","Chest Wall Excision With Reconstruction (TMH - Thoracic & Paediatric) (G4S70)","Cancer Surgery","TIER II","NABH","SEMI PRIVATE WARD","TMH269","22500.00"
"2444","Coloplasty (TMH - Thoracic & Paediatric) (G4S71)","Cancer Surgery","TIER II","NABH","SEMI PRIVATE WARD","TMH270","22500.00"
"2445","Esophagus R.A. (TMH - Thoracic & Paediatric) (G4S72)","Cancer Surgery","TIER II","NABH","SEMI PRIVATE WARD","TMH271","22500.00"
"2446","Hemipelvectomy (Paediatric) (TMH - Thoracic & Paediatric) (G4S73)","Cancer Surgery","TIER II","NABH","SEMI PRIVATE WARD","TMH272","22500.00"
"2447","Lobectomy/Bi-lobectomy (Pulmonary) (TMH - Thoracic & Paediatric) (G4S74)","Cancer Surgery","TIER II","NABH","SEMI PRIVATE WARD","TMH273","22500.00"
"2448","Metastatectomy (Both Lungs) (TMH - Thoracic & Paediatric) (G4S75)","Cancer Surgery","TIER II","NABH","SEMI PRIVATE WARD","TMH274","22500.00"
"2449","Thoracoscopic Pleurectomy (TMH - Thoracic & Paediatric) (G4S76)","Cancer Surgery","TIER II","NABH","SEMI PRIVATE WARD","TMH275","22500.00"
"2450","Orbital Exenteration (Paediatric) (TMH - Thoracic & Paediatric) (G4S77)","Cancer Surgery","TIER II","NABH","SEMI PRIVATE WARD","TMH276","22500.00"
"2451","Radical Nephrectomy (Paediatric) (TMH - Thoracic & Paediatric) (G4S78)","Cancer Surgery","TIER II","NABH","SEMI PRIVATE WARD","TMH277","22500.00"
"2452","Thoracoscopic Excision (TMH - Thoracic & Paediatric) (G4S79)","Cancer Surgery","TIER II","NABH","SEMI PRIVATE WARD","TMH278","22500.00"
"2453","Tracheal Stent (TMH - Thoracic & Paediatric) (G4S80)","Cancer Surgery","TIER II","NABH","SEMI PRIVATE WARD","TMH279","22500.00"
"2454","High Orchidectomy + Scrotectomy (TMH - Genitourinary / Gynaecology) (G4S81)","Cancer Surgery","TIER II","NABH","SEMI PRIVATE WARD","TMH280","22500.00"
"2455","Urethrotomy Visual Internal (TMH - Genitourinary / Gynaecology) (G4S82)","Cancer Surgery","TIER II","NABH","SEMI PRIVATE WARD","TMH281","22500.00"
"2456","Bladder Tumor Trans Urethral Resection (TMH - Genitourinary / Gynaecology) (G4S83)","Cancer Surgery","TIER II","NABH","SEMI PRIVATE WARD","TMH282","22500.00"
"2457","Colostomy + Urinary Diversion (TMH - Genitourinary / Gynaecology) (G4S84)","Cancer Surgery","TIER II","NABH","SEMI PRIVATE WARD","TMH283","22500.00"
"2458","TAH+ BSO + Omentectomy (TMH - Genitourinary / Gynaecology) (G4S85)","Cancer Surgery","TIER II","NABH","SEMI PRIVATE WARD","TMH284","22500.00"
"2459","Excision of Undescended Testis Tumor (TMH - Genitourinary / Gynaecology) (G4S86)","Cancer Surgery","TIER II","NABH","SEMI PRIVATE WARD","TMH285","22500.00"
"2460","Vulvectomy - Radical (TMH - Genitourinary / Gynaecology) (G4S87)","Cancer Surgery","TIER II","NABH","SEMI PRIVATE WARD","TMH286","22500.00"
"2461","Vulvectomy - Total (TMH - Genitourinary / Gynaecology) (G4S88)","Cancer Surgery","TIER II","NABH","SEMI PRIVATE WARD","TMH287","22500.00"
"2462","Microvascular Reconstruction (Extremity) (TMH - Plastic & Reconstructive) (G4S89)","Cancer Surgery","TIER II","NABH","SEMI PRIVATE WARD","TMH288","22500.00"
"2463","Penile Reconstruction (TMH - Plastic & Reconstructive) (G4S90)","Cancer Surgery","TIER II","NABH","SEMI PRIVATE WARD","TMH289","22500.00"
"2464","Reconstruction With Double Flaps (Head and Neck) (TMH - Plastic & Reconstructive) (G4S91)","Cancer Surgery","TIER II","NABH","SEMI PRIVATE WARD","TMH290","22500.00"
"2465","Reconstruction With Interpolation - Composite Flap (TMH - Plastic & Reconstructive) (G4S92)","Cancer Surgery","TIER II","NABH","SEMI PRIVATE WARD","TMH291","22500.00"
"2466","Skeletal Reconstruction (Extremity) (TMH - Plastic & Reconstructive) (G4S93)","Cancer Surgery","TIER II","NABH","SEMI PRIVATE WARD","TMH292","22500.00"
"2467","Bilateral Mastectomy (TMH - Breast) (G4S94)","Cancer Surgery","TIER II","NABH","SEMI PRIVATE WARD","TMH293","22500.00"
"2468","Axillary Dissection Alone (TMH - Breast) (G4S95)","Cancer Surgery","TIER II","NABH","SEMI PRIVATE WARD","TMH294","22500.00"
"2469","Breast Lumpectomy + Axilla Dissection (TMH - Breast) (G4S96)","Cancer Surgery","TIER II","NABH","SEMI PRIVATE WARD","TMH295","22500.00"
"2470","Simple/Radical/Modified Radical Mastectomy (TMH - Breast) (G4S97)","Cancer Surgery","TIER II","NABH","SEMI PRIVATE WARD","TMH296","22500.00"
"2471","Radical/Simple Mastectomy (TMH - Breast) (G4S98)","Cancer Surgery","TIER II","NABH","SEMI PRIVATE WARD","TMH297","22500.00"
"2472","Anterior Craniofacial Excision (TMH - Head & Neck) (G5S1)","Cancer Surgery","TIER II","NABH","SEMI PRIVATE WARD","TMH298","31500.00"
"2473","Excision of Carotid Body Tumour (TMH - Head & Neck) (G5S2)","Cancer Surgery","TIER II","NABH","SEMI PRIVATE WARD","TMH299","31500.00"
"2474","Excision of Transnasal Angiofibroma (TMH - Head & Neck) (G5S3)","Cancer Surgery","TIER II","NABH","SEMI PRIVATE WARD","TMH300","31500.00"
"2475","Laryngopharyngectomy Total with Gastric Pull Up (TMH - Head & Neck) (G5S4)","Cancer Surgery","TIER II","NABH","SEMI PRIVATE WARD","TMH301","31500.00"
"2476","Temporal Bone Resection (TMH - Head & Neck) (G5S5)","Cancer Surgery","TIER II","NABH","SEMI PRIVATE WARD","TMH302","31500.00"
"2477","Excision of Clivus Tumour (Skull Base + Reconstruction) (TMH - Head & Neck) (G5S6)","Cancer Surgery","TIER II","NABH","SEMI PRIVATE WARD","TMH303","31500.00"
"2478","Infratemporal fossa clearance (TMH - Head & Neck) (G5S7)","Cancer Surgery","TIER II","NABH","SEMI PRIVATE WARD","TMH304","31500.00"
"2479","Colon (Total Proctocolectomy) (TMH - G.I. Surgery) (G5S8)","Cancer Surgery","TIER II","NABH","SEMI PRIVATE WARD","TMH305","31500.00"
"2480","Common Bile Duct Excision (TMH - G.I. Surgery) (G5S9)","Cancer Surgery","TIER II","NABH","SEMI PRIVATE WARD","TMH306","31500.00"
"2481","Excision Cholangiocarcinoma (TMH - G.I. Surgery) (G5S10)","Cancer Surgery","TIER II","NABH","SEMI PRIVATE WARD","TMH307","31500.00"
"2482","Gastrectomy -Total (TMH - G.I. Surgery) (G5S11)","Cancer Surgery","TIER II","NABH","SEMI PRIVATE WARD","TMH308","31500.00"
"2483","Hepatectomy -Right (TMH - G.I. Surgery) (G5S12)","Cancer Surgery","TIER II","NABH","SEMI PRIVATE WARD","TMH309","31500.00"
"2484","Multi Organ Excision (TMH - G.I. Surgery) (G5S13)","Cancer Surgery","TIER II","NABH","SEMI PRIVATE WARD","TMH310","31500.00"
"2485","Pancreatectomy -Subtotal (TMH - G.I. Surgery) (G5S14)","Cancer Surgery","TIER II","NABH","SEMI PRIVATE WARD","TMH311","31500.00"
"2486","Rectum Post Exenteration (TMH - G.I. Surgery) (G5S15)","Cancer Surgery","TIER II","NABH","SEMI PRIVATE WARD","TMH312","31500.00"
"2487","Retroperitoneal Sarcoma (TMH - G.I. Surgery) (G5S16)","Cancer Surgery","TIER II","NABH","SEMI PRIVATE WARD","TMH313","31500.00"
"2488","Knee Arthrodesis with Turnoplasty/Allograft  (TMH - Bone & Soft Tissue) (G5S17)","Cancer Surgery","TIER II","NABH","SEMI PRIVATE WARD","TMH314","31500.00"
"2489","Spinal Decompression + Reconstruction/Instrumentation  (TMH - Bone & Soft Tissue) (G5S18)","Cancer Surgery","TIER II","NABH","SEMI PRIVATE WARD","TMH315","31500.00"
"2490","Revision of Shoulder/Knee Replacement (TMH - Bone & Soft Tissue) (G5S19)","Cancer Surgery","TIER II","NABH","SEMI PRIVATE WARD","TMH316","31500.00"
"2491","En Bloc Excision + Reconstruction (TMH - Bone & Soft Tissue) (G5S20)","Cancer Surgery","TIER II","NABH","SEMI PRIVATE WARD","TMH317","31500.00"
"2492","Rotationplasty (TMH - Bone & Soft Tissue) (G5S21)","Cancer Surgery","TIER II","NABH","SEMI PRIVATE WARD","TMH318","31500.00"
"2493","Sacral Tumors (TMH - Bone & Soft Tissue) (G5S22)","Cancer Surgery","TIER II","NABH","SEMI PRIVATE WARD","TMH319","31500.00"
"2494","Bronchial + Vascular Sleeve (TMH - Thoracic & Paediatric) (G5S23)","Cancer Surgery","TIER II","NABH","SEMI PRIVATE WARD","TMH320","31500.00"
"2495","Radical Nephrectomy (Paediatric) + Bowel Excision (TMH - Thoracic & Paediatric) (G5S24)","Cancer Surgery","TIER II","NABH","SEMI PRIVATE WARD","TMH321","31500.00"
"2496","Retroperitoneal Tumor + Bowel Excision (TMH - Thoracic & Paediatric) (G5S25)","Cancer Surgery","TIER II","NABH","SEMI PRIVATE WARD","TMH322","31500.00"
"2497","Ivor Lewis (TMH - Thoracic & Paediatric) (G5S26)","Cancer Surgery","TIER II","NABH","SEMI PRIVATE WARD","TMH323","31500.00"
"2498","Mediastinal Tumor Excision (TMH - Thoracic & Paediatric) (G5S27)","Cancer Surgery","TIER II","NABH","SEMI PRIVATE WARD","TMH324","31500.00"
"2499","Pneumonectomy (TMH - Thoracic & Paediatric) (G5S28)","Cancer Surgery","TIER II","NABH","SEMI PRIVATE WARD","TMH325","31500.00"
"2500","Total Esophagectomy (Transhiatal) (TMH - Thoracic & Paediatric) (G5S29)","Cancer Surgery","TIER II","NABH","SEMI PRIVATE WARD","TMH326","31500.00"
"2501","Thymectomy (TMH - Thoracic & Paediatric) (G5S30)","Cancer Surgery","TIER II","NABH","SEMI PRIVATE WARD","TMH327","31500.00"
"2502","Nephrectomy - Radical + IVC Thrombectomy (TMH - Genitourinary / Gynaecology) (G5S31)","Cancer Surgery","TIER II","NABH","SEMI PRIVATE WARD","TMH328","31500.00"
"2503","Laparoscopy (TMH - Genitourinary / Gynaecology) (G5S32)","Cancer Surgery","TIER II","NABH","SEMI PRIVATE WARD","TMH329","31500.00"
"2504","Ureteroscopy (TMH - Genitourinary / Gynaecology) (G5S33)","Cancer Surgery","TIER II","NABH","SEMI PRIVATE WARD","TMH330","31500.00"
"2505","Cystectomy - Partial (TMH - Genitourinary / Gynaecology) (G5S34)","Cancer Surgery","TIER II","NABH","SEMI PRIVATE WARD","TMH331","31500.00"
"2506","Exploration + Ileo/Colostomy (TMH - Genitourinary / Gynaecology) (G5S35)","Cancer Surgery","TIER II","NABH","SEMI PRIVATE WARD","TMH332","31500.00"
"2507","Ileal Conduit (Bladder) (TMH - Genitourinary / Gynaecology) (G5S36)","Cancer Surgery","TIER II","NABH","SEMI PRIVATE WARD","TMH333","31500.00"
"2508","Transurethral Resection of Prostate (TMH - Genitourinary / Gynaecology) (G5S37)","Cancer Surgery","TIER II","NABH","SEMI PRIVATE WARD","TMH334","31500.00"
"2509","Ureter Resection Anastomosis (TMH - Genitourinary / Gynaecology) (G5S38)","Cancer Surgery","TIER II","NABH","SEMI PRIVATE WARD","TMH335","31500.00"
"2510","Reimplantation of Ureter(s) (TMH - Genitourinary / Gynaecology) (G5S39)","Cancer Surgery","TIER II","NABH","SEMI PRIVATE WARD","TMH336","31500.00"
"2511","Ureterectomy + Bladder Cuff (TMH - Genitourinary / Gynaecology) (G5S40)","Cancer Surgery","TIER II","NABH","SEMI PRIVATE WARD","TMH337","31500.00"
"2512","Urethrectomy (TMH - Genitourinary / Gynaecology) (G5S41)","Cancer Surgery","TIER II","NABH","SEMI PRIVATE WARD","TMH338","31500.00"
"2513","Ureteroscopic Resection (TMH - Genitourinary / Gynaecology) (G5S42)","Cancer Surgery","TIER II","NABH","SEMI PRIVATE WARD","TMH339","31500.00"
"2514","Continent Urinary Diversion (TMH - Genitourinary / Gynaecology) (G5S43)","Cancer Surgery","TIER II","NABH","SEMI PRIVATE WARD","TMH340","31500.00"
"2515","Neobladder (TMH - Genitourinary / Gynaecology) (G5S44)","Cancer Surgery","TIER II","NABH","SEMI PRIVATE WARD","TMH341","31500.00"
"2516","Nephrectomy - Radical (TMH - Genitourinary / Gynaecology) (G5S45)","Cancer Surgery","TIER II","NABH","SEMI PRIVATE WARD","TMH342","31500.00"
"2517","Nephroureterectomy (TMH - Genitourinary / Gynaecology) (G5S46)","Cancer Surgery","TIER II","NABH","SEMI PRIVATE WARD","TMH343","31500.00"
"2518","Prostatectomy - Radical (TMH - Genitourinary / Gynaecology) (G5S47)","Cancer Surgery","TIER II","NABH","SEMI PRIVATE WARD","TMH344","31500.00"
"2519","Radical Hysterectomy + Pelvic Lymphadenectomy (Wertheim's) (TMH - Genitourinary / Gynaecology) (G5S48)","Cancer Surgery","TIER II","NABH","SEMI PRIVATE WARD","TMH345","31500.00"
"2520","Laparoscopic Hysterectomy (TMH - Genitourinary / Gynaecology) (G5S49)","Cancer Surgery","TIER II","NABH","SEMI PRIVATE WARD","TMH346","31500.00"
"2521","Reconstruction With Flap (Chest & Abdominal) (TMH - Plastic & Reconstructive) (G5S50)","Cancer Surgery","TIER II","NABH","SEMI PRIVATE WARD","TMH347","31500.00"
"2522","Cervical Neuroblastoma Excision (TMH - Head & Neck) (G6S1)","Cancer Surgery","TIER II","NABH","SEMI PRIVATE WARD","TMH348","40500.00"
"2523","Combine Craniofacial Resection (TMH - Head & Neck) (G6S2)","Cancer Surgery","TIER II","NABH","SEMI PRIVATE WARD","TMH349","40500.00"
"2524","Craniotomy for posterior fossa tumors with navigation (TMH - Head & Neck) (G6S3)","Cancer Surgery","TIER II","NABH","SEMI PRIVATE WARD","TMH350","40500.00"
"2525","Craniotomy for supratentorial tumors - without navigation (TMH - Head & Neck) (G6S4)","Cancer Surgery","TIER II","NABH","SEMI PRIVATE WARD","TMH351","40500.00"
"2526","Retromastoid Craniotomy (TMH - Head & Neck) (G6S5)","Cancer Surgery","TIER II","NABH","SEMI PRIVATE WARD","TMH352","40500.00"
"2527","Skeletal Reconstruction (Head & Neck) (TMH - Head & Neck) (G6S6)","Cancer Surgery","TIER II","NABH","SEMI PRIVATE WARD","TMH353","40500.00"
"2528","Trans-sphenoidal surgery (TMH - Head & Neck) (G6S7)","Cancer Surgery","TIER II","NABH","SEMI PRIVATE WARD","TMH354","40500.00"
"2529","Abdominal Neuroblastoma Excision (TMH - G.I. Surgery) (G6S8)","Cancer Surgery","TIER II","NABH","SEMI PRIVATE WARD","TMH355","40500.00"
"2530","Abdominosacral Resection (TMH - G.I. Surgery) (G6S9)","Cancer Surgery","TIER II","NABH","SEMI PRIVATE WARD","TMH356","40500.00"
"2531","Colo-Whipple (TMH - G.I. Surgery) (G6S10)","Cancer Surgery","TIER II","NABH","SEMI PRIVATE WARD","TMH357","40500.00"
"2532","Gastrectomy (Radical) + Extended Lymphadenectomy (TMH - G.I. Surgery) (G6S11)","Cancer Surgery","TIER II","NABH","SEMI PRIVATE WARD","TMH358","40500.00"
"2533","Hepatectomy Left Extended (TMH - G.I. Surgery) (G6S12)","Cancer Surgery","TIER II","NABH","SEMI PRIVATE WARD","TMH359","40500.00"
"2534","Jejunal Transposition (TMH - G.I. Surgery) (G6S13)","Cancer Surgery","TIER II","NABH","SEMI PRIVATE WARD","TMH360","40500.00"
"2535","Pancreatectomy - Total (TMH - G.I. Surgery) (G6S14)","Cancer Surgery","TIER II","NABH","SEMI PRIVATE WARD","TMH361","40500.00"
"2536","Pancreatectomy - Whipple's Procedure (TMH - G.I. Surgery) (G6S15)","Cancer Surgery","TIER II","NABH","SEMI PRIVATE WARD","TMH362","40500.00"
"2537","Pancreaticoduodenctomy (TMH - G.I. Surgery) (G6S16)","Cancer Surgery","TIER II","NABH","SEMI PRIVATE WARD","TMH363","40500.00"
"2538","Total Esophagectomy (Trans Thoracic) (TMH - G.I. Surgery) (G6S17)","Cancer Surgery","TIER II","NABH","SEMI PRIVATE WARD","TMH364","40500.00"
"2539","Tracheal Resection (TMH - G.I. Surgery) (G6S18)","Cancer Surgery","TIER II","NABH","SEMI PRIVATE WARD","TMH365","40500.00"
"2540","Excision of Cholangiocarcinoma + Liver Resection (TMH - G.I. Surgery) (G6S19)","Cancer Surgery","TIER II","NABH","SEMI PRIVATE WARD","TMH366","40500.00"
"2541","Laminectomy for intramedullary tumors (TMH - Bone & Soft Tissue) (G6S20)","Cancer Surgery","TIER II","NABH","SEMI PRIVATE WARD","TMH367","40500.00"
"2542","Sacral tumors excision (combined approach) (TMH - Bone & Soft Tissue) (G6S21)","Cancer Surgery","TIER II","NABH","SEMI PRIVATE WARD","TMH368","40500.00"
"2543","Thoracic Surgery (Combination of two or more) (TMH - Thoracic & Paediatric) (G6S22)","Cancer Surgery","TIER II","NABH","SEMI PRIVATE WARD","TMH369","40500.00"
"2544","Thoracoscopic Lobectomy/ Pneumonectomy (TMH - Thoracic & Paediatric) (G6S23)","Cancer Surgery","TIER II","NABH","SEMI PRIVATE WARD","TMH370","40500.00"
"2545","Thymectomy with Vascular Surgery/Lung (TMH - Thoracic & Paediatric) (G6S24)","Cancer Surgery","TIER II","NABH","SEMI PRIVATE WARD","TMH371","40500.00"
"2546","Thyroidectomy with Tracheal Resection (TMH - Thoracic & Paediatric) (G6S25)","Cancer Surgery","TIER II","NABH","SEMI PRIVATE WARD","TMH372","40500.00"
"2547","Mediastinal Neuroblastoma Excision (TMH - Thoracic & Paediatric) (G6S26)","Cancer Surgery","TIER II","NABH","SEMI PRIVATE WARD","TMH373","40500.00"
"2548","Excision of Adrenal Tumor + Nephrectomy (TMH - Genitourinary / Gynaecology) (G6S27)","Cancer Surgery","TIER II","NABH","SEMI PRIVATE WARD","TMH374","40500.00"
"2549","Exenteration Anterior/Posterior (TMH - Genitourinary / Gynaecology) (G6S29)","Cancer Surgery","TIER II","NABH","SEMI PRIVATE WARD","TMH375","40500.00"
"2550","Hemipelvectomy - External (TMH - Genitourinary / Gynaecology) (G6S30)","Cancer Surgery","TIER II","NABH","SEMI PRIVATE WARD","TMH376","40500.00"
"2551","Hemipelvectomy - Internal (TMH - Genitourinary / Gynaecology) (G6S31)","Cancer Surgery","TIER II","NABH","SEMI PRIVATE WARD","TMH377","40500.00"
"2552","Hepatectomy Right Extended (TMH - Genitourinary / Gynaecology) (G6S32)","Cancer Surgery","TIER II","NABH","SEMI PRIVATE WARD","TMH378","40500.00"
"2553","Laparoscopic Exenteration (Anterior) (TMH - Genitourinary / Gynaecology) (G6S33)","Cancer Surgery","TIER II","NABH","SEMI PRIVATE WARD","TMH379","40500.00"
"2554","Laparoscopic Exenteration (Posterior) (TMH - Genitourinary / Gynaecology) (G6S34)","Cancer Surgery","TIER II","NABH","SEMI PRIVATE WARD","TMH380","40500.00"
"2555","Laparoscopic Exenteration (Total) (TMH - Genitourinary / Gynaecology) (G6S35)","Cancer Surgery","TIER II","NABH","SEMI PRIVATE WARD","TMH381","40500.00"
"2556","Laparoscopic Nephrectomy (TMH - Genitourinary / Gynaecology) (G6S36)","Cancer Surgery","TIER II","NABH","SEMI PRIVATE WARD","TMH382","40500.00"
"2557","Laparoscopic Radical Hysterectomy (TMH - Genitourinary / Gynaecology) (G6S37)","Cancer Surgery","TIER II","NABH","SEMI PRIVATE WARD","TMH383","40500.00"
"2558","Laparoscopic Retroperitoneal Node Dissection (TMH - Genitourinary / Gynaecology) (G6S38)","Cancer Surgery","TIER II","NABH","SEMI PRIVATE WARD","TMH384","40500.00"
"2559","Nephrectomy - Partial (TMH - Genitourinary / Gynaecology) (G6S39)","Cancer Surgery","TIER II","NABH","SEMI PRIVATE WARD","TMH385","40500.00"
"2560","Pelvic Exenteration Total (TMH - Genitourinary / Gynaecology) (G6S40)","Cancer Surgery","TIER II","NABH","SEMI PRIVATE WARD","TMH386","40500.00"
"2561","Pelvic Neuroblastoma Excision (TMH - Genitourinary / Gynaecology) (G6S41)","Cancer Surgery","TIER II","NABH","SEMI PRIVATE WARD","TMH387","40500.00"
"2562","Pelvic Posterior Exenteration (TMH - Genitourinary / Gynaecology) (G6S42)","Cancer Surgery","TIER II","NABH","SEMI PRIVATE WARD","TMH388","40500.00"
"2563","Radical Cystectomy (TMH - Genitourinary / Gynaecology) (G6S43)","Cancer Surgery","TIER II","NABH","SEMI PRIVATE WARD","TMH389","40500.00"
"2564","Retroperitoneal Lymph Node Dissection with Nerve Sparing (TMH - Genitourinary / Gynaecology) (G6S44)","Cancer Surgery","TIER II","NABH","SEMI PRIVATE WARD","TMH390","40500.00"
"2565","Retroperitoneal Lymphadenectomy (TMH - Genitourinary / Gynaecology) (G6S45)","Cancer Surgery","TIER II","NABH","SEMI PRIVATE WARD","TMH391","40500.00"
"2566","Retroperitoneal Sarcoma + Visceral Excision (TMH - Genitourinary / Gynaecology) (G6S46)","Cancer Surgery","TIER II","NABH","SEMI PRIVATE WARD","TMH392","40500.00"
"2567","Retroperitoneal Tumor + Excision of Ureter (TMH - Genitourinary / Gynaecology) (G6S47)","Cancer Surgery","TIER II","NABH","SEMI PRIVATE WARD","TMH393","40500.00"
"2568","Retroperitoneal Tumor Excision (TMH - Genitourinary / Gynaecology) (G6S48)","Cancer Surgery","TIER II","NABH","SEMI PRIVATE WARD","TMH394","40500.00"
"2569","TAH + BSO + Omento + Node Dissection (TMH - Genitourinary / Gynaecology) (G6S49)","Cancer Surgery","TIER II","NABH","SEMI PRIVATE WARD","TMH395","40500.00"
"2570","TAH + BSO + Pelvic Lymphadenectomy + Para-aortic Lymphadenectomy (TMH - Genitourinary / Gynaecology) (G6S50)","Cancer Surgery","TIER II","NABH","SEMI PRIVATE WARD","TMH396","40500.00"
"2571","Cytoreductive Surgery (TMH - Genitourinary / Gynaecology) (G6S51)","Cancer Surgery","TIER II","NABH","SEMI PRIVATE WARD","TMH397","40500.00"
"2572","Groin Node Dissection (Bilateral) (TMH - Genitourinary / Gynaecology) (G6S52)","Cancer Surgery","TIER II","NABH","SEMI PRIVATE WARD","TMH398","40500.00"
"2573","Laparoscopic Pelvic Node Dissection (TMH - Genitourinary / Gynaecology) (G6S53)","Cancer Surgery","TIER II","NABH","SEMI PRIVATE WARD","TMH399","40500.00"
"2574","Exenteration - Total (TMH - Genitourinary / Gynaecology) (G6S54)","Cancer Surgery","TIER II","NABH","SEMI PRIVATE WARD","TMH400","40500.00"
"2575","Urethroplasty (TMH - Plastic & Reconstructive) (G6S55)","Cancer Surgery","TIER II","NABH","SEMI PRIVATE WARD","TMH401","40500.00"
"2576","Vaginal Reconstruction (TMH - Plastic & Reconstructive) (G6S56)","Cancer Surgery","TIER II","NABH","SEMI PRIVATE WARD","TMH402","40500.00"
"2577","Micro Vascular Breast Reconstruction (TMH - Breast) (G6S57)","Cancer Surgery","TIER II","NABH","SEMI PRIVATE WARD","TMH403","40500.00"
"2578","Anaesthesia Fees - Grade I","Cancer Surgery","TIER II","NABH","SEMI PRIVATE WARD","TMH404","2430.00"
"2579","Anaesthesia Fees - Grade II","Cancer Surgery","TIER II","NABH","SEMI PRIVATE WARD","TMH405","4500.00"
"2580","Anaesthesia Fees - Grade III","Cancer Surgery","TIER II","NABH","SEMI PRIVATE WARD","TMH406","7200.00"
"2581","Anaesthesia Fees - Grade IV","Cancer Surgery","TIER II","NABH","SEMI PRIVATE WARD","TMH407","9000.00"
"2582","Anaesthesia Fees - Grade V","Cancer Surgery","TIER II","NABH","SEMI PRIVATE WARD","TMH408","12600.00"
"2583","Anaesthesia Fees - Grade VI","Cancer Surgery","TIER II","NABH","SEMI PRIVATE WARD","TMH409","16200.00"
"2584","Minor OT - Service Charges","Cancer Surgery","TIER II","NABH","SEMI PRIVATE WARD","TMH410","900.00"
"2585","Minor OT - Surgery Charges","Cancer Surgery","TIER II","NABH","SEMI PRIVATE WARD","TMH411","783.00"
"2586","Minor OT - Drugs/Consumables (Without GA)","Cancer Surgery","TIER II","NABH","SEMI PRIVATE WARD","TMH412","450.00"
"2587","Minor OT - Drugs/Consumables (With GA)","Cancer Surgery","TIER II","NABH","SEMI PRIVATE WARD","TMH413","675.00"
"2588","Major OT - Service Charges - Less than 2 Hrs.","Cancer Surgery","TIER II","NABH","SEMI PRIVATE WARD","TMH414","4500.00"
"2589","Major OT - Service Charges - 2 to 4 Hrs","Cancer Surgery","TIER II","NABH","SEMI PRIVATE WARD","TMH415","9000.00"
"2590","Major OT -Service Charges - More than 4 Hrs","Cancer Surgery","TIER II","NABH","SEMI PRIVATE WARD","TMH416","18000.00"
"2591","Unspecified Code(Medical)2","All specialities","TIER II","NABH","SEMI PRIVATE WARD","US002","Unlisted.00"
"2592","Drugs","All specialities","TIER II","NABH","SEMI PRIVATE WARD","US003","Unlisted.00"
"2593","Consumables","All specialities","TIER II","NABH","SEMI PRIVATE WARD","US004","Unlisted.00"
"2594","Day Care Charges (Accomidation only )","Ward charges","TIER II","NABH","SEMI PRIVATE WARD","WC002","1500.00"

